/*--------------------------------*- C++ -*----------------------------------*\
| =========                 |                                                 |
| \\      /  F ield         | OpenFOAM: The Open Source CFD Toolbox           |
|  \\    /   O peration     | Version:  2606                                  |
|   \\  /    A nd           | Website:  www.openfoam.com                      |
|    \\/     M anipulation  |                                                 |
\*---------------------------------------------------------------------------*/
FoamFile
{
    version     2.0;
    format      ascii;
    arch        "LSB;label=32;scalar=64";
    class       faceList;
    location    "constant/holder/polyMesh";
    object      faces;
}
// * * * * * * * * * * * * * * * * * * * * * * * * * * * * * * * * * * * * * //


10364
(
4(1 28 865 838)
4(27 864 865 28)
4(837 838 865 864)
4(2 29 866 839)
4(28 865 866 29)
4(838 839 866 865)
4(3 30 867 840)
4(29 866 867 30)
4(839 840 867 866)
4(4 31 868 841)
4(30 867 868 31)
4(840 841 868 867)
4(5 32 869 842)
4(31 868 869 32)
4(841 842 869 868)
4(6 33 870 843)
4(32 869 870 33)
4(842 843 870 869)
4(7 34 871 844)
4(33 870 871 34)
4(843 844 871 870)
4(8 35 872 845)
4(34 871 872 35)
4(844 845 872 871)
4(9 36 873 846)
4(35 872 873 36)
4(845 846 873 872)
4(10 37 874 847)
4(36 873 874 37)
4(846 847 874 873)
4(11 38 875 848)
4(37 874 875 38)
4(847 848 875 874)
4(12 39 876 849)
4(38 875 876 39)
4(848 849 876 875)
4(13 40 877 850)
4(39 876 877 40)
4(849 850 877 876)
4(14 41 878 851)
4(40 877 878 41)
4(850 851 878 877)
4(15 42 879 852)
4(41 878 879 42)
4(851 852 879 878)
4(16 43 880 853)
4(42 879 880 43)
4(852 853 880 879)
4(17 44 881 854)
4(43 880 881 44)
4(853 854 881 880)
4(18 45 882 855)
4(44 881 882 45)
4(854 855 882 881)
4(19 46 883 856)
4(45 882 883 46)
4(855 856 883 882)
4(20 47 884 857)
4(46 883 884 47)
4(856 857 884 883)
4(21 48 885 858)
4(47 884 885 48)
4(857 858 885 884)
4(22 49 886 859)
4(48 885 886 49)
4(858 859 886 885)
4(23 50 887 860)
4(49 886 887 50)
4(859 860 887 886)
4(24 51 888 861)
4(50 887 888 51)
4(860 861 888 887)
4(25 52 889 862)
4(51 888 889 52)
4(861 862 889 888)
4(52 889 890 53)
4(862 863 890 889)
4(28 55 892 865)
4(54 891 892 55)
4(864 865 892 891)
4(29 56 893 866)
4(55 892 893 56)
4(865 866 893 892)
4(30 57 894 867)
4(56 893 894 57)
4(866 867 894 893)
4(31 58 895 868)
4(57 894 895 58)
4(867 868 895 894)
4(32 59 896 869)
4(58 895 896 59)
4(868 869 896 895)
4(33 60 897 870)
4(59 896 897 60)
4(869 870 897 896)
4(34 61 898 871)
4(60 897 898 61)
4(870 871 898 897)
4(35 62 899 872)
4(61 898 899 62)
4(871 872 899 898)
4(36 63 900 873)
4(62 899 900 63)
4(872 873 900 899)
4(37 64 901 874)
4(63 900 901 64)
4(873 874 901 900)
4(38 65 902 875)
4(64 901 902 65)
4(874 875 902 901)
4(39 66 903 876)
4(65 902 903 66)
4(875 876 903 902)
4(40 67 904 877)
4(66 903 904 67)
4(876 877 904 903)
4(41 68 905 878)
4(67 904 905 68)
4(877 878 905 904)
4(42 69 906 879)
4(68 905 906 69)
4(878 879 906 905)
4(43 70 907 880)
4(69 906 907 70)
4(879 880 907 906)
4(44 71 908 881)
4(70 907 908 71)
4(880 881 908 907)
4(45 72 909 882)
4(71 908 909 72)
4(881 882 909 908)
4(46 73 910 883)
4(72 909 910 73)
4(882 883 910 909)
4(47 74 911 884)
4(73 910 911 74)
4(883 884 911 910)
4(48 75 912 885)
4(74 911 912 75)
4(884 885 912 911)
4(49 76 913 886)
4(75 912 913 76)
4(885 886 913 912)
4(50 77 914 887)
4(76 913 914 77)
4(886 887 914 913)
4(51 78 915 888)
4(77 914 915 78)
4(887 888 915 914)
4(52 79 916 889)
4(78 915 916 79)
4(888 889 916 915)
4(79 916 917 80)
4(889 890 917 916)
4(55 82 919 892)
4(81 918 919 82)
4(891 892 919 918)
4(56 83 920 893)
4(82 919 920 83)
4(892 893 920 919)
4(57 84 921 894)
4(83 920 921 84)
4(893 894 921 920)
4(58 85 922 895)
4(84 921 922 85)
4(894 895 922 921)
4(59 86 923 896)
4(85 922 923 86)
4(895 896 923 922)
4(60 87 924 897)
4(86 923 924 87)
4(896 897 924 923)
4(61 88 925 898)
4(87 924 925 88)
4(897 898 925 924)
4(62 89 926 899)
4(88 925 926 89)
4(898 899 926 925)
4(63 90 927 900)
4(89 926 927 90)
4(899 900 927 926)
4(64 91 928 901)
4(90 927 928 91)
4(900 901 928 927)
4(65 92 929 902)
4(91 928 929 92)
4(901 902 929 928)
4(66 93 930 903)
4(92 929 930 93)
4(902 903 930 929)
4(67 94 931 904)
4(93 930 931 94)
4(903 904 931 930)
4(68 95 932 905)
4(94 931 932 95)
4(904 905 932 931)
4(69 96 933 906)
4(95 932 933 96)
4(905 906 933 932)
4(70 97 934 907)
4(96 933 934 97)
4(906 907 934 933)
4(71 98 935 908)
4(97 934 935 98)
4(907 908 935 934)
4(72 99 936 909)
4(98 935 936 99)
4(908 909 936 935)
4(73 100 937 910)
4(99 936 937 100)
4(909 910 937 936)
4(74 101 938 911)
4(100 937 938 101)
4(910 911 938 937)
4(75 102 939 912)
4(101 938 939 102)
4(911 912 939 938)
4(76 103 940 913)
4(102 939 940 103)
4(912 913 940 939)
4(77 104 941 914)
4(103 940 941 104)
4(913 914 941 940)
4(78 105 942 915)
4(104 941 942 105)
4(914 915 942 941)
4(79 106 943 916)
4(105 942 943 106)
4(915 916 943 942)
4(106 943 944 107)
4(916 917 944 943)
4(82 109 946 919)
4(108 945 946 109)
4(918 919 946 945)
4(83 110 947 920)
4(109 946 947 110)
4(919 920 947 946)
4(84 111 948 921)
4(110 947 948 111)
4(920 921 948 947)
4(85 112 949 922)
4(111 948 949 112)
4(921 922 949 948)
4(86 113 950 923)
4(112 949 950 113)
4(922 923 950 949)
4(87 114 951 924)
4(113 950 951 114)
4(923 924 951 950)
4(88 115 952 925)
4(114 951 952 115)
4(924 925 952 951)
4(89 116 953 926)
4(115 952 953 116)
4(925 926 953 952)
4(90 117 954 927)
4(116 953 954 117)
4(926 927 954 953)
4(91 118 955 928)
4(117 954 955 118)
4(927 928 955 954)
4(92 119 956 929)
4(118 955 956 119)
4(928 929 956 955)
4(93 120 957 930)
4(119 956 957 120)
4(929 930 957 956)
4(94 121 958 931)
4(120 957 958 121)
4(930 931 958 957)
4(95 122 959 932)
4(121 958 959 122)
4(931 932 959 958)
4(96 123 960 933)
4(122 959 960 123)
4(932 933 960 959)
4(97 124 961 934)
4(123 960 961 124)
4(933 934 961 960)
4(98 125 962 935)
4(124 961 962 125)
4(934 935 962 961)
4(99 126 963 936)
4(125 962 963 126)
4(935 936 963 962)
4(100 127 964 937)
4(126 963 964 127)
4(936 937 964 963)
4(101 128 965 938)
4(127 964 965 128)
4(937 938 965 964)
4(102 129 966 939)
4(128 965 966 129)
4(938 939 966 965)
4(103 130 967 940)
4(129 966 967 130)
4(939 940 967 966)
4(104 131 968 941)
4(130 967 968 131)
4(940 941 968 967)
4(105 132 969 942)
4(131 968 969 132)
4(941 942 969 968)
4(106 133 970 943)
4(132 969 970 133)
4(942 943 970 969)
4(133 970 971 134)
4(943 944 971 970)
4(109 136 973 946)
4(135 972 973 136)
4(945 946 973 972)
4(110 137 974 947)
4(136 973 974 137)
4(946 947 974 973)
4(111 138 975 948)
4(137 974 975 138)
4(947 948 975 974)
4(112 139 976 949)
4(138 975 976 139)
4(948 949 976 975)
4(113 140 977 950)
4(139 976 977 140)
4(949 950 977 976)
4(114 141 978 951)
4(140 977 978 141)
4(950 951 978 977)
4(115 142 979 952)
4(141 978 979 142)
4(951 952 979 978)
4(116 143 980 953)
4(142 979 980 143)
4(952 953 980 979)
4(117 144 981 954)
4(143 980 981 144)
4(953 954 981 980)
4(118 145 982 955)
4(144 981 982 145)
4(954 955 982 981)
4(119 146 983 956)
4(145 982 983 146)
4(955 956 983 982)
4(120 147 984 957)
4(146 983 984 147)
4(956 957 984 983)
4(121 148 985 958)
4(147 984 985 148)
4(957 958 985 984)
4(122 149 986 959)
4(148 985 986 149)
4(958 959 986 985)
4(123 150 987 960)
4(149 986 987 150)
4(959 960 987 986)
4(124 151 988 961)
4(150 987 988 151)
4(960 961 988 987)
4(125 152 989 962)
4(151 988 989 152)
4(961 962 989 988)
4(126 153 990 963)
4(152 989 990 153)
4(962 963 990 989)
4(127 154 991 964)
4(153 990 991 154)
4(963 964 991 990)
4(128 155 992 965)
4(154 991 992 155)
4(964 965 992 991)
4(129 156 993 966)
4(155 992 993 156)
4(965 966 993 992)
4(130 157 994 967)
4(156 993 994 157)
4(966 967 994 993)
4(131 158 995 968)
4(157 994 995 158)
4(967 968 995 994)
4(132 159 996 969)
4(158 995 996 159)
4(968 969 996 995)
4(133 160 997 970)
4(159 996 997 160)
4(969 970 997 996)
4(160 997 998 161)
4(970 971 998 997)
4(136 163 1000 973)
4(162 999 1000 163)
4(972 973 1000 999)
4(137 164 1001 974)
4(163 1000 1001 164)
4(973 974 1001 1000)
4(138 165 1002 975)
4(164 1001 1002 165)
4(974 975 1002 1001)
4(139 166 1003 976)
4(165 1002 1003 166)
4(975 976 1003 1002)
4(140 167 1004 977)
4(166 1003 1004 167)
4(976 977 1004 1003)
4(141 168 1005 978)
4(167 1004 1005 168)
4(977 978 1005 1004)
4(142 169 1006 979)
4(168 1005 1006 169)
4(978 979 1006 1005)
4(143 170 1007 980)
4(169 1006 1007 170)
4(979 980 1007 1006)
4(144 171 1008 981)
4(170 1007 1008 171)
4(980 981 1008 1007)
4(145 172 1009 982)
4(171 1008 1009 172)
4(981 982 1009 1008)
4(146 173 1010 983)
4(172 1009 1010 173)
4(982 983 1010 1009)
4(147 174 1011 984)
4(173 1010 1011 174)
4(983 984 1011 1010)
4(148 175 1012 985)
4(174 1011 1012 175)
4(984 985 1012 1011)
4(149 176 1013 986)
4(175 1012 1013 176)
4(985 986 1013 1012)
4(150 177 1014 987)
4(176 1013 1014 177)
4(986 987 1014 1013)
4(151 178 1015 988)
4(177 1014 1015 178)
4(987 988 1015 1014)
4(152 179 1016 989)
4(178 1015 1016 179)
4(988 989 1016 1015)
4(153 180 1017 990)
4(179 1016 1017 180)
4(989 990 1017 1016)
4(154 181 1018 991)
4(180 1017 1018 181)
4(990 991 1018 1017)
4(155 182 1019 992)
4(181 1018 1019 182)
4(991 992 1019 1018)
4(156 183 1020 993)
4(182 1019 1020 183)
4(992 993 1020 1019)
4(157 184 1021 994)
4(183 1020 1021 184)
4(993 994 1021 1020)
4(158 185 1022 995)
4(184 1021 1022 185)
4(994 995 1022 1021)
4(159 186 1023 996)
4(185 1022 1023 186)
4(995 996 1023 1022)
4(160 187 1024 997)
4(186 1023 1024 187)
4(996 997 1024 1023)
4(187 1024 1025 188)
4(997 998 1025 1024)
4(163 190 1027 1000)
4(189 1026 1027 190)
4(999 1000 1027 1026)
4(164 191 1028 1001)
4(190 1027 1028 191)
4(1000 1001 1028 1027)
4(165 192 1029 1002)
4(191 1028 1029 192)
4(1001 1002 1029 1028)
4(166 193 1030 1003)
4(192 1029 1030 193)
4(1002 1003 1030 1029)
4(167 194 1031 1004)
4(193 1030 1031 194)
4(1003 1004 1031 1030)
4(168 195 1032 1005)
4(194 1031 1032 195)
4(1004 1005 1032 1031)
4(169 196 1033 1006)
4(195 1032 1033 196)
4(1005 1006 1033 1032)
4(170 197 1034 1007)
4(196 1033 1034 197)
4(1006 1007 1034 1033)
4(171 198 1035 1008)
4(197 1034 1035 198)
4(1007 1008 1035 1034)
4(172 199 1036 1009)
4(198 1035 1036 199)
4(1008 1009 1036 1035)
4(173 200 1037 1010)
4(199 1036 1037 200)
4(1009 1010 1037 1036)
4(174 201 1038 1011)
4(200 1037 1038 201)
4(1010 1011 1038 1037)
4(175 202 1039 1012)
4(201 1038 1039 202)
4(1011 1012 1039 1038)
4(176 203 1040 1013)
4(202 1039 1040 203)
4(1012 1013 1040 1039)
4(177 204 1041 1014)
4(203 1040 1041 204)
4(1013 1014 1041 1040)
4(178 205 1042 1015)
4(204 1041 1042 205)
4(1014 1015 1042 1041)
4(179 206 1043 1016)
4(205 1042 1043 206)
4(1015 1016 1043 1042)
4(180 207 1044 1017)
4(206 1043 1044 207)
4(1016 1017 1044 1043)
4(181 208 1045 1018)
4(207 1044 1045 208)
4(1017 1018 1045 1044)
4(182 209 1046 1019)
4(208 1045 1046 209)
4(1018 1019 1046 1045)
4(183 210 1047 1020)
4(209 1046 1047 210)
4(1019 1020 1047 1046)
4(184 211 1048 1021)
4(210 1047 1048 211)
4(1020 1021 1048 1047)
4(185 212 1049 1022)
4(211 1048 1049 212)
4(1021 1022 1049 1048)
4(186 213 1050 1023)
4(212 1049 1050 213)
4(1022 1023 1050 1049)
4(187 214 1051 1024)
4(213 1050 1051 214)
4(1023 1024 1051 1050)
4(214 1051 1052 215)
4(1024 1025 1052 1051)
4(190 217 1054 1027)
4(216 1053 1054 217)
4(1026 1027 1054 1053)
4(191 218 1055 1028)
4(217 1054 1055 218)
4(1027 1028 1055 1054)
4(192 219 1056 1029)
4(218 1055 1056 219)
4(1028 1029 1056 1055)
4(193 220 1057 1030)
4(219 1056 1057 220)
4(1029 1030 1057 1056)
4(194 221 1058 1031)
4(220 1057 1058 221)
4(1030 1031 1058 1057)
4(195 222 1059 1032)
4(221 1058 1059 222)
4(1031 1032 1059 1058)
4(196 223 1060 1033)
4(222 1059 1060 223)
4(1032 1033 1060 1059)
4(197 224 1061 1034)
4(223 1060 1061 224)
4(1033 1034 1061 1060)
4(198 225 1062 1035)
4(224 1061 1062 225)
4(1034 1035 1062 1061)
4(199 226 1063 1036)
4(225 1062 1063 226)
4(1035 1036 1063 1062)
4(200 227 1064 1037)
4(226 1063 1064 227)
4(1036 1037 1064 1063)
4(201 228 1065 1038)
4(227 1064 1065 228)
4(1037 1038 1065 1064)
4(202 229 1066 1039)
4(228 1065 1066 229)
4(1038 1039 1066 1065)
4(203 230 1067 1040)
4(229 1066 1067 230)
4(1039 1040 1067 1066)
4(204 231 1068 1041)
4(230 1067 1068 231)
4(1040 1041 1068 1067)
4(205 232 1069 1042)
4(231 1068 1069 232)
4(1041 1042 1069 1068)
4(206 233 1070 1043)
4(232 1069 1070 233)
4(1042 1043 1070 1069)
4(207 234 1071 1044)
4(233 1070 1071 234)
4(1043 1044 1071 1070)
4(208 235 1072 1045)
4(234 1071 1072 235)
4(1044 1045 1072 1071)
4(209 236 1073 1046)
4(235 1072 1073 236)
4(1045 1046 1073 1072)
4(210 237 1074 1047)
4(236 1073 1074 237)
4(1046 1047 1074 1073)
4(211 238 1075 1048)
4(237 1074 1075 238)
4(1047 1048 1075 1074)
4(212 239 1076 1049)
4(238 1075 1076 239)
4(1048 1049 1076 1075)
4(213 240 1077 1050)
4(239 1076 1077 240)
4(1049 1050 1077 1076)
4(214 241 1078 1051)
4(240 1077 1078 241)
4(1050 1051 1078 1077)
4(241 1078 1079 242)
4(1051 1052 1079 1078)
4(217 244 1081 1054)
4(243 1080 1081 244)
4(1053 1054 1081 1080)
4(218 245 1082 1055)
4(244 1081 1082 245)
4(1054 1055 1082 1081)
4(219 246 1083 1056)
4(245 1082 1083 246)
4(1055 1056 1083 1082)
4(220 247 1084 1057)
4(246 1083 1084 247)
4(1056 1057 1084 1083)
4(221 248 1085 1058)
4(247 1084 1085 248)
4(1057 1058 1085 1084)
4(222 249 1086 1059)
4(248 1085 1086 249)
4(1058 1059 1086 1085)
4(223 250 1087 1060)
4(249 1086 1087 250)
4(1059 1060 1087 1086)
4(224 251 1088 1061)
4(250 1087 1088 251)
4(1060 1061 1088 1087)
4(225 252 1089 1062)
4(251 1088 1089 252)
4(1061 1062 1089 1088)
4(226 253 1090 1063)
4(252 1089 1090 253)
4(1062 1063 1090 1089)
4(227 254 1091 1064)
4(253 1090 1091 254)
4(1063 1064 1091 1090)
4(228 255 1092 1065)
4(254 1091 1092 255)
4(1064 1065 1092 1091)
4(229 256 1093 1066)
4(255 1092 1093 256)
4(1065 1066 1093 1092)
4(230 257 1094 1067)
4(256 1093 1094 257)
4(1066 1067 1094 1093)
4(231 258 1095 1068)
4(257 1094 1095 258)
4(1067 1068 1095 1094)
4(232 259 1096 1069)
4(258 1095 1096 259)
4(1068 1069 1096 1095)
4(233 260 1097 1070)
4(259 1096 1097 260)
4(1069 1070 1097 1096)
4(234 261 1098 1071)
4(260 1097 1098 261)
4(1070 1071 1098 1097)
4(235 262 1099 1072)
4(261 1098 1099 262)
4(1071 1072 1099 1098)
4(236 263 1100 1073)
4(262 1099 1100 263)
4(1072 1073 1100 1099)
4(237 264 1101 1074)
4(263 1100 1101 264)
4(1073 1074 1101 1100)
4(238 265 1102 1075)
4(264 1101 1102 265)
4(1074 1075 1102 1101)
4(239 266 1103 1076)
4(265 1102 1103 266)
4(1075 1076 1103 1102)
4(240 267 1104 1077)
4(266 1103 1104 267)
4(1076 1077 1104 1103)
4(241 268 1105 1078)
4(267 1104 1105 268)
4(1077 1078 1105 1104)
4(268 1105 1106 269)
4(1078 1079 1106 1105)
4(244 271 1108 1081)
4(270 1107 1108 271)
4(1080 1081 1108 1107)
4(245 272 1109 1082)
4(271 1108 1109 272)
4(1081 1082 1109 1108)
4(246 273 1110 1083)
4(272 1109 1110 273)
4(1082 1083 1110 1109)
4(247 274 1111 1084)
4(273 1110 1111 274)
4(1083 1084 1111 1110)
4(248 275 1112 1085)
4(274 1111 1112 275)
4(1084 1085 1112 1111)
4(249 276 1113 1086)
4(275 1112 1113 276)
4(1085 1086 1113 1112)
4(250 277 1114 1087)
4(276 1113 1114 277)
4(1086 1087 1114 1113)
4(251 278 1115 1088)
4(277 1114 1115 278)
4(1087 1088 1115 1114)
4(252 279 1116 1089)
4(278 1115 1116 279)
4(1088 1089 1116 1115)
4(253 280 1117 1090)
4(279 1116 1117 280)
4(1089 1090 1117 1116)
4(254 281 1118 1091)
4(280 1117 1118 281)
4(1090 1091 1118 1117)
4(255 282 1119 1092)
4(281 1118 1119 282)
4(1091 1092 1119 1118)
4(256 283 1120 1093)
4(282 1119 1120 283)
4(1092 1093 1120 1119)
4(257 284 1121 1094)
4(283 1120 1121 284)
4(1093 1094 1121 1120)
4(258 285 1122 1095)
4(284 1121 1122 285)
4(1094 1095 1122 1121)
4(259 286 1123 1096)
4(285 1122 1123 286)
4(1095 1096 1123 1122)
4(260 287 1124 1097)
4(286 1123 1124 287)
4(1096 1097 1124 1123)
4(261 288 1125 1098)
4(287 1124 1125 288)
4(1097 1098 1125 1124)
4(262 289 1126 1099)
4(288 1125 1126 289)
4(1098 1099 1126 1125)
4(263 290 1127 1100)
4(289 1126 1127 290)
4(1099 1100 1127 1126)
4(264 291 1128 1101)
4(290 1127 1128 291)
4(1100 1101 1128 1127)
4(265 292 1129 1102)
4(291 1128 1129 292)
4(1101 1102 1129 1128)
4(266 293 1130 1103)
4(292 1129 1130 293)
4(1102 1103 1130 1129)
4(267 294 1131 1104)
4(293 1130 1131 294)
4(1103 1104 1131 1130)
4(268 295 1132 1105)
4(294 1131 1132 295)
4(1104 1105 1132 1131)
4(295 1132 1133 296)
4(1105 1106 1133 1132)
4(271 298 1135 1108)
4(297 1134 1135 298)
4(1107 1108 1135 1134)
4(272 299 1136 1109)
4(298 1135 1136 299)
4(1108 1109 1136 1135)
4(273 300 1137 1110)
4(299 1136 1137 300)
4(1109 1110 1137 1136)
4(274 301 1138 1111)
4(300 1137 1138 301)
4(1110 1111 1138 1137)
4(275 302 1139 1112)
4(301 1138 1139 302)
4(1111 1112 1139 1138)
4(276 303 1140 1113)
4(302 1139 1140 303)
4(1112 1113 1140 1139)
4(277 304 1141 1114)
4(303 1140 1141 304)
4(1113 1114 1141 1140)
4(278 305 1142 1115)
4(304 1141 1142 305)
4(1114 1115 1142 1141)
4(279 306 1143 1116)
4(305 1142 1143 306)
4(1115 1116 1143 1142)
4(280 307 1144 1117)
4(306 1143 1144 307)
4(1116 1117 1144 1143)
4(281 308 1145 1118)
4(307 1144 1145 308)
4(1117 1118 1145 1144)
4(282 309 1146 1119)
4(308 1145 1146 309)
4(1118 1119 1146 1145)
4(283 310 1147 1120)
4(309 1146 1147 310)
4(1119 1120 1147 1146)
4(284 311 1148 1121)
4(310 1147 1148 311)
4(1120 1121 1148 1147)
4(285 312 1149 1122)
4(311 1148 1149 312)
4(1121 1122 1149 1148)
4(286 313 1150 1123)
4(312 1149 1150 313)
4(1122 1123 1150 1149)
4(287 314 1151 1124)
4(313 1150 1151 314)
4(1123 1124 1151 1150)
4(288 315 1152 1125)
4(314 1151 1152 315)
4(1124 1125 1152 1151)
4(289 316 1153 1126)
4(315 1152 1153 316)
4(1125 1126 1153 1152)
4(290 317 1154 1127)
4(316 1153 1154 317)
4(1126 1127 1154 1153)
4(291 318 1155 1128)
4(317 1154 1155 318)
4(1127 1128 1155 1154)
4(292 319 1156 1129)
4(318 1155 1156 319)
4(1128 1129 1156 1155)
4(293 320 1157 1130)
4(319 1156 1157 320)
4(1129 1130 1157 1156)
4(294 321 1158 1131)
4(320 1157 1158 321)
4(1130 1131 1158 1157)
4(295 322 1159 1132)
4(321 1158 1159 322)
4(1131 1132 1159 1158)
4(322 1159 1160 323)
4(1132 1133 1160 1159)
4(298 325 1162 1135)
4(324 1161 1162 325)
4(1134 1135 1162 1161)
4(299 326 1163 1136)
4(325 1162 1163 326)
4(1135 1136 1163 1162)
4(300 327 1164 1137)
4(326 1163 1164 327)
4(1136 1137 1164 1163)
4(301 328 1165 1138)
4(327 1164 1165 328)
4(1137 1138 1165 1164)
4(302 329 1166 1139)
4(328 1165 1166 329)
4(1138 1139 1166 1165)
4(303 330 1167 1140)
4(329 1166 1167 330)
4(1139 1140 1167 1166)
4(304 331 1168 1141)
4(330 1167 1168 331)
4(1140 1141 1168 1167)
4(305 332 1169 1142)
4(331 1168 1169 332)
4(1141 1142 1169 1168)
4(306 333 1170 1143)
4(332 1169 1170 333)
4(1142 1143 1170 1169)
4(307 334 1171 1144)
4(333 1170 1171 334)
4(1143 1144 1171 1170)
4(308 335 1172 1145)
4(334 1171 1172 335)
4(1144 1145 1172 1171)
4(309 336 1173 1146)
4(335 1172 1173 336)
4(1145 1146 1173 1172)
4(310 337 1174 1147)
4(336 1173 1174 337)
4(1146 1147 1174 1173)
4(311 338 1175 1148)
4(337 1174 1175 338)
4(1147 1148 1175 1174)
4(312 339 1176 1149)
4(338 1175 1176 339)
4(1148 1149 1176 1175)
4(313 340 1177 1150)
4(339 1176 1177 340)
4(1149 1150 1177 1176)
4(314 341 1178 1151)
4(340 1177 1178 341)
4(1150 1151 1178 1177)
4(315 342 1179 1152)
4(341 1178 1179 342)
4(1151 1152 1179 1178)
4(316 343 1180 1153)
4(342 1179 1180 343)
4(1152 1153 1180 1179)
4(317 344 1181 1154)
4(343 1180 1181 344)
4(1153 1154 1181 1180)
4(318 345 1182 1155)
4(344 1181 1182 345)
4(1154 1155 1182 1181)
4(319 346 1183 1156)
4(345 1182 1183 346)
4(1155 1156 1183 1182)
4(320 347 1184 1157)
4(346 1183 1184 347)
4(1156 1157 1184 1183)
4(321 348 1185 1158)
4(347 1184 1185 348)
4(1157 1158 1185 1184)
4(322 349 1186 1159)
4(348 1185 1186 349)
4(1158 1159 1186 1185)
4(349 1186 1187 350)
4(1159 1160 1187 1186)
4(325 352 1189 1162)
4(351 1188 1189 352)
4(1161 1162 1189 1188)
4(326 353 1190 1163)
4(352 1189 1190 353)
4(1162 1163 1190 1189)
4(327 354 1191 1164)
4(353 1190 1191 354)
4(1163 1164 1191 1190)
4(328 355 1192 1165)
4(354 1191 1192 355)
4(1164 1165 1192 1191)
4(329 356 1193 1166)
4(355 1192 1193 356)
4(1165 1166 1193 1192)
4(330 357 1194 1167)
4(356 1193 1194 357)
4(1166 1167 1194 1193)
4(331 358 1195 1168)
4(357 1194 1195 358)
4(1167 1168 1195 1194)
4(332 359 1196 1169)
4(358 1195 1196 359)
4(1168 1169 1196 1195)
4(333 360 1197 1170)
4(359 1196 1197 360)
4(1169 1170 1197 1196)
4(334 361 1198 1171)
4(360 1197 1198 361)
4(1170 1171 1198 1197)
4(335 362 1199 1172)
4(361 1198 1199 362)
4(1171 1172 1199 1198)
4(336 363 1200 1173)
4(362 1199 1200 363)
4(1172 1173 1200 1199)
4(337 364 1201 1174)
4(363 1200 1201 364)
4(1173 1174 1201 1200)
4(338 365 1202 1175)
4(364 1201 1202 365)
4(1174 1175 1202 1201)
4(339 366 1203 1176)
4(365 1202 1203 366)
4(1175 1176 1203 1202)
4(340 367 1204 1177)
4(366 1203 1204 367)
4(1176 1177 1204 1203)
4(341 368 1205 1178)
4(367 1204 1205 368)
4(1177 1178 1205 1204)
4(342 369 1206 1179)
4(368 1205 1206 369)
4(1178 1179 1206 1205)
4(343 370 1207 1180)
4(369 1206 1207 370)
4(1179 1180 1207 1206)
4(344 371 1208 1181)
4(370 1207 1208 371)
4(1180 1181 1208 1207)
4(345 372 1209 1182)
4(371 1208 1209 372)
4(1181 1182 1209 1208)
4(346 373 1210 1183)
4(372 1209 1210 373)
4(1182 1183 1210 1209)
4(347 374 1211 1184)
4(373 1210 1211 374)
4(1183 1184 1211 1210)
4(348 375 1212 1185)
4(374 1211 1212 375)
4(1184 1185 1212 1211)
4(349 376 1213 1186)
4(375 1212 1213 376)
4(1185 1186 1213 1212)
4(376 1213 1214 377)
4(1186 1187 1214 1213)
4(352 379 1216 1189)
4(378 1215 1216 379)
4(1188 1189 1216 1215)
4(353 380 1217 1190)
4(379 1216 1217 380)
4(1189 1190 1217 1216)
4(354 381 1218 1191)
4(380 1217 1218 381)
4(1190 1191 1218 1217)
4(355 382 1219 1192)
4(381 1218 1219 382)
4(1191 1192 1219 1218)
4(356 383 1220 1193)
4(382 1219 1220 383)
4(1192 1193 1220 1219)
4(357 384 1221 1194)
4(383 1220 1221 384)
4(1193 1194 1221 1220)
4(358 385 1222 1195)
4(384 1221 1222 385)
4(1194 1195 1222 1221)
4(359 386 1223 1196)
4(385 1222 1223 386)
4(1195 1196 1223 1222)
4(360 387 1224 1197)
4(386 1223 1224 387)
4(1196 1197 1224 1223)
4(361 388 1225 1198)
4(387 1224 1225 388)
4(1197 1198 1225 1224)
4(362 389 1226 1199)
4(388 1225 1226 389)
4(1198 1199 1226 1225)
4(363 390 1227 1200)
4(389 1226 1227 390)
4(1199 1200 1227 1226)
4(364 391 1228 1201)
4(390 1227 1228 391)
4(1200 1201 1228 1227)
4(365 392 1229 1202)
4(391 1228 1229 392)
4(1201 1202 1229 1228)
4(366 393 1230 1203)
4(392 1229 1230 393)
4(1202 1203 1230 1229)
4(367 394 1231 1204)
4(393 1230 1231 394)
4(1203 1204 1231 1230)
4(368 395 1232 1205)
4(394 1231 1232 395)
4(1204 1205 1232 1231)
4(369 396 1233 1206)
4(395 1232 1233 396)
4(1205 1206 1233 1232)
4(370 397 1234 1207)
4(396 1233 1234 397)
4(1206 1207 1234 1233)
4(371 398 1235 1208)
4(397 1234 1235 398)
4(1207 1208 1235 1234)
4(372 399 1236 1209)
4(398 1235 1236 399)
4(1208 1209 1236 1235)
4(373 400 1237 1210)
4(399 1236 1237 400)
4(1209 1210 1237 1236)
4(374 401 1238 1211)
4(400 1237 1238 401)
4(1210 1211 1238 1237)
4(375 402 1239 1212)
4(401 1238 1239 402)
4(1211 1212 1239 1238)
4(376 403 1240 1213)
4(402 1239 1240 403)
4(1212 1213 1240 1239)
4(403 1240 1241 404)
4(1213 1214 1241 1240)
4(379 406 1243 1216)
4(405 1242 1243 406)
4(1215 1216 1243 1242)
4(380 407 1244 1217)
4(406 1243 1244 407)
4(1216 1217 1244 1243)
4(381 408 1245 1218)
4(407 1244 1245 408)
4(1217 1218 1245 1244)
4(382 409 1246 1219)
4(408 1245 1246 409)
4(1218 1219 1246 1245)
4(383 410 1247 1220)
4(409 1246 1247 410)
4(1219 1220 1247 1246)
4(384 411 1248 1221)
4(410 1247 1248 411)
4(1220 1221 1248 1247)
4(385 412 1249 1222)
4(411 1248 1249 412)
4(1221 1222 1249 1248)
4(386 413 1250 1223)
4(412 1249 1250 413)
4(1222 1223 1250 1249)
4(387 414 1251 1224)
4(413 1250 1251 414)
4(1223 1224 1251 1250)
4(388 415 1252 1225)
4(414 1251 1252 415)
4(1224 1225 1252 1251)
4(389 416 1253 1226)
4(415 1252 1253 416)
4(1225 1226 1253 1252)
4(390 417 1254 1227)
4(416 1253 1254 417)
4(1226 1227 1254 1253)
4(391 418 1255 1228)
4(417 1254 1255 418)
4(1227 1228 1255 1254)
4(392 419 1256 1229)
4(418 1255 1256 419)
4(1228 1229 1256 1255)
4(393 420 1257 1230)
4(419 1256 1257 420)
4(1229 1230 1257 1256)
4(394 421 1258 1231)
4(420 1257 1258 421)
4(1230 1231 1258 1257)
4(395 422 1259 1232)
4(421 1258 1259 422)
4(1231 1232 1259 1258)
4(396 423 1260 1233)
4(422 1259 1260 423)
4(1232 1233 1260 1259)
4(397 424 1261 1234)
4(423 1260 1261 424)
4(1233 1234 1261 1260)
4(398 425 1262 1235)
4(424 1261 1262 425)
4(1234 1235 1262 1261)
4(399 426 1263 1236)
4(425 1262 1263 426)
4(1235 1236 1263 1262)
4(400 427 1264 1237)
4(426 1263 1264 427)
4(1236 1237 1264 1263)
4(401 428 1265 1238)
4(427 1264 1265 428)
4(1237 1238 1265 1264)
4(402 429 1266 1239)
4(428 1265 1266 429)
4(1238 1239 1266 1265)
4(403 430 1267 1240)
4(429 1266 1267 430)
4(1239 1240 1267 1266)
4(430 1267 1268 431)
4(1240 1241 1268 1267)
4(406 433 1270 1243)
4(432 1269 1270 433)
4(1242 1243 1270 1269)
4(407 434 1271 1244)
4(433 1270 1271 434)
4(1243 1244 1271 1270)
4(408 435 1272 1245)
4(434 1271 1272 435)
4(1244 1245 1272 1271)
4(409 436 1273 1246)
4(435 1272 1273 436)
4(1245 1246 1273 1272)
4(410 437 1274 1247)
4(436 1273 1274 437)
4(1246 1247 1274 1273)
4(411 438 1275 1248)
4(437 1274 1275 438)
4(1247 1248 1275 1274)
4(412 439 1276 1249)
4(438 1275 1276 439)
4(1248 1249 1276 1275)
4(413 440 1277 1250)
4(439 1276 1277 440)
4(1249 1250 1277 1276)
4(414 441 1278 1251)
4(440 1277 1278 441)
4(1250 1251 1278 1277)
4(415 442 1279 1252)
4(441 1278 1279 442)
4(1251 1252 1279 1278)
4(416 443 1280 1253)
4(442 1279 1280 443)
4(1252 1253 1280 1279)
4(417 444 1281 1254)
4(443 1280 1281 444)
4(1253 1254 1281 1280)
4(418 445 1282 1255)
4(444 1281 1282 445)
4(1254 1255 1282 1281)
4(419 446 1283 1256)
4(445 1282 1283 446)
4(1255 1256 1283 1282)
4(420 447 1284 1257)
4(446 1283 1284 447)
4(1256 1257 1284 1283)
4(421 448 1285 1258)
4(447 1284 1285 448)
4(1257 1258 1285 1284)
4(422 449 1286 1259)
4(448 1285 1286 449)
4(1258 1259 1286 1285)
4(423 450 1287 1260)
4(449 1286 1287 450)
4(1259 1260 1287 1286)
4(424 451 1288 1261)
4(450 1287 1288 451)
4(1260 1261 1288 1287)
4(425 452 1289 1262)
4(451 1288 1289 452)
4(1261 1262 1289 1288)
4(426 453 1290 1263)
4(452 1289 1290 453)
4(1262 1263 1290 1289)
4(427 454 1291 1264)
4(453 1290 1291 454)
4(1263 1264 1291 1290)
4(428 455 1292 1265)
4(454 1291 1292 455)
4(1264 1265 1292 1291)
4(429 456 1293 1266)
4(455 1292 1293 456)
4(1265 1266 1293 1292)
4(430 457 1294 1267)
4(456 1293 1294 457)
4(1266 1267 1294 1293)
4(457 1294 1295 458)
4(1267 1268 1295 1294)
4(433 460 1297 1270)
4(459 1296 1297 460)
4(1269 1270 1297 1296)
4(434 461 1298 1271)
4(460 1297 1298 461)
4(1270 1271 1298 1297)
4(435 462 1299 1272)
4(461 1298 1299 462)
4(1271 1272 1299 1298)
4(436 463 1300 1273)
4(462 1299 1300 463)
4(1272 1273 1300 1299)
4(437 464 1301 1274)
4(463 1300 1301 464)
4(1273 1274 1301 1300)
4(438 465 1302 1275)
4(464 1301 1302 465)
4(1274 1275 1302 1301)
4(439 466 1303 1276)
4(465 1302 1303 466)
4(1275 1276 1303 1302)
4(440 467 1304 1277)
4(466 1303 1304 467)
4(1276 1277 1304 1303)
4(441 468 1305 1278)
4(467 1304 1305 468)
4(1277 1278 1305 1304)
4(442 469 1306 1279)
4(468 1305 1306 469)
4(1278 1279 1306 1305)
4(443 470 1307 1280)
4(469 1306 1307 470)
4(1279 1280 1307 1306)
4(444 471 1308 1281)
4(470 1307 1308 471)
4(1280 1281 1308 1307)
4(445 472 1309 1282)
4(471 1308 1309 472)
4(1281 1282 1309 1308)
4(446 473 1310 1283)
4(472 1309 1310 473)
4(1282 1283 1310 1309)
4(447 474 1311 1284)
4(473 1310 1311 474)
4(1283 1284 1311 1310)
4(448 475 1312 1285)
4(474 1311 1312 475)
4(1284 1285 1312 1311)
4(449 476 1313 1286)
4(475 1312 1313 476)
4(1285 1286 1313 1312)
4(450 477 1314 1287)
4(476 1313 1314 477)
4(1286 1287 1314 1313)
4(451 478 1315 1288)
4(477 1314 1315 478)
4(1287 1288 1315 1314)
4(452 479 1316 1289)
4(478 1315 1316 479)
4(1288 1289 1316 1315)
4(453 480 1317 1290)
4(479 1316 1317 480)
4(1289 1290 1317 1316)
4(454 481 1318 1291)
4(480 1317 1318 481)
4(1290 1291 1318 1317)
4(455 482 1319 1292)
4(481 1318 1319 482)
4(1291 1292 1319 1318)
4(456 483 1320 1293)
4(482 1319 1320 483)
4(1292 1293 1320 1319)
4(457 484 1321 1294)
4(483 1320 1321 484)
4(1293 1294 1321 1320)
4(484 1321 1322 485)
4(1294 1295 1322 1321)
4(460 487 1324 1297)
4(486 1323 1324 487)
4(1296 1297 1324 1323)
4(461 488 1325 1298)
4(487 1324 1325 488)
4(1297 1298 1325 1324)
4(462 489 1326 1299)
4(488 1325 1326 489)
4(1298 1299 1326 1325)
4(463 490 1327 1300)
4(489 1326 1327 490)
4(1299 1300 1327 1326)
4(464 491 1328 1301)
4(490 1327 1328 491)
4(1300 1301 1328 1327)
4(465 492 1329 1302)
4(491 1328 1329 492)
4(1301 1302 1329 1328)
4(466 493 1330 1303)
4(492 1329 1330 493)
4(1302 1303 1330 1329)
4(467 494 1331 1304)
4(493 1330 1331 494)
4(1303 1304 1331 1330)
4(468 495 1332 1305)
4(494 1331 1332 495)
4(1304 1305 1332 1331)
4(469 496 1333 1306)
4(495 1332 1333 496)
4(1305 1306 1333 1332)
4(470 497 1334 1307)
4(496 1333 1334 497)
4(1306 1307 1334 1333)
4(471 498 1335 1308)
4(497 1334 1335 498)
4(1307 1308 1335 1334)
4(472 499 1336 1309)
4(498 1335 1336 499)
4(1308 1309 1336 1335)
4(473 500 1337 1310)
4(499 1336 1337 500)
4(1309 1310 1337 1336)
4(474 501 1338 1311)
4(500 1337 1338 501)
4(1310 1311 1338 1337)
4(475 502 1339 1312)
4(501 1338 1339 502)
4(1311 1312 1339 1338)
4(476 503 1340 1313)
4(502 1339 1340 503)
4(1312 1313 1340 1339)
4(477 504 1341 1314)
4(503 1340 1341 504)
4(1313 1314 1341 1340)
4(478 505 1342 1315)
4(504 1341 1342 505)
4(1314 1315 1342 1341)
4(479 506 1343 1316)
4(505 1342 1343 506)
4(1315 1316 1343 1342)
4(480 507 1344 1317)
4(506 1343 1344 507)
4(1316 1317 1344 1343)
4(481 508 1345 1318)
4(507 1344 1345 508)
4(1317 1318 1345 1344)
4(482 509 1346 1319)
4(508 1345 1346 509)
4(1318 1319 1346 1345)
4(483 510 1347 1320)
4(509 1346 1347 510)
4(1319 1320 1347 1346)
4(484 511 1348 1321)
4(510 1347 1348 511)
4(1320 1321 1348 1347)
4(511 1348 1349 512)
4(1321 1322 1349 1348)
4(487 514 1351 1324)
4(513 1350 1351 514)
4(1323 1324 1351 1350)
4(488 515 1352 1325)
4(514 1351 1352 515)
4(1324 1325 1352 1351)
4(489 516 1353 1326)
4(515 1352 1353 516)
4(1325 1326 1353 1352)
4(490 517 1354 1327)
4(516 1353 1354 517)
4(1326 1327 1354 1353)
4(491 518 1355 1328)
4(517 1354 1355 518)
4(1327 1328 1355 1354)
4(492 519 1356 1329)
4(518 1355 1356 519)
4(1328 1329 1356 1355)
4(493 520 1357 1330)
4(519 1356 1357 520)
4(1329 1330 1357 1356)
4(494 521 1358 1331)
4(520 1357 1358 521)
4(1330 1331 1358 1357)
4(495 522 1359 1332)
4(521 1358 1359 522)
4(1331 1332 1359 1358)
4(496 523 1360 1333)
4(522 1359 1360 523)
4(1332 1333 1360 1359)
4(497 524 1361 1334)
4(523 1360 1361 524)
4(1333 1334 1361 1360)
4(498 525 1362 1335)
4(524 1361 1362 525)
4(1334 1335 1362 1361)
4(499 526 1363 1336)
4(525 1362 1363 526)
4(1335 1336 1363 1362)
4(500 527 1364 1337)
4(526 1363 1364 527)
4(1336 1337 1364 1363)
4(501 528 1365 1338)
4(527 1364 1365 528)
4(1337 1338 1365 1364)
4(502 529 1366 1339)
4(528 1365 1366 529)
4(1338 1339 1366 1365)
4(503 530 1367 1340)
4(529 1366 1367 530)
4(1339 1340 1367 1366)
4(504 531 1368 1341)
4(530 1367 1368 531)
4(1340 1341 1368 1367)
4(505 532 1369 1342)
4(531 1368 1369 532)
4(1341 1342 1369 1368)
4(506 533 1370 1343)
4(532 1369 1370 533)
4(1342 1343 1370 1369)
4(507 534 1371 1344)
4(533 1370 1371 534)
4(1343 1344 1371 1370)
4(508 535 1372 1345)
4(534 1371 1372 535)
4(1344 1345 1372 1371)
4(509 536 1373 1346)
4(535 1372 1373 536)
4(1345 1346 1373 1372)
4(510 537 1374 1347)
4(536 1373 1374 537)
4(1346 1347 1374 1373)
4(511 538 1375 1348)
4(537 1374 1375 538)
4(1347 1348 1375 1374)
4(538 1375 1376 539)
4(1348 1349 1376 1375)
4(514 541 1378 1351)
4(540 1377 1378 541)
4(1350 1351 1378 1377)
4(515 542 1379 1352)
4(541 1378 1379 542)
4(1351 1352 1379 1378)
4(516 543 1380 1353)
4(542 1379 1380 543)
4(1352 1353 1380 1379)
4(517 544 1381 1354)
4(543 1380 1381 544)
4(1353 1354 1381 1380)
4(518 545 1382 1355)
4(544 1381 1382 545)
4(1354 1355 1382 1381)
4(519 546 1383 1356)
4(545 1382 1383 546)
4(1355 1356 1383 1382)
4(520 547 1384 1357)
4(546 1383 1384 547)
4(1356 1357 1384 1383)
4(521 548 1385 1358)
4(547 1384 1385 548)
4(1357 1358 1385 1384)
4(522 549 1386 1359)
4(548 1385 1386 549)
4(1358 1359 1386 1385)
4(523 550 1387 1360)
4(549 1386 1387 550)
4(1359 1360 1387 1386)
4(524 551 1388 1361)
4(550 1387 1388 551)
4(1360 1361 1388 1387)
4(525 552 1389 1362)
4(551 1388 1389 552)
4(1361 1362 1389 1388)
4(526 553 1390 1363)
4(552 1389 1390 553)
4(1362 1363 1390 1389)
4(527 554 1391 1364)
4(553 1390 1391 554)
4(1363 1364 1391 1390)
4(528 555 1392 1365)
4(554 1391 1392 555)
4(1364 1365 1392 1391)
4(529 556 1393 1366)
4(555 1392 1393 556)
4(1365 1366 1393 1392)
4(530 557 1394 1367)
4(556 1393 1394 557)
4(1366 1367 1394 1393)
4(531 558 1395 1368)
4(557 1394 1395 558)
4(1367 1368 1395 1394)
4(532 559 1396 1369)
4(558 1395 1396 559)
4(1368 1369 1396 1395)
4(533 560 1397 1370)
4(559 1396 1397 560)
4(1369 1370 1397 1396)
4(534 561 1398 1371)
4(560 1397 1398 561)
4(1370 1371 1398 1397)
4(535 562 1399 1372)
4(561 1398 1399 562)
4(1371 1372 1399 1398)
4(536 563 1400 1373)
4(562 1399 1400 563)
4(1372 1373 1400 1399)
4(537 564 1401 1374)
4(563 1400 1401 564)
4(1373 1374 1401 1400)
4(538 565 1402 1375)
4(564 1401 1402 565)
4(1374 1375 1402 1401)
4(565 1402 1403 566)
4(1375 1376 1403 1402)
4(541 568 1405 1378)
4(567 1404 1405 568)
4(1377 1378 1405 1404)
4(542 569 1406 1379)
4(568 1405 1406 569)
4(1378 1379 1406 1405)
4(543 570 1407 1380)
4(569 1406 1407 570)
4(1379 1380 1407 1406)
4(544 571 1408 1381)
4(570 1407 1408 571)
4(1380 1381 1408 1407)
4(545 572 1409 1382)
4(571 1408 1409 572)
4(1381 1382 1409 1408)
4(546 573 1410 1383)
4(572 1409 1410 573)
4(1382 1383 1410 1409)
4(547 574 1411 1384)
4(573 1410 1411 574)
4(1383 1384 1411 1410)
4(548 575 1412 1385)
4(574 1411 1412 575)
4(1384 1385 1412 1411)
4(549 576 1413 1386)
4(575 1412 1413 576)
4(1385 1386 1413 1412)
4(550 577 1414 1387)
4(576 1413 1414 577)
4(1386 1387 1414 1413)
4(551 578 1415 1388)
4(577 1414 1415 578)
4(1387 1388 1415 1414)
4(552 579 1416 1389)
4(578 1415 1416 579)
4(1388 1389 1416 1415)
4(553 580 1417 1390)
4(579 1416 1417 580)
4(1389 1390 1417 1416)
4(554 581 1418 1391)
4(580 1417 1418 581)
4(1390 1391 1418 1417)
4(555 582 1419 1392)
4(581 1418 1419 582)
4(1391 1392 1419 1418)
4(556 583 1420 1393)
4(582 1419 1420 583)
4(1392 1393 1420 1419)
4(557 584 1421 1394)
4(583 1420 1421 584)
4(1393 1394 1421 1420)
4(558 585 1422 1395)
4(584 1421 1422 585)
4(1394 1395 1422 1421)
4(559 586 1423 1396)
4(585 1422 1423 586)
4(1395 1396 1423 1422)
4(560 587 1424 1397)
4(586 1423 1424 587)
4(1396 1397 1424 1423)
4(561 588 1425 1398)
4(587 1424 1425 588)
4(1397 1398 1425 1424)
4(562 589 1426 1399)
4(588 1425 1426 589)
4(1398 1399 1426 1425)
4(563 590 1427 1400)
4(589 1426 1427 590)
4(1399 1400 1427 1426)
4(564 591 1428 1401)
4(590 1427 1428 591)
4(1400 1401 1428 1427)
4(565 592 1429 1402)
4(591 1428 1429 592)
4(1401 1402 1429 1428)
4(592 1429 1430 593)
4(1402 1403 1430 1429)
4(568 595 1432 1405)
4(594 1431 1432 595)
4(1404 1405 1432 1431)
4(569 596 1433 1406)
4(595 1432 1433 596)
4(1405 1406 1433 1432)
4(570 597 1434 1407)
4(596 1433 1434 597)
4(1406 1407 1434 1433)
4(571 598 1435 1408)
4(597 1434 1435 598)
4(1407 1408 1435 1434)
4(572 599 1436 1409)
4(598 1435 1436 599)
4(1408 1409 1436 1435)
4(573 600 1437 1410)
4(599 1436 1437 600)
4(1409 1410 1437 1436)
4(574 601 1438 1411)
4(600 1437 1438 601)
4(1410 1411 1438 1437)
4(575 602 1439 1412)
4(601 1438 1439 602)
4(1411 1412 1439 1438)
4(576 603 1440 1413)
4(602 1439 1440 603)
4(1412 1413 1440 1439)
4(577 604 1441 1414)
4(603 1440 1441 604)
4(1413 1414 1441 1440)
4(578 605 1442 1415)
4(604 1441 1442 605)
4(1414 1415 1442 1441)
4(579 606 1443 1416)
4(605 1442 1443 606)
4(1415 1416 1443 1442)
4(580 607 1444 1417)
4(606 1443 1444 607)
4(1416 1417 1444 1443)
4(581 608 1445 1418)
4(607 1444 1445 608)
4(1417 1418 1445 1444)
4(582 609 1446 1419)
4(608 1445 1446 609)
4(1418 1419 1446 1445)
4(583 610 1447 1420)
4(609 1446 1447 610)
4(1419 1420 1447 1446)
4(584 611 1448 1421)
4(610 1447 1448 611)
4(1420 1421 1448 1447)
4(585 612 1449 1422)
4(611 1448 1449 612)
4(1421 1422 1449 1448)
4(586 613 1450 1423)
4(612 1449 1450 613)
4(1422 1423 1450 1449)
4(587 614 1451 1424)
4(613 1450 1451 614)
4(1423 1424 1451 1450)
4(588 615 1452 1425)
4(614 1451 1452 615)
4(1424 1425 1452 1451)
4(589 616 1453 1426)
4(615 1452 1453 616)
4(1425 1426 1453 1452)
4(590 617 1454 1427)
4(616 1453 1454 617)
4(1426 1427 1454 1453)
4(591 618 1455 1428)
4(617 1454 1455 618)
4(1427 1428 1455 1454)
4(592 619 1456 1429)
4(618 1455 1456 619)
4(1428 1429 1456 1455)
4(619 1456 1457 620)
4(1429 1430 1457 1456)
4(595 622 1459 1432)
4(621 1458 1459 622)
4(1431 1432 1459 1458)
4(596 623 1460 1433)
4(622 1459 1460 623)
4(1432 1433 1460 1459)
4(597 624 1461 1434)
4(623 1460 1461 624)
4(1433 1434 1461 1460)
4(598 625 1462 1435)
4(624 1461 1462 625)
4(1434 1435 1462 1461)
4(599 626 1463 1436)
4(625 1462 1463 626)
4(1435 1436 1463 1462)
4(600 627 1464 1437)
4(626 1463 1464 627)
4(1436 1437 1464 1463)
4(601 628 1465 1438)
4(627 1464 1465 628)
4(1437 1438 1465 1464)
4(602 629 1466 1439)
4(628 1465 1466 629)
4(1438 1439 1466 1465)
4(603 630 1467 1440)
4(629 1466 1467 630)
4(1439 1440 1467 1466)
4(604 631 1468 1441)
4(630 1467 1468 631)
4(1440 1441 1468 1467)
4(605 632 1469 1442)
4(631 1468 1469 632)
4(1441 1442 1469 1468)
4(606 633 1470 1443)
4(632 1469 1470 633)
4(1442 1443 1470 1469)
4(607 634 1471 1444)
4(633 1470 1471 634)
4(1443 1444 1471 1470)
4(608 635 1472 1445)
4(634 1471 1472 635)
4(1444 1445 1472 1471)
4(609 636 1473 1446)
4(635 1472 1473 636)
4(1445 1446 1473 1472)
4(610 637 1474 1447)
4(636 1473 1474 637)
4(1446 1447 1474 1473)
4(611 638 1475 1448)
4(637 1474 1475 638)
4(1447 1448 1475 1474)
4(612 639 1476 1449)
4(638 1475 1476 639)
4(1448 1449 1476 1475)
4(613 640 1477 1450)
4(639 1476 1477 640)
4(1449 1450 1477 1476)
4(614 641 1478 1451)
4(640 1477 1478 641)
4(1450 1451 1478 1477)
4(615 642 1479 1452)
4(641 1478 1479 642)
4(1451 1452 1479 1478)
4(616 643 1480 1453)
4(642 1479 1480 643)
4(1452 1453 1480 1479)
4(617 644 1481 1454)
4(643 1480 1481 644)
4(1453 1454 1481 1480)
4(618 645 1482 1455)
4(644 1481 1482 645)
4(1454 1455 1482 1481)
4(619 646 1483 1456)
4(645 1482 1483 646)
4(1455 1456 1483 1482)
4(646 1483 1484 647)
4(1456 1457 1484 1483)
4(622 649 1486 1459)
4(648 1485 1486 649)
4(1458 1459 1486 1485)
4(623 650 1487 1460)
4(649 1486 1487 650)
4(1459 1460 1487 1486)
4(624 651 1488 1461)
4(650 1487 1488 651)
4(1460 1461 1488 1487)
4(625 652 1489 1462)
4(651 1488 1489 652)
4(1461 1462 1489 1488)
4(626 653 1490 1463)
4(652 1489 1490 653)
4(1462 1463 1490 1489)
4(627 654 1491 1464)
4(653 1490 1491 654)
4(1463 1464 1491 1490)
4(628 655 1492 1465)
4(654 1491 1492 655)
4(1464 1465 1492 1491)
4(629 656 1493 1466)
4(655 1492 1493 656)
4(1465 1466 1493 1492)
4(630 657 1494 1467)
4(656 1493 1494 657)
4(1466 1467 1494 1493)
4(631 658 1495 1468)
4(657 1494 1495 658)
4(1467 1468 1495 1494)
4(632 659 1496 1469)
4(658 1495 1496 659)
4(1468 1469 1496 1495)
4(633 660 1497 1470)
4(659 1496 1497 660)
4(1469 1470 1497 1496)
4(634 661 1498 1471)
4(660 1497 1498 661)
4(1470 1471 1498 1497)
4(635 662 1499 1472)
4(661 1498 1499 662)
4(1471 1472 1499 1498)
4(636 663 1500 1473)
4(662 1499 1500 663)
4(1472 1473 1500 1499)
4(637 664 1501 1474)
4(663 1500 1501 664)
4(1473 1474 1501 1500)
4(638 665 1502 1475)
4(664 1501 1502 665)
4(1474 1475 1502 1501)
4(639 666 1503 1476)
4(665 1502 1503 666)
4(1475 1476 1503 1502)
4(640 667 1504 1477)
4(666 1503 1504 667)
4(1476 1477 1504 1503)
4(641 668 1505 1478)
4(667 1504 1505 668)
4(1477 1478 1505 1504)
4(642 669 1506 1479)
4(668 1505 1506 669)
4(1478 1479 1506 1505)
4(643 670 1507 1480)
4(669 1506 1507 670)
4(1479 1480 1507 1506)
4(644 671 1508 1481)
4(670 1507 1508 671)
4(1480 1481 1508 1507)
4(645 672 1509 1482)
4(671 1508 1509 672)
4(1481 1482 1509 1508)
4(646 673 1510 1483)
4(672 1509 1510 673)
4(1482 1483 1510 1509)
4(673 1510 1511 674)
4(1483 1484 1511 1510)
4(649 676 1513 1486)
4(675 1512 1513 676)
4(1485 1486 1513 1512)
4(650 677 1514 1487)
4(676 1513 1514 677)
4(1486 1487 1514 1513)
4(651 678 1515 1488)
4(677 1514 1515 678)
4(1487 1488 1515 1514)
4(652 679 1516 1489)
4(678 1515 1516 679)
4(1488 1489 1516 1515)
4(653 680 1517 1490)
4(679 1516 1517 680)
4(1489 1490 1517 1516)
4(654 681 1518 1491)
4(680 1517 1518 681)
4(1490 1491 1518 1517)
4(655 682 1519 1492)
4(681 1518 1519 682)
4(1491 1492 1519 1518)
4(656 683 1520 1493)
4(682 1519 1520 683)
4(1492 1493 1520 1519)
4(657 684 1521 1494)
4(683 1520 1521 684)
4(1493 1494 1521 1520)
4(658 685 1522 1495)
4(684 1521 1522 685)
4(1494 1495 1522 1521)
4(659 686 1523 1496)
4(685 1522 1523 686)
4(1495 1496 1523 1522)
4(660 687 1524 1497)
4(686 1523 1524 687)
4(1496 1497 1524 1523)
4(661 688 1525 1498)
4(687 1524 1525 688)
4(1497 1498 1525 1524)
4(662 689 1526 1499)
4(688 1525 1526 689)
4(1498 1499 1526 1525)
4(663 690 1527 1500)
4(689 1526 1527 690)
4(1499 1500 1527 1526)
4(664 691 1528 1501)
4(690 1527 1528 691)
4(1500 1501 1528 1527)
4(665 692 1529 1502)
4(691 1528 1529 692)
4(1501 1502 1529 1528)
4(666 693 1530 1503)
4(692 1529 1530 693)
4(1502 1503 1530 1529)
4(667 694 1531 1504)
4(693 1530 1531 694)
4(1503 1504 1531 1530)
4(668 695 1532 1505)
4(694 1531 1532 695)
4(1504 1505 1532 1531)
4(669 696 1533 1506)
4(695 1532 1533 696)
4(1505 1506 1533 1532)
4(670 697 1534 1507)
4(696 1533 1534 697)
4(1506 1507 1534 1533)
4(671 698 1535 1508)
4(697 1534 1535 698)
4(1507 1508 1535 1534)
4(672 699 1536 1509)
4(698 1535 1536 699)
4(1508 1509 1536 1535)
4(673 700 1537 1510)
4(699 1536 1537 700)
4(1509 1510 1537 1536)
4(700 1537 1538 701)
4(1510 1511 1538 1537)
4(676 703 1540 1513)
4(702 1539 1540 703)
4(1512 1513 1540 1539)
4(677 704 1541 1514)
4(703 1540 1541 704)
4(1513 1514 1541 1540)
4(678 705 1542 1515)
4(704 1541 1542 705)
4(1514 1515 1542 1541)
4(679 706 1543 1516)
4(705 1542 1543 706)
4(1515 1516 1543 1542)
4(680 707 1544 1517)
4(706 1543 1544 707)
4(1516 1517 1544 1543)
4(681 708 1545 1518)
4(707 1544 1545 708)
4(1517 1518 1545 1544)
4(682 709 1546 1519)
4(708 1545 1546 709)
4(1518 1519 1546 1545)
4(683 710 1547 1520)
4(709 1546 1547 710)
4(1519 1520 1547 1546)
4(684 711 1548 1521)
4(710 1547 1548 711)
4(1520 1521 1548 1547)
4(685 712 1549 1522)
4(711 1548 1549 712)
4(1521 1522 1549 1548)
4(686 713 1550 1523)
4(712 1549 1550 713)
4(1522 1523 1550 1549)
4(687 714 1551 1524)
4(713 1550 1551 714)
4(1523 1524 1551 1550)
4(688 715 1552 1525)
4(714 1551 1552 715)
4(1524 1525 1552 1551)
4(689 716 1553 1526)
4(715 1552 1553 716)
4(1525 1526 1553 1552)
4(690 717 1554 1527)
4(716 1553 1554 717)
4(1526 1527 1554 1553)
4(691 718 1555 1528)
4(717 1554 1555 718)
4(1527 1528 1555 1554)
4(692 719 1556 1529)
4(718 1555 1556 719)
4(1528 1529 1556 1555)
4(693 720 1557 1530)
4(719 1556 1557 720)
4(1529 1530 1557 1556)
4(694 721 1558 1531)
4(720 1557 1558 721)
4(1530 1531 1558 1557)
4(695 722 1559 1532)
4(721 1558 1559 722)
4(1531 1532 1559 1558)
4(696 723 1560 1533)
4(722 1559 1560 723)
4(1532 1533 1560 1559)
4(697 724 1561 1534)
4(723 1560 1561 724)
4(1533 1534 1561 1560)
4(698 725 1562 1535)
4(724 1561 1562 725)
4(1534 1535 1562 1561)
4(699 726 1563 1536)
4(725 1562 1563 726)
4(1535 1536 1563 1562)
4(700 727 1564 1537)
4(726 1563 1564 727)
4(1536 1537 1564 1563)
4(727 1564 1565 728)
4(1537 1538 1565 1564)
4(703 730 1567 1540)
4(729 1566 1567 730)
4(1539 1540 1567 1566)
4(704 731 1568 1541)
4(730 1567 1568 731)
4(1540 1541 1568 1567)
4(705 732 1569 1542)
4(731 1568 1569 732)
4(1541 1542 1569 1568)
4(706 733 1570 1543)
4(732 1569 1570 733)
4(1542 1543 1570 1569)
4(707 734 1571 1544)
4(733 1570 1571 734)
4(1543 1544 1571 1570)
4(708 735 1572 1545)
4(734 1571 1572 735)
4(1544 1545 1572 1571)
4(709 736 1573 1546)
4(735 1572 1573 736)
4(1545 1546 1573 1572)
4(710 737 1574 1547)
4(736 1573 1574 737)
4(1546 1547 1574 1573)
4(711 738 1575 1548)
4(737 1574 1575 738)
4(1547 1548 1575 1574)
4(712 739 1576 1549)
4(738 1575 1576 739)
4(1548 1549 1576 1575)
4(713 740 1577 1550)
4(739 1576 1577 740)
4(1549 1550 1577 1576)
4(714 741 1578 1551)
4(740 1577 1578 741)
4(1550 1551 1578 1577)
4(715 742 1579 1552)
4(741 1578 1579 742)
4(1551 1552 1579 1578)
4(716 743 1580 1553)
4(742 1579 1580 743)
4(1552 1553 1580 1579)
4(717 744 1581 1554)
4(743 1580 1581 744)
4(1553 1554 1581 1580)
4(718 745 1582 1555)
4(744 1581 1582 745)
4(1554 1555 1582 1581)
4(719 746 1583 1556)
4(745 1582 1583 746)
4(1555 1556 1583 1582)
4(720 747 1584 1557)
4(746 1583 1584 747)
4(1556 1557 1584 1583)
4(721 748 1585 1558)
4(747 1584 1585 748)
4(1557 1558 1585 1584)
4(722 749 1586 1559)
4(748 1585 1586 749)
4(1558 1559 1586 1585)
4(723 750 1587 1560)
4(749 1586 1587 750)
4(1559 1560 1587 1586)
4(724 751 1588 1561)
4(750 1587 1588 751)
4(1560 1561 1588 1587)
4(725 752 1589 1562)
4(751 1588 1589 752)
4(1561 1562 1589 1588)
4(726 753 1590 1563)
4(752 1589 1590 753)
4(1562 1563 1590 1589)
4(727 754 1591 1564)
4(753 1590 1591 754)
4(1563 1564 1591 1590)
4(754 1591 1592 755)
4(1564 1565 1592 1591)
4(730 757 1594 1567)
4(756 1593 1594 757)
4(1566 1567 1594 1593)
4(731 758 1595 1568)
4(757 1594 1595 758)
4(1567 1568 1595 1594)
4(732 759 1596 1569)
4(758 1595 1596 759)
4(1568 1569 1596 1595)
4(733 760 1597 1570)
4(759 1596 1597 760)
4(1569 1570 1597 1596)
4(734 761 1598 1571)
4(760 1597 1598 761)
4(1570 1571 1598 1597)
4(735 762 1599 1572)
4(761 1598 1599 762)
4(1571 1572 1599 1598)
4(736 763 1600 1573)
4(762 1599 1600 763)
4(1572 1573 1600 1599)
4(737 764 1601 1574)
4(763 1600 1601 764)
4(1573 1574 1601 1600)
4(738 765 1602 1575)
4(764 1601 1602 765)
4(1574 1575 1602 1601)
4(739 766 1603 1576)
4(765 1602 1603 766)
4(1575 1576 1603 1602)
4(740 767 1604 1577)
4(766 1603 1604 767)
4(1576 1577 1604 1603)
4(741 768 1605 1578)
4(767 1604 1605 768)
4(1577 1578 1605 1604)
4(742 769 1606 1579)
4(768 1605 1606 769)
4(1578 1579 1606 1605)
4(743 770 1607 1580)
4(769 1606 1607 770)
4(1579 1580 1607 1606)
4(744 771 1608 1581)
4(770 1607 1608 771)
4(1580 1581 1608 1607)
4(745 772 1609 1582)
4(771 1608 1609 772)
4(1581 1582 1609 1608)
4(746 773 1610 1583)
4(772 1609 1610 773)
4(1582 1583 1610 1609)
4(747 774 1611 1584)
4(773 1610 1611 774)
4(1583 1584 1611 1610)
4(748 775 1612 1585)
4(774 1611 1612 775)
4(1584 1585 1612 1611)
4(749 776 1613 1586)
4(775 1612 1613 776)
4(1585 1586 1613 1612)
4(750 777 1614 1587)
4(776 1613 1614 777)
4(1586 1587 1614 1613)
4(751 778 1615 1588)
4(777 1614 1615 778)
4(1587 1588 1615 1614)
4(752 779 1616 1589)
4(778 1615 1616 779)
4(1588 1589 1616 1615)
4(753 780 1617 1590)
4(779 1616 1617 780)
4(1589 1590 1617 1616)
4(754 781 1618 1591)
4(780 1617 1618 781)
4(1590 1591 1618 1617)
4(781 1618 1619 782)
4(1591 1592 1619 1618)
4(757 784 1621 1594)
4(783 1620 1621 784)
4(1593 1594 1621 1620)
4(758 785 1622 1595)
4(784 1621 1622 785)
4(1594 1595 1622 1621)
4(759 786 1623 1596)
4(785 1622 1623 786)
4(1595 1596 1623 1622)
4(760 787 1624 1597)
4(786 1623 1624 787)
4(1596 1597 1624 1623)
4(761 788 1625 1598)
4(787 1624 1625 788)
4(1597 1598 1625 1624)
4(762 789 1626 1599)
4(788 1625 1626 789)
4(1598 1599 1626 1625)
4(763 790 1627 1600)
4(789 1626 1627 790)
4(1599 1600 1627 1626)
4(764 791 1628 1601)
4(790 1627 1628 791)
4(1600 1601 1628 1627)
4(765 792 1629 1602)
4(791 1628 1629 792)
4(1601 1602 1629 1628)
4(766 793 1630 1603)
4(792 1629 1630 793)
4(1602 1603 1630 1629)
4(767 794 1631 1604)
4(793 1630 1631 794)
4(1603 1604 1631 1630)
4(768 795 1632 1605)
4(794 1631 1632 795)
4(1604 1605 1632 1631)
4(769 796 1633 1606)
4(795 1632 1633 796)
4(1605 1606 1633 1632)
4(770 797 1634 1607)
4(796 1633 1634 797)
4(1606 1607 1634 1633)
4(771 798 1635 1608)
4(797 1634 1635 798)
4(1607 1608 1635 1634)
4(772 799 1636 1609)
4(798 1635 1636 799)
4(1608 1609 1636 1635)
4(773 800 1637 1610)
4(799 1636 1637 800)
4(1609 1610 1637 1636)
4(774 801 1638 1611)
4(800 1637 1638 801)
4(1610 1611 1638 1637)
4(775 802 1639 1612)
4(801 1638 1639 802)
4(1611 1612 1639 1638)
4(776 803 1640 1613)
4(802 1639 1640 803)
4(1612 1613 1640 1639)
4(777 804 1641 1614)
4(803 1640 1641 804)
4(1613 1614 1641 1640)
4(778 805 1642 1615)
4(804 1641 1642 805)
4(1614 1615 1642 1641)
4(779 806 1643 1616)
4(805 1642 1643 806)
4(1615 1616 1643 1642)
4(780 807 1644 1617)
4(806 1643 1644 807)
4(1616 1617 1644 1643)
4(781 808 1645 1618)
4(807 1644 1645 808)
4(1617 1618 1645 1644)
4(808 1645 1646 809)
4(1618 1619 1646 1645)
4(784 811 1648 1621)
4(1620 1621 1648 1647)
4(785 812 1649 1622)
4(1621 1622 1649 1648)
4(786 813 1650 1623)
4(1622 1623 1650 1649)
4(787 814 1651 1624)
4(1623 1624 1651 1650)
4(788 815 1652 1625)
4(1624 1625 1652 1651)
4(789 816 1653 1626)
4(1625 1626 1653 1652)
4(790 817 1654 1627)
4(1626 1627 1654 1653)
4(791 818 1655 1628)
4(1627 1628 1655 1654)
4(792 819 1656 1629)
4(1628 1629 1656 1655)
4(793 820 1657 1630)
4(1629 1630 1657 1656)
4(794 821 1658 1631)
4(1630 1631 1658 1657)
4(795 822 1659 1632)
4(1631 1632 1659 1658)
4(796 823 1660 1633)
4(1632 1633 1660 1659)
4(797 824 1661 1634)
4(1633 1634 1661 1660)
4(798 825 1662 1635)
4(1634 1635 1662 1661)
4(799 826 1663 1636)
4(1635 1636 1663 1662)
4(800 827 1664 1637)
4(1636 1637 1664 1663)
4(801 828 1665 1638)
4(1637 1638 1665 1664)
4(802 829 1666 1639)
4(1638 1639 1666 1665)
4(803 830 1667 1640)
4(1639 1640 1667 1666)
4(804 831 1668 1641)
4(1640 1641 1668 1667)
4(805 832 1669 1642)
4(1641 1642 1669 1668)
4(806 833 1670 1643)
4(1642 1643 1670 1669)
4(807 834 1671 1644)
4(1643 1644 1671 1670)
4(808 835 1672 1645)
4(1644 1645 1672 1671)
4(1645 1646 1673 1672)
4(838 865 1702 1675)
4(864 1701 1702 865)
4(1674 1675 1702 1701)
4(839 866 1703 1676)
4(865 1702 1703 866)
4(1675 1676 1703 1702)
4(840 867 1704 1677)
4(866 1703 1704 867)
4(1676 1677 1704 1703)
4(841 868 1705 1678)
4(867 1704 1705 868)
4(1677 1678 1705 1704)
4(842 869 1706 1679)
4(868 1705 1706 869)
4(1678 1679 1706 1705)
4(843 870 1707 1680)
4(869 1706 1707 870)
4(1679 1680 1707 1706)
4(844 871 1708 1681)
4(870 1707 1708 871)
4(1680 1681 1708 1707)
4(845 872 1709 1682)
4(871 1708 1709 872)
4(1681 1682 1709 1708)
4(846 873 1710 1683)
4(872 1709 1710 873)
4(1682 1683 1710 1709)
4(847 874 1711 1684)
4(873 1710 1711 874)
4(1683 1684 1711 1710)
4(848 875 1712 1685)
4(874 1711 1712 875)
4(1684 1685 1712 1711)
4(849 876 1713 1686)
4(875 1712 1713 876)
4(1685 1686 1713 1712)
4(850 877 1714 1687)
4(876 1713 1714 877)
4(1686 1687 1714 1713)
4(851 878 1715 1688)
4(877 1714 1715 878)
4(1687 1688 1715 1714)
4(852 879 1716 1689)
4(878 1715 1716 879)
4(1688 1689 1716 1715)
4(853 880 1717 1690)
4(879 1716 1717 880)
4(1689 1690 1717 1716)
4(854 881 1718 1691)
4(880 1717 1718 881)
4(1690 1691 1718 1717)
4(855 882 1719 1692)
4(881 1718 1719 882)
4(1691 1692 1719 1718)
4(856 883 1720 1693)
4(882 1719 1720 883)
4(1692 1693 1720 1719)
4(857 884 1721 1694)
4(883 1720 1721 884)
4(1693 1694 1721 1720)
4(858 885 1722 1695)
4(884 1721 1722 885)
4(1694 1695 1722 1721)
4(859 886 1723 1696)
4(885 1722 1723 886)
4(1695 1696 1723 1722)
4(860 887 1724 1697)
4(886 1723 1724 887)
4(1696 1697 1724 1723)
4(861 888 1725 1698)
4(887 1724 1725 888)
4(1697 1698 1725 1724)
4(862 889 1726 1699)
4(888 1725 1726 889)
4(1698 1699 1726 1725)
4(889 1726 1727 890)
4(1699 1700 1727 1726)
4(865 892 1729 1702)
4(891 1728 1729 892)
4(1701 1702 1729 1728)
4(866 893 1730 1703)
4(892 1729 1730 893)
4(1702 1703 1730 1729)
4(867 894 1731 1704)
4(893 1730 1731 894)
4(1703 1704 1731 1730)
4(868 895 1732 1705)
4(894 1731 1732 895)
4(1704 1705 1732 1731)
4(869 896 1733 1706)
4(895 1732 1733 896)
4(1705 1706 1733 1732)
4(870 897 1734 1707)
4(896 1733 1734 897)
4(1706 1707 1734 1733)
4(871 898 1735 1708)
4(897 1734 1735 898)
4(1707 1708 1735 1734)
4(872 899 1736 1709)
4(898 1735 1736 899)
4(1708 1709 1736 1735)
4(873 900 1737 1710)
4(899 1736 1737 900)
4(1709 1710 1737 1736)
4(874 901 1738 1711)
4(900 1737 1738 901)
4(1710 1711 1738 1737)
4(875 902 1739 1712)
4(901 1738 1739 902)
4(1711 1712 1739 1738)
4(876 903 1740 1713)
4(902 1739 1740 903)
4(1712 1713 1740 1739)
4(877 904 1741 1714)
4(903 1740 1741 904)
4(1713 1714 1741 1740)
4(878 905 1742 1715)
4(904 1741 1742 905)
4(1714 1715 1742 1741)
4(879 906 1743 1716)
4(905 1742 1743 906)
4(1715 1716 1743 1742)
4(880 907 1744 1717)
4(906 1743 1744 907)
4(1716 1717 1744 1743)
4(881 908 1745 1718)
4(907 1744 1745 908)
4(1717 1718 1745 1744)
4(882 909 1746 1719)
4(908 1745 1746 909)
4(1718 1719 1746 1745)
4(883 910 1747 1720)
4(909 1746 1747 910)
4(1719 1720 1747 1746)
4(884 911 1748 1721)
4(910 1747 1748 911)
4(1720 1721 1748 1747)
4(885 912 1749 1722)
4(911 1748 1749 912)
4(1721 1722 1749 1748)
4(886 913 1750 1723)
4(912 1749 1750 913)
4(1722 1723 1750 1749)
4(887 914 1751 1724)
4(913 1750 1751 914)
4(1723 1724 1751 1750)
4(888 915 1752 1725)
4(914 1751 1752 915)
4(1724 1725 1752 1751)
4(889 916 1753 1726)
4(915 1752 1753 916)
4(1725 1726 1753 1752)
4(916 1753 1754 917)
4(1726 1727 1754 1753)
4(892 919 1756 1729)
4(918 1755 1756 919)
4(1728 1729 1756 1755)
4(893 920 1757 1730)
4(919 1756 1757 920)
4(1729 1730 1757 1756)
4(894 921 1758 1731)
4(920 1757 1758 921)
4(1730 1731 1758 1757)
4(895 922 1759 1732)
4(921 1758 1759 922)
4(1731 1732 1759 1758)
4(896 923 1760 1733)
4(922 1759 1760 923)
4(1732 1733 1760 1759)
4(897 924 1761 1734)
4(923 1760 1761 924)
4(1733 1734 1761 1760)
4(898 925 1762 1735)
4(924 1761 1762 925)
4(1734 1735 1762 1761)
4(899 926 1763 1736)
4(925 1762 1763 926)
4(1735 1736 1763 1762)
4(900 927 1764 1737)
4(926 1763 1764 927)
4(1736 1737 1764 1763)
4(901 928 1765 1738)
4(927 1764 1765 928)
4(1737 1738 1765 1764)
4(902 929 1766 1739)
4(928 1765 1766 929)
4(1738 1739 1766 1765)
4(903 930 1767 1740)
4(929 1766 1767 930)
4(1739 1740 1767 1766)
4(904 931 1768 1741)
4(930 1767 1768 931)
4(1740 1741 1768 1767)
4(905 932 1769 1742)
4(931 1768 1769 932)
4(1741 1742 1769 1768)
4(906 933 1770 1743)
4(932 1769 1770 933)
4(1742 1743 1770 1769)
4(907 934 1771 1744)
4(933 1770 1771 934)
4(1743 1744 1771 1770)
4(908 935 1772 1745)
4(934 1771 1772 935)
4(1744 1745 1772 1771)
4(909 936 1773 1746)
4(935 1772 1773 936)
4(1745 1746 1773 1772)
4(910 937 1774 1747)
4(936 1773 1774 937)
4(1746 1747 1774 1773)
4(911 938 1775 1748)
4(937 1774 1775 938)
4(1747 1748 1775 1774)
4(912 939 1776 1749)
4(938 1775 1776 939)
4(1748 1749 1776 1775)
4(913 940 1777 1750)
4(939 1776 1777 940)
4(1749 1750 1777 1776)
4(914 941 1778 1751)
4(940 1777 1778 941)
4(1750 1751 1778 1777)
4(915 942 1779 1752)
4(941 1778 1779 942)
4(1751 1752 1779 1778)
4(916 943 1780 1753)
4(942 1779 1780 943)
4(1752 1753 1780 1779)
4(943 1780 1781 944)
4(1753 1754 1781 1780)
4(919 946 1783 1756)
4(945 1782 1783 946)
4(1755 1756 1783 1782)
4(920 947 1784 1757)
4(946 1783 1784 947)
4(1756 1757 1784 1783)
4(921 948 1785 1758)
4(947 1784 1785 948)
4(1757 1758 1785 1784)
4(922 949 1786 1759)
4(948 1785 1786 949)
4(1758 1759 1786 1785)
4(923 950 1787 1760)
4(949 1786 1787 950)
4(1759 1760 1787 1786)
4(924 951 1788 1761)
4(950 1787 1788 951)
4(1760 1761 1788 1787)
4(925 952 1789 1762)
4(951 1788 1789 952)
4(1761 1762 1789 1788)
4(926 953 1790 1763)
4(952 1789 1790 953)
4(1762 1763 1790 1789)
4(927 954 1791 1764)
4(953 1790 1791 954)
4(1763 1764 1791 1790)
4(928 955 1792 1765)
4(954 1791 1792 955)
4(1764 1765 1792 1791)
4(929 956 1793 1766)
4(955 1792 1793 956)
4(1765 1766 1793 1792)
4(930 957 1794 1767)
4(956 1793 1794 957)
4(1766 1767 1794 1793)
4(931 958 1795 1768)
4(957 1794 1795 958)
4(1767 1768 1795 1794)
4(932 959 1796 1769)
4(958 1795 1796 959)
4(1768 1769 1796 1795)
4(933 960 1797 1770)
4(959 1796 1797 960)
4(1769 1770 1797 1796)
4(934 961 1798 1771)
4(960 1797 1798 961)
4(1770 1771 1798 1797)
4(935 962 1799 1772)
4(961 1798 1799 962)
4(1771 1772 1799 1798)
4(936 963 1800 1773)
4(962 1799 1800 963)
4(1772 1773 1800 1799)
4(937 964 1801 1774)
4(963 1800 1801 964)
4(1773 1774 1801 1800)
4(938 965 1802 1775)
4(964 1801 1802 965)
4(1774 1775 1802 1801)
4(939 966 1803 1776)
4(965 1802 1803 966)
4(1775 1776 1803 1802)
4(940 967 1804 1777)
4(966 1803 1804 967)
4(1776 1777 1804 1803)
4(941 968 1805 1778)
4(967 1804 1805 968)
4(1777 1778 1805 1804)
4(942 969 1806 1779)
4(968 1805 1806 969)
4(1778 1779 1806 1805)
4(943 970 1807 1780)
4(969 1806 1807 970)
4(1779 1780 1807 1806)
4(970 1807 1808 971)
4(1780 1781 1808 1807)
4(946 973 1810 1783)
4(972 1809 1810 973)
4(1782 1783 1810 1809)
4(947 974 1811 1784)
4(973 1810 1811 974)
4(1783 1784 1811 1810)
4(948 975 1812 1785)
4(974 1811 1812 975)
4(1784 1785 1812 1811)
4(949 976 1813 1786)
4(975 1812 1813 976)
4(1785 1786 1813 1812)
4(950 977 1814 1787)
4(976 1813 1814 977)
4(1786 1787 1814 1813)
4(951 978 1815 1788)
4(977 1814 1815 978)
4(1787 1788 1815 1814)
4(952 979 1816 1789)
4(978 1815 1816 979)
4(1788 1789 1816 1815)
4(953 980 1817 1790)
4(979 1816 1817 980)
4(1789 1790 1817 1816)
4(954 981 1818 1791)
4(980 1817 1818 981)
4(1790 1791 1818 1817)
4(955 982 1819 1792)
4(981 1818 1819 982)
4(1791 1792 1819 1818)
4(956 983 1820 1793)
4(982 1819 1820 983)
4(1792 1793 1820 1819)
4(957 984 1821 1794)
4(983 1820 1821 984)
4(1793 1794 1821 1820)
4(958 985 1822 1795)
4(984 1821 1822 985)
4(1794 1795 1822 1821)
4(959 986 1823 1796)
4(985 1822 1823 986)
4(1795 1796 1823 1822)
4(960 987 1824 1797)
4(986 1823 1824 987)
4(1796 1797 1824 1823)
4(961 988 1825 1798)
4(987 1824 1825 988)
4(1797 1798 1825 1824)
4(962 989 1826 1799)
4(988 1825 1826 989)
4(1798 1799 1826 1825)
4(963 990 1827 1800)
4(989 1826 1827 990)
4(1799 1800 1827 1826)
4(964 991 1828 1801)
4(990 1827 1828 991)
4(1800 1801 1828 1827)
4(965 992 1829 1802)
4(991 1828 1829 992)
4(1801 1802 1829 1828)
4(966 993 1830 1803)
4(992 1829 1830 993)
4(1802 1803 1830 1829)
4(967 994 1831 1804)
4(993 1830 1831 994)
4(1803 1804 1831 1830)
4(968 995 1832 1805)
4(994 1831 1832 995)
4(1804 1805 1832 1831)
4(969 996 1833 1806)
4(995 1832 1833 996)
4(1805 1806 1833 1832)
4(970 997 1834 1807)
4(996 1833 1834 997)
4(1806 1807 1834 1833)
4(997 1834 1835 998)
4(1807 1808 1835 1834)
4(973 1000 1837 1810)
4(999 1836 1837 1000)
4(1809 1810 1837 1836)
4(974 1001 1838 1811)
4(1000 1837 1838 1001)
4(1810 1811 1838 1837)
4(975 1002 1839 1812)
4(1001 1838 1839 1002)
4(1811 1812 1839 1838)
4(976 1003 1840 1813)
4(1002 1839 1840 1003)
4(1812 1813 1840 1839)
4(977 1004 1841 1814)
4(1003 1840 1841 1004)
4(1813 1814 1841 1840)
4(978 1005 1842 1815)
4(1004 1841 1842 1005)
4(1814 1815 1842 1841)
4(979 1006 1843 1816)
4(1005 1842 1843 1006)
4(1815 1816 1843 1842)
4(980 1007 1844 1817)
4(1006 1843 1844 1007)
4(1816 1817 1844 1843)
4(981 1008 1845 1818)
4(1007 1844 1845 1008)
4(1817 1818 1845 1844)
4(982 1009 1846 1819)
4(1008 1845 1846 1009)
4(1818 1819 1846 1845)
4(983 1010 1847 1820)
4(1009 1846 1847 1010)
4(1819 1820 1847 1846)
4(984 1011 1848 1821)
4(1010 1847 1848 1011)
4(1820 1821 1848 1847)
4(985 1012 1849 1822)
4(1011 1848 1849 1012)
4(1821 1822 1849 1848)
4(986 1013 1850 1823)
4(1012 1849 1850 1013)
4(1822 1823 1850 1849)
4(987 1014 1851 1824)
4(1013 1850 1851 1014)
4(1823 1824 1851 1850)
4(988 1015 1852 1825)
4(1014 1851 1852 1015)
4(1824 1825 1852 1851)
4(989 1016 1853 1826)
4(1015 1852 1853 1016)
4(1825 1826 1853 1852)
4(990 1017 1854 1827)
4(1016 1853 1854 1017)
4(1826 1827 1854 1853)
4(991 1018 1855 1828)
4(1017 1854 1855 1018)
4(1827 1828 1855 1854)
4(992 1019 1856 1829)
4(1018 1855 1856 1019)
4(1828 1829 1856 1855)
4(993 1020 1857 1830)
4(1019 1856 1857 1020)
4(1829 1830 1857 1856)
4(994 1021 1858 1831)
4(1020 1857 1858 1021)
4(1830 1831 1858 1857)
4(995 1022 1859 1832)
4(1021 1858 1859 1022)
4(1831 1832 1859 1858)
4(996 1023 1860 1833)
4(1022 1859 1860 1023)
4(1832 1833 1860 1859)
4(997 1024 1861 1834)
4(1023 1860 1861 1024)
4(1833 1834 1861 1860)
4(1024 1861 1862 1025)
4(1834 1835 1862 1861)
4(1000 1027 1864 1837)
4(1026 1863 1864 1027)
4(1836 1837 1864 1863)
4(1001 1028 1865 1838)
4(1027 1864 1865 1028)
4(1837 1838 1865 1864)
4(1002 1029 1866 1839)
4(1028 1865 1866 1029)
4(1838 1839 1866 1865)
4(1003 1030 1867 1840)
4(1029 1866 1867 1030)
4(1839 1840 1867 1866)
4(1004 1031 1868 1841)
4(1030 1867 1868 1031)
4(1840 1841 1868 1867)
4(1005 1032 1869 1842)
4(1031 1868 1869 1032)
4(1841 1842 1869 1868)
4(1006 1033 1870 1843)
4(1032 1869 1870 1033)
4(1842 1843 1870 1869)
4(1007 1034 1871 1844)
4(1033 1870 1871 1034)
4(1843 1844 1871 1870)
4(1008 1035 1872 1845)
4(1034 1871 1872 1035)
4(1844 1845 1872 1871)
4(1009 1036 1873 1846)
4(1035 1872 1873 1036)
4(1845 1846 1873 1872)
4(1010 1037 1874 1847)
4(1036 1873 1874 1037)
4(1846 1847 1874 1873)
4(1011 1038 1875 1848)
4(1037 1874 1875 1038)
4(1847 1848 1875 1874)
4(1012 1039 1876 1849)
4(1038 1875 1876 1039)
4(1848 1849 1876 1875)
4(1013 1040 1877 1850)
4(1039 1876 1877 1040)
4(1849 1850 1877 1876)
4(1014 1041 1878 1851)
4(1040 1877 1878 1041)
4(1850 1851 1878 1877)
4(1015 1042 1879 1852)
4(1041 1878 1879 1042)
4(1851 1852 1879 1878)
4(1016 1043 1880 1853)
4(1042 1879 1880 1043)
4(1852 1853 1880 1879)
4(1017 1044 1881 1854)
4(1043 1880 1881 1044)
4(1853 1854 1881 1880)
4(1018 1045 1882 1855)
4(1044 1881 1882 1045)
4(1854 1855 1882 1881)
4(1019 1046 1883 1856)
4(1045 1882 1883 1046)
4(1855 1856 1883 1882)
4(1020 1047 1884 1857)
4(1046 1883 1884 1047)
4(1856 1857 1884 1883)
4(1021 1048 1885 1858)
4(1047 1884 1885 1048)
4(1857 1858 1885 1884)
4(1022 1049 1886 1859)
4(1048 1885 1886 1049)
4(1858 1859 1886 1885)
4(1023 1050 1887 1860)
4(1049 1886 1887 1050)
4(1859 1860 1887 1886)
4(1024 1051 1888 1861)
4(1050 1887 1888 1051)
4(1860 1861 1888 1887)
4(1051 1888 1889 1052)
4(1861 1862 1889 1888)
4(1027 1054 1891 1864)
4(1053 1890 1891 1054)
4(1863 1864 1891 1890)
4(1028 1055 1892 1865)
4(1054 1891 1892 1055)
4(1864 1865 1892 1891)
4(1029 1056 1893 1866)
4(1055 1892 1893 1056)
4(1865 1866 1893 1892)
4(1030 1057 1894 1867)
4(1056 1893 1894 1057)
4(1866 1867 1894 1893)
4(1031 1058 1895 1868)
4(1057 1894 1895 1058)
4(1867 1868 1895 1894)
4(1032 1059 1896 1869)
4(1058 1895 1896 1059)
4(1868 1869 1896 1895)
4(1033 1060 1897 1870)
4(1059 1896 1897 1060)
4(1869 1870 1897 1896)
4(1034 1061 1898 1871)
4(1060 1897 1898 1061)
4(1870 1871 1898 1897)
4(1035 1062 1899 1872)
4(1061 1898 1899 1062)
4(1871 1872 1899 1898)
4(1036 1063 1900 1873)
4(1062 1899 1900 1063)
4(1872 1873 1900 1899)
4(1037 1064 1901 1874)
4(1063 1900 1901 1064)
4(1873 1874 1901 1900)
4(1038 1065 1902 1875)
4(1064 1901 1902 1065)
4(1874 1875 1902 1901)
4(1039 1066 1903 1876)
4(1065 1902 1903 1066)
4(1875 1876 1903 1902)
4(1040 1067 1904 1877)
4(1066 1903 1904 1067)
4(1876 1877 1904 1903)
4(1041 1068 1905 1878)
4(1067 1904 1905 1068)
4(1877 1878 1905 1904)
4(1042 1069 1906 1879)
4(1068 1905 1906 1069)
4(1878 1879 1906 1905)
4(1043 1070 1907 1880)
4(1069 1906 1907 1070)
4(1879 1880 1907 1906)
4(1044 1071 1908 1881)
4(1070 1907 1908 1071)
4(1880 1881 1908 1907)
4(1045 1072 1909 1882)
4(1071 1908 1909 1072)
4(1881 1882 1909 1908)
4(1046 1073 1910 1883)
4(1072 1909 1910 1073)
4(1882 1883 1910 1909)
4(1047 1074 1911 1884)
4(1073 1910 1911 1074)
4(1883 1884 1911 1910)
4(1048 1075 1912 1885)
4(1074 1911 1912 1075)
4(1884 1885 1912 1911)
4(1049 1076 1913 1886)
4(1075 1912 1913 1076)
4(1885 1886 1913 1912)
4(1050 1077 1914 1887)
4(1076 1913 1914 1077)
4(1886 1887 1914 1913)
4(1051 1078 1915 1888)
4(1077 1914 1915 1078)
4(1887 1888 1915 1914)
4(1078 1915 1916 1079)
4(1888 1889 1916 1915)
4(1054 1081 1918 1891)
4(1080 1917 1918 1081)
4(1890 1891 1918 1917)
4(1055 1082 1919 1892)
4(1081 1918 1919 1082)
4(1891 1892 1919 1918)
4(1056 1083 1920 1893)
4(1082 1919 1920 1083)
4(1892 1893 1920 1919)
4(1057 1084 1921 1894)
4(1083 1920 1921 1084)
4(1893 1894 1921 1920)
4(1058 1085 1922 1895)
4(1084 1921 1922 1085)
4(1894 1895 1922 1921)
4(1059 1086 1923 1896)
4(1085 1922 1923 1086)
4(1895 1896 1923 1922)
4(1060 1087 1924 1897)
4(1086 1923 1924 1087)
4(1896 1897 1924 1923)
4(1061 1088 1925 1898)
4(1087 1924 1925 1088)
4(1897 1898 1925 1924)
4(1062 1089 1926 1899)
4(1088 1925 1926 1089)
4(1898 1899 1926 1925)
4(1063 1090 1927 1900)
4(1089 1926 1927 1090)
4(1899 1900 1927 1926)
4(1064 1091 1928 1901)
4(1090 1927 1928 1091)
4(1900 1901 1928 1927)
4(1065 1092 1929 1902)
4(1091 1928 1929 1092)
4(1901 1902 1929 1928)
4(1066 1093 1930 1903)
4(1092 1929 1930 1093)
4(1902 1903 1930 1929)
4(1067 1094 1931 1904)
4(1093 1930 1931 1094)
4(1903 1904 1931 1930)
4(1068 1095 1932 1905)
4(1094 1931 1932 1095)
4(1904 1905 1932 1931)
4(1069 1096 1933 1906)
4(1095 1932 1933 1096)
4(1905 1906 1933 1932)
4(1070 1097 1934 1907)
4(1096 1933 1934 1097)
4(1906 1907 1934 1933)
4(1071 1098 1935 1908)
4(1097 1934 1935 1098)
4(1907 1908 1935 1934)
4(1072 1099 1936 1909)
4(1098 1935 1936 1099)
4(1908 1909 1936 1935)
4(1073 1100 1937 1910)
4(1099 1936 1937 1100)
4(1909 1910 1937 1936)
4(1074 1101 1938 1911)
4(1100 1937 1938 1101)
4(1910 1911 1938 1937)
4(1075 1102 1939 1912)
4(1101 1938 1939 1102)
4(1911 1912 1939 1938)
4(1076 1103 1940 1913)
4(1102 1939 1940 1103)
4(1912 1913 1940 1939)
4(1077 1104 1941 1914)
4(1103 1940 1941 1104)
4(1913 1914 1941 1940)
4(1078 1105 1942 1915)
4(1104 1941 1942 1105)
4(1914 1915 1942 1941)
4(1105 1942 1943 1106)
4(1915 1916 1943 1942)
4(1081 1108 1945 1918)
4(1107 1944 1945 1108)
4(1917 1918 1945 1944)
4(1082 1109 1946 1919)
4(1108 1945 1946 1109)
4(1918 1919 1946 1945)
4(1083 1110 1947 1920)
4(1109 1946 1947 1110)
4(1919 1920 1947 1946)
4(1084 1111 1948 1921)
4(1110 1947 1948 1111)
4(1920 1921 1948 1947)
4(1085 1112 1949 1922)
4(1111 1948 1949 1112)
4(1921 1922 1949 1948)
4(1086 1113 1950 1923)
4(1112 1949 1950 1113)
4(1922 1923 1950 1949)
4(1087 1114 1951 1924)
4(1113 1950 1951 1114)
4(1923 1924 1951 1950)
4(1088 1115 1952 1925)
4(1114 1951 1952 1115)
4(1924 1925 1952 1951)
4(1089 1116 1953 1926)
4(1115 1952 1953 1116)
4(1925 1926 1953 1952)
4(1090 1117 1954 1927)
4(1116 1953 1954 1117)
4(1926 1927 1954 1953)
4(1091 1118 1955 1928)
4(1117 1954 1955 1118)
4(1927 1928 1955 1954)
4(1092 1119 1956 1929)
4(1118 1955 1956 1119)
4(1928 1929 1956 1955)
4(1093 1120 1957 1930)
4(1119 1956 1957 1120)
4(1929 1930 1957 1956)
4(1094 1121 1958 1931)
4(1120 1957 1958 1121)
4(1930 1931 1958 1957)
4(1095 1122 1959 1932)
4(1121 1958 1959 1122)
4(1931 1932 1959 1958)
4(1096 1123 1960 1933)
4(1122 1959 1960 1123)
4(1932 1933 1960 1959)
4(1097 1124 1961 1934)
4(1123 1960 1961 1124)
4(1933 1934 1961 1960)
4(1098 1125 1962 1935)
4(1124 1961 1962 1125)
4(1934 1935 1962 1961)
4(1099 1126 1963 1936)
4(1125 1962 1963 1126)
4(1935 1936 1963 1962)
4(1100 1127 1964 1937)
4(1126 1963 1964 1127)
4(1936 1937 1964 1963)
4(1101 1128 1965 1938)
4(1127 1964 1965 1128)
4(1937 1938 1965 1964)
4(1102 1129 1966 1939)
4(1128 1965 1966 1129)
4(1938 1939 1966 1965)
4(1103 1130 1967 1940)
4(1129 1966 1967 1130)
4(1939 1940 1967 1966)
4(1104 1131 1968 1941)
4(1130 1967 1968 1131)
4(1940 1941 1968 1967)
4(1105 1132 1969 1942)
4(1131 1968 1969 1132)
4(1941 1942 1969 1968)
4(1132 1969 1970 1133)
4(1942 1943 1970 1969)
4(1108 1135 1972 1945)
4(1134 1971 1972 1135)
4(1944 1945 1972 1971)
4(1109 1136 1973 1946)
4(1135 1972 1973 1136)
4(1945 1946 1973 1972)
4(1110 1137 1974 1947)
4(1136 1973 1974 1137)
4(1946 1947 1974 1973)
4(1111 1138 1975 1948)
4(1137 1974 1975 1138)
4(1947 1948 1975 1974)
4(1112 1139 1976 1949)
4(1138 1975 1976 1139)
4(1948 1949 1976 1975)
4(1113 1140 1977 1950)
4(1139 1976 1977 1140)
4(1949 1950 1977 1976)
4(1114 1141 1978 1951)
4(1140 1977 1978 1141)
4(1950 1951 1978 1977)
4(1115 1142 1979 1952)
4(1141 1978 1979 1142)
4(1951 1952 1979 1978)
4(1116 1143 1980 1953)
4(1142 1979 1980 1143)
4(1952 1953 1980 1979)
4(1117 1144 1981 1954)
4(1143 1980 1981 1144)
4(1953 1954 1981 1980)
4(1118 1145 1982 1955)
4(1144 1981 1982 1145)
4(1954 1955 1982 1981)
4(1119 1146 1983 1956)
4(1145 1982 1983 1146)
4(1955 1956 1983 1982)
4(1120 1147 1984 1957)
4(1146 1983 1984 1147)
4(1956 1957 1984 1983)
4(1121 1148 1985 1958)
4(1147 1984 1985 1148)
4(1957 1958 1985 1984)
4(1122 1149 1986 1959)
4(1148 1985 1986 1149)
4(1958 1959 1986 1985)
4(1123 1150 1987 1960)
4(1149 1986 1987 1150)
4(1959 1960 1987 1986)
4(1124 1151 1988 1961)
4(1150 1987 1988 1151)
4(1960 1961 1988 1987)
4(1125 1152 1989 1962)
4(1151 1988 1989 1152)
4(1961 1962 1989 1988)
4(1126 1153 1990 1963)
4(1152 1989 1990 1153)
4(1962 1963 1990 1989)
4(1127 1154 1991 1964)
4(1153 1990 1991 1154)
4(1963 1964 1991 1990)
4(1128 1155 1992 1965)
4(1154 1991 1992 1155)
4(1964 1965 1992 1991)
4(1129 1156 1993 1966)
4(1155 1992 1993 1156)
4(1965 1966 1993 1992)
4(1130 1157 1994 1967)
4(1156 1993 1994 1157)
4(1966 1967 1994 1993)
4(1131 1158 1995 1968)
4(1157 1994 1995 1158)
4(1967 1968 1995 1994)
4(1132 1159 1996 1969)
4(1158 1995 1996 1159)
4(1968 1969 1996 1995)
4(1159 1996 1997 1160)
4(1969 1970 1997 1996)
4(1135 1162 1999 1972)
4(1161 1998 1999 1162)
4(1971 1972 1999 1998)
4(1136 1163 2000 1973)
4(1162 1999 2000 1163)
4(1972 1973 2000 1999)
4(1137 1164 2001 1974)
4(1163 2000 2001 1164)
4(1973 1974 2001 2000)
4(1138 1165 2002 1975)
4(1164 2001 2002 1165)
4(1974 1975 2002 2001)
4(1139 1166 2003 1976)
4(1165 2002 2003 1166)
4(1975 1976 2003 2002)
4(1140 1167 2004 1977)
4(1166 2003 2004 1167)
4(1976 1977 2004 2003)
4(1141 1168 2005 1978)
4(1167 2004 2005 1168)
4(1977 1978 2005 2004)
4(1142 1169 2006 1979)
4(1168 2005 2006 1169)
4(1978 1979 2006 2005)
4(1143 1170 2007 1980)
4(1169 2006 2007 1170)
4(1979 1980 2007 2006)
4(1144 1171 2008 1981)
4(1170 2007 2008 1171)
4(1980 1981 2008 2007)
4(1145 1172 2009 1982)
4(1171 2008 2009 1172)
4(1981 1982 2009 2008)
4(1146 1173 2010 1983)
4(1172 2009 2010 1173)
4(1982 1983 2010 2009)
4(1147 1174 2011 1984)
4(1173 2010 2011 1174)
4(1983 1984 2011 2010)
4(1148 1175 2012 1985)
4(1174 2011 2012 1175)
4(1984 1985 2012 2011)
4(1149 1176 2013 1986)
4(1175 2012 2013 1176)
4(1985 1986 2013 2012)
4(1150 1177 2014 1987)
4(1176 2013 2014 1177)
4(1986 1987 2014 2013)
4(1151 1178 2015 1988)
4(1177 2014 2015 1178)
4(1987 1988 2015 2014)
4(1152 1179 2016 1989)
4(1178 2015 2016 1179)
4(1988 1989 2016 2015)
4(1153 1180 2017 1990)
4(1179 2016 2017 1180)
4(1989 1990 2017 2016)
4(1154 1181 2018 1991)
4(1180 2017 2018 1181)
4(1990 1991 2018 2017)
4(1155 1182 2019 1992)
4(1181 2018 2019 1182)
4(1991 1992 2019 2018)
4(1156 1183 2020 1993)
4(1182 2019 2020 1183)
4(1992 1993 2020 2019)
4(1157 1184 2021 1994)
4(1183 2020 2021 1184)
4(1993 1994 2021 2020)
4(1158 1185 2022 1995)
4(1184 2021 2022 1185)
4(1994 1995 2022 2021)
4(1159 1186 2023 1996)
4(1185 2022 2023 1186)
4(1995 1996 2023 2022)
4(1186 2023 2024 1187)
4(1996 1997 2024 2023)
4(1162 1189 2026 1999)
4(1188 2025 2026 1189)
4(1998 1999 2026 2025)
4(1163 1190 2027 2000)
4(1189 2026 2027 1190)
4(1999 2000 2027 2026)
4(1164 1191 2028 2001)
4(1190 2027 2028 1191)
4(2000 2001 2028 2027)
4(1165 1192 2029 2002)
4(1191 2028 2029 1192)
4(2001 2002 2029 2028)
4(1166 1193 2030 2003)
4(1192 2029 2030 1193)
4(2002 2003 2030 2029)
4(1167 1194 2031 2004)
4(1193 2030 2031 1194)
4(2003 2004 2031 2030)
4(1168 1195 2032 2005)
4(1194 2031 2032 1195)
4(2004 2005 2032 2031)
4(1169 1196 2033 2006)
4(1195 2032 2033 1196)
4(2005 2006 2033 2032)
4(1170 1197 2034 2007)
4(1196 2033 2034 1197)
4(2006 2007 2034 2033)
4(1171 1198 2035 2008)
4(1197 2034 2035 1198)
4(2007 2008 2035 2034)
4(1172 1199 2036 2009)
4(1198 2035 2036 1199)
4(2008 2009 2036 2035)
4(1173 1200 2037 2010)
4(1199 2036 2037 1200)
4(2009 2010 2037 2036)
4(1174 1201 2038 2011)
4(1200 2037 2038 1201)
4(2010 2011 2038 2037)
4(1175 1202 2039 2012)
4(1201 2038 2039 1202)
4(2011 2012 2039 2038)
4(1176 1203 2040 2013)
4(1202 2039 2040 1203)
4(2012 2013 2040 2039)
4(1177 1204 2041 2014)
4(1203 2040 2041 1204)
4(2013 2014 2041 2040)
4(1178 1205 2042 2015)
4(1204 2041 2042 1205)
4(2014 2015 2042 2041)
4(1179 1206 2043 2016)
4(1205 2042 2043 1206)
4(2015 2016 2043 2042)
4(1180 1207 2044 2017)
4(1206 2043 2044 1207)
4(2016 2017 2044 2043)
4(1181 1208 2045 2018)
4(1207 2044 2045 1208)
4(2017 2018 2045 2044)
4(1182 1209 2046 2019)
4(1208 2045 2046 1209)
4(2018 2019 2046 2045)
4(1183 1210 2047 2020)
4(1209 2046 2047 1210)
4(2019 2020 2047 2046)
4(1184 1211 2048 2021)
4(1210 2047 2048 1211)
4(2020 2021 2048 2047)
4(1185 1212 2049 2022)
4(1211 2048 2049 1212)
4(2021 2022 2049 2048)
4(1186 1213 2050 2023)
4(1212 2049 2050 1213)
4(2022 2023 2050 2049)
4(1213 2050 2051 1214)
4(2023 2024 2051 2050)
4(1189 1216 2053 2026)
4(1215 2052 2053 1216)
4(2025 2026 2053 2052)
4(1190 1217 2054 2027)
4(1216 2053 2054 1217)
4(2026 2027 2054 2053)
4(1191 1218 2055 2028)
4(1217 2054 2055 1218)
4(2027 2028 2055 2054)
4(1192 1219 2056 2029)
4(1218 2055 2056 1219)
4(2028 2029 2056 2055)
4(1193 1220 2057 2030)
4(1219 2056 2057 1220)
4(2029 2030 2057 2056)
4(1194 1221 2058 2031)
4(1220 2057 2058 1221)
4(2030 2031 2058 2057)
4(1195 1222 2059 2032)
4(1221 2058 2059 1222)
4(2031 2032 2059 2058)
4(1196 1223 2060 2033)
4(1222 2059 2060 1223)
4(2032 2033 2060 2059)
4(1197 1224 2061 2034)
4(1223 2060 2061 1224)
4(2033 2034 2061 2060)
4(1198 1225 2062 2035)
4(1224 2061 2062 1225)
4(2034 2035 2062 2061)
4(1199 1226 2063 2036)
4(1225 2062 2063 1226)
4(2035 2036 2063 2062)
4(1200 1227 2064 2037)
4(1226 2063 2064 1227)
4(2036 2037 2064 2063)
4(1201 1228 2065 2038)
4(1227 2064 2065 1228)
4(2037 2038 2065 2064)
4(1202 1229 2066 2039)
4(1228 2065 2066 1229)
4(2038 2039 2066 2065)
4(1203 1230 2067 2040)
4(1229 2066 2067 1230)
4(2039 2040 2067 2066)
4(1204 1231 2068 2041)
4(1230 2067 2068 1231)
4(2040 2041 2068 2067)
4(1205 1232 2069 2042)
4(1231 2068 2069 1232)
4(2041 2042 2069 2068)
4(1206 1233 2070 2043)
4(1232 2069 2070 1233)
4(2042 2043 2070 2069)
4(1207 1234 2071 2044)
4(1233 2070 2071 1234)
4(2043 2044 2071 2070)
4(1208 1235 2072 2045)
4(1234 2071 2072 1235)
4(2044 2045 2072 2071)
4(1209 1236 2073 2046)
4(1235 2072 2073 1236)
4(2045 2046 2073 2072)
4(1210 1237 2074 2047)
4(1236 2073 2074 1237)
4(2046 2047 2074 2073)
4(1211 1238 2075 2048)
4(1237 2074 2075 1238)
4(2047 2048 2075 2074)
4(1212 1239 2076 2049)
4(1238 2075 2076 1239)
4(2048 2049 2076 2075)
4(1213 1240 2077 2050)
4(1239 2076 2077 1240)
4(2049 2050 2077 2076)
4(1240 2077 2078 1241)
4(2050 2051 2078 2077)
4(1216 1243 2080 2053)
4(1242 2079 2080 1243)
4(2052 2053 2080 2079)
4(1217 1244 2081 2054)
4(1243 2080 2081 1244)
4(2053 2054 2081 2080)
4(1218 1245 2082 2055)
4(1244 2081 2082 1245)
4(2054 2055 2082 2081)
4(1219 1246 2083 2056)
4(1245 2082 2083 1246)
4(2055 2056 2083 2082)
4(1220 1247 2084 2057)
4(1246 2083 2084 1247)
4(2056 2057 2084 2083)
4(1221 1248 2085 2058)
4(1247 2084 2085 1248)
4(2057 2058 2085 2084)
4(1222 1249 2086 2059)
4(1248 2085 2086 1249)
4(2058 2059 2086 2085)
4(1223 1250 2087 2060)
4(1249 2086 2087 1250)
4(2059 2060 2087 2086)
4(1224 1251 2088 2061)
4(1250 2087 2088 1251)
4(2060 2061 2088 2087)
4(1225 1252 2089 2062)
4(1251 2088 2089 1252)
4(2061 2062 2089 2088)
4(1226 1253 2090 2063)
4(1252 2089 2090 1253)
4(2062 2063 2090 2089)
4(1227 1254 2091 2064)
4(1253 2090 2091 1254)
4(2063 2064 2091 2090)
4(1228 1255 2092 2065)
4(1254 2091 2092 1255)
4(2064 2065 2092 2091)
4(1229 1256 2093 2066)
4(1255 2092 2093 1256)
4(2065 2066 2093 2092)
4(1230 1257 2094 2067)
4(1256 2093 2094 1257)
4(2066 2067 2094 2093)
4(1231 1258 2095 2068)
4(1257 2094 2095 1258)
4(2067 2068 2095 2094)
4(1232 1259 2096 2069)
4(1258 2095 2096 1259)
4(2068 2069 2096 2095)
4(1233 1260 2097 2070)
4(1259 2096 2097 1260)
4(2069 2070 2097 2096)
4(1234 1261 2098 2071)
4(1260 2097 2098 1261)
4(2070 2071 2098 2097)
4(1235 1262 2099 2072)
4(1261 2098 2099 1262)
4(2071 2072 2099 2098)
4(1236 1263 2100 2073)
4(1262 2099 2100 1263)
4(2072 2073 2100 2099)
4(1237 1264 2101 2074)
4(1263 2100 2101 1264)
4(2073 2074 2101 2100)
4(1238 1265 2102 2075)
4(1264 2101 2102 1265)
4(2074 2075 2102 2101)
4(1239 1266 2103 2076)
4(1265 2102 2103 1266)
4(2075 2076 2103 2102)
4(1240 1267 2104 2077)
4(1266 2103 2104 1267)
4(2076 2077 2104 2103)
4(1267 2104 2105 1268)
4(2077 2078 2105 2104)
4(1243 1270 2107 2080)
4(1269 2106 2107 1270)
4(2079 2080 2107 2106)
4(1244 1271 2108 2081)
4(1270 2107 2108 1271)
4(2080 2081 2108 2107)
4(1245 1272 2109 2082)
4(1271 2108 2109 1272)
4(2081 2082 2109 2108)
4(1246 1273 2110 2083)
4(1272 2109 2110 1273)
4(2082 2083 2110 2109)
4(1247 1274 2111 2084)
4(1273 2110 2111 1274)
4(2083 2084 2111 2110)
4(1248 1275 2112 2085)
4(1274 2111 2112 1275)
4(2084 2085 2112 2111)
4(1249 1276 2113 2086)
4(1275 2112 2113 1276)
4(2085 2086 2113 2112)
4(1250 1277 2114 2087)
4(1276 2113 2114 1277)
4(2086 2087 2114 2113)
4(1251 1278 2115 2088)
4(1277 2114 2115 1278)
4(2087 2088 2115 2114)
4(1252 1279 2116 2089)
4(1278 2115 2116 1279)
4(2088 2089 2116 2115)
4(1253 1280 2117 2090)
4(1279 2116 2117 1280)
4(2089 2090 2117 2116)
4(1254 1281 2118 2091)
4(1280 2117 2118 1281)
4(2090 2091 2118 2117)
4(1255 1282 2119 2092)
4(1281 2118 2119 1282)
4(2091 2092 2119 2118)
4(1256 1283 2120 2093)
4(1282 2119 2120 1283)
4(2092 2093 2120 2119)
4(1257 1284 2121 2094)
4(1283 2120 2121 1284)
4(2093 2094 2121 2120)
4(1258 1285 2122 2095)
4(1284 2121 2122 1285)
4(2094 2095 2122 2121)
4(1259 1286 2123 2096)
4(1285 2122 2123 1286)
4(2095 2096 2123 2122)
4(1260 1287 2124 2097)
4(1286 2123 2124 1287)
4(2096 2097 2124 2123)
4(1261 1288 2125 2098)
4(1287 2124 2125 1288)
4(2097 2098 2125 2124)
4(1262 1289 2126 2099)
4(1288 2125 2126 1289)
4(2098 2099 2126 2125)
4(1263 1290 2127 2100)
4(1289 2126 2127 1290)
4(2099 2100 2127 2126)
4(1264 1291 2128 2101)
4(1290 2127 2128 1291)
4(2100 2101 2128 2127)
4(1265 1292 2129 2102)
4(1291 2128 2129 1292)
4(2101 2102 2129 2128)
4(1266 1293 2130 2103)
4(1292 2129 2130 1293)
4(2102 2103 2130 2129)
4(1267 1294 2131 2104)
4(1293 2130 2131 1294)
4(2103 2104 2131 2130)
4(1294 2131 2132 1295)
4(2104 2105 2132 2131)
4(1270 1297 2134 2107)
4(1296 2133 2134 1297)
4(2106 2107 2134 2133)
4(1271 1298 2135 2108)
4(1297 2134 2135 1298)
4(2107 2108 2135 2134)
4(1272 1299 2136 2109)
4(1298 2135 2136 1299)
4(2108 2109 2136 2135)
4(1273 1300 2137 2110)
4(1299 2136 2137 1300)
4(2109 2110 2137 2136)
4(1274 1301 2138 2111)
4(1300 2137 2138 1301)
4(2110 2111 2138 2137)
4(1275 1302 2139 2112)
4(1301 2138 2139 1302)
4(2111 2112 2139 2138)
4(1276 1303 2140 2113)
4(1302 2139 2140 1303)
4(2112 2113 2140 2139)
4(1277 1304 2141 2114)
4(1303 2140 2141 1304)
4(2113 2114 2141 2140)
4(1278 1305 2142 2115)
4(1304 2141 2142 1305)
4(2114 2115 2142 2141)
4(1279 1306 2143 2116)
4(1305 2142 2143 1306)
4(2115 2116 2143 2142)
4(1280 1307 2144 2117)
4(1306 2143 2144 1307)
4(2116 2117 2144 2143)
4(1281 1308 2145 2118)
4(1307 2144 2145 1308)
4(2117 2118 2145 2144)
4(1282 1309 2146 2119)
4(1308 2145 2146 1309)
4(2118 2119 2146 2145)
4(1283 1310 2147 2120)
4(1309 2146 2147 1310)
4(2119 2120 2147 2146)
4(1284 1311 2148 2121)
4(1310 2147 2148 1311)
4(2120 2121 2148 2147)
4(1285 1312 2149 2122)
4(1311 2148 2149 1312)
4(2121 2122 2149 2148)
4(1286 1313 2150 2123)
4(1312 2149 2150 1313)
4(2122 2123 2150 2149)
4(1287 1314 2151 2124)
4(1313 2150 2151 1314)
4(2123 2124 2151 2150)
4(1288 1315 2152 2125)
4(1314 2151 2152 1315)
4(2124 2125 2152 2151)
4(1289 1316 2153 2126)
4(1315 2152 2153 1316)
4(2125 2126 2153 2152)
4(1290 1317 2154 2127)
4(1316 2153 2154 1317)
4(2126 2127 2154 2153)
4(1291 1318 2155 2128)
4(1317 2154 2155 1318)
4(2127 2128 2155 2154)
4(1292 1319 2156 2129)
4(1318 2155 2156 1319)
4(2128 2129 2156 2155)
4(1293 1320 2157 2130)
4(1319 2156 2157 1320)
4(2129 2130 2157 2156)
4(1294 1321 2158 2131)
4(1320 2157 2158 1321)
4(2130 2131 2158 2157)
4(1321 2158 2159 1322)
4(2131 2132 2159 2158)
4(1297 1324 2161 2134)
4(1323 2160 2161 1324)
4(2133 2134 2161 2160)
4(1298 1325 2162 2135)
4(1324 2161 2162 1325)
4(2134 2135 2162 2161)
4(1299 1326 2163 2136)
4(1325 2162 2163 1326)
4(2135 2136 2163 2162)
4(1300 1327 2164 2137)
4(1326 2163 2164 1327)
4(2136 2137 2164 2163)
4(1301 1328 2165 2138)
4(1327 2164 2165 1328)
4(2137 2138 2165 2164)
4(1302 1329 2166 2139)
4(1328 2165 2166 1329)
4(2138 2139 2166 2165)
4(1303 1330 2167 2140)
4(1329 2166 2167 1330)
4(2139 2140 2167 2166)
4(1304 1331 2168 2141)
4(1330 2167 2168 1331)
4(2140 2141 2168 2167)
4(1305 1332 2169 2142)
4(1331 2168 2169 1332)
4(2141 2142 2169 2168)
4(1306 1333 2170 2143)
4(1332 2169 2170 1333)
4(2142 2143 2170 2169)
4(1307 1334 2171 2144)
4(1333 2170 2171 1334)
4(2143 2144 2171 2170)
4(1308 1335 2172 2145)
4(1334 2171 2172 1335)
4(2144 2145 2172 2171)
4(1309 1336 2173 2146)
4(1335 2172 2173 1336)
4(2145 2146 2173 2172)
4(1310 1337 2174 2147)
4(1336 2173 2174 1337)
4(2146 2147 2174 2173)
4(1311 1338 2175 2148)
4(1337 2174 2175 1338)
4(2147 2148 2175 2174)
4(1312 1339 2176 2149)
4(1338 2175 2176 1339)
4(2148 2149 2176 2175)
4(1313 1340 2177 2150)
4(1339 2176 2177 1340)
4(2149 2150 2177 2176)
4(1314 1341 2178 2151)
4(1340 2177 2178 1341)
4(2150 2151 2178 2177)
4(1315 1342 2179 2152)
4(1341 2178 2179 1342)
4(2151 2152 2179 2178)
4(1316 1343 2180 2153)
4(1342 2179 2180 1343)
4(2152 2153 2180 2179)
4(1317 1344 2181 2154)
4(1343 2180 2181 1344)
4(2153 2154 2181 2180)
4(1318 1345 2182 2155)
4(1344 2181 2182 1345)
4(2154 2155 2182 2181)
4(1319 1346 2183 2156)
4(1345 2182 2183 1346)
4(2155 2156 2183 2182)
4(1320 1347 2184 2157)
4(1346 2183 2184 1347)
4(2156 2157 2184 2183)
4(1321 1348 2185 2158)
4(1347 2184 2185 1348)
4(2157 2158 2185 2184)
4(1348 2185 2186 1349)
4(2158 2159 2186 2185)
4(1324 1351 2188 2161)
4(1350 2187 2188 1351)
4(2160 2161 2188 2187)
4(1325 1352 2189 2162)
4(1351 2188 2189 1352)
4(2161 2162 2189 2188)
4(1326 1353 2190 2163)
4(1352 2189 2190 1353)
4(2162 2163 2190 2189)
4(1327 1354 2191 2164)
4(1353 2190 2191 1354)
4(2163 2164 2191 2190)
4(1328 1355 2192 2165)
4(1354 2191 2192 1355)
4(2164 2165 2192 2191)
4(1329 1356 2193 2166)
4(1355 2192 2193 1356)
4(2165 2166 2193 2192)
4(1330 1357 2194 2167)
4(1356 2193 2194 1357)
4(2166 2167 2194 2193)
4(1331 1358 2195 2168)
4(1357 2194 2195 1358)
4(2167 2168 2195 2194)
4(1332 1359 2196 2169)
4(1358 2195 2196 1359)
4(2168 2169 2196 2195)
4(1333 1360 2197 2170)
4(1359 2196 2197 1360)
4(2169 2170 2197 2196)
4(1334 1361 2198 2171)
4(1360 2197 2198 1361)
4(2170 2171 2198 2197)
4(1335 1362 2199 2172)
4(1361 2198 2199 1362)
4(2171 2172 2199 2198)
4(1336 1363 2200 2173)
4(1362 2199 2200 1363)
4(2172 2173 2200 2199)
4(1337 1364 2201 2174)
4(1363 2200 2201 1364)
4(2173 2174 2201 2200)
4(1338 1365 2202 2175)
4(1364 2201 2202 1365)
4(2174 2175 2202 2201)
4(1339 1366 2203 2176)
4(1365 2202 2203 1366)
4(2175 2176 2203 2202)
4(1340 1367 2204 2177)
4(1366 2203 2204 1367)
4(2176 2177 2204 2203)
4(1341 1368 2205 2178)
4(1367 2204 2205 1368)
4(2177 2178 2205 2204)
4(1342 1369 2206 2179)
4(1368 2205 2206 1369)
4(2178 2179 2206 2205)
4(1343 1370 2207 2180)
4(1369 2206 2207 1370)
4(2179 2180 2207 2206)
4(1344 1371 2208 2181)
4(1370 2207 2208 1371)
4(2180 2181 2208 2207)
4(1345 1372 2209 2182)
4(1371 2208 2209 1372)
4(2181 2182 2209 2208)
4(1346 1373 2210 2183)
4(1372 2209 2210 1373)
4(2182 2183 2210 2209)
4(1347 1374 2211 2184)
4(1373 2210 2211 1374)
4(2183 2184 2211 2210)
4(1348 1375 2212 2185)
4(1374 2211 2212 1375)
4(2184 2185 2212 2211)
4(1375 2212 2213 1376)
4(2185 2186 2213 2212)
4(1351 1378 2215 2188)
4(1377 2214 2215 1378)
4(2187 2188 2215 2214)
4(1352 1379 2216 2189)
4(1378 2215 2216 1379)
4(2188 2189 2216 2215)
4(1353 1380 2217 2190)
4(1379 2216 2217 1380)
4(2189 2190 2217 2216)
4(1354 1381 2218 2191)
4(1380 2217 2218 1381)
4(2190 2191 2218 2217)
4(1355 1382 2219 2192)
4(1381 2218 2219 1382)
4(2191 2192 2219 2218)
4(1356 1383 2220 2193)
4(1382 2219 2220 1383)
4(2192 2193 2220 2219)
4(1357 1384 2221 2194)
4(1383 2220 2221 1384)
4(2193 2194 2221 2220)
4(1358 1385 2222 2195)
4(1384 2221 2222 1385)
4(2194 2195 2222 2221)
4(1359 1386 2223 2196)
4(1385 2222 2223 1386)
4(2195 2196 2223 2222)
4(1360 1387 2224 2197)
4(1386 2223 2224 1387)
4(2196 2197 2224 2223)
4(1361 1388 2225 2198)
4(1387 2224 2225 1388)
4(2197 2198 2225 2224)
4(1362 1389 2226 2199)
4(1388 2225 2226 1389)
4(2198 2199 2226 2225)
4(1363 1390 2227 2200)
4(1389 2226 2227 1390)
4(2199 2200 2227 2226)
4(1364 1391 2228 2201)
4(1390 2227 2228 1391)
4(2200 2201 2228 2227)
4(1365 1392 2229 2202)
4(1391 2228 2229 1392)
4(2201 2202 2229 2228)
4(1366 1393 2230 2203)
4(1392 2229 2230 1393)
4(2202 2203 2230 2229)
4(1367 1394 2231 2204)
4(1393 2230 2231 1394)
4(2203 2204 2231 2230)
4(1368 1395 2232 2205)
4(1394 2231 2232 1395)
4(2204 2205 2232 2231)
4(1369 1396 2233 2206)
4(1395 2232 2233 1396)
4(2205 2206 2233 2232)
4(1370 1397 2234 2207)
4(1396 2233 2234 1397)
4(2206 2207 2234 2233)
4(1371 1398 2235 2208)
4(1397 2234 2235 1398)
4(2207 2208 2235 2234)
4(1372 1399 2236 2209)
4(1398 2235 2236 1399)
4(2208 2209 2236 2235)
4(1373 1400 2237 2210)
4(1399 2236 2237 1400)
4(2209 2210 2237 2236)
4(1374 1401 2238 2211)
4(1400 2237 2238 1401)
4(2210 2211 2238 2237)
4(1375 1402 2239 2212)
4(1401 2238 2239 1402)
4(2211 2212 2239 2238)
4(1402 2239 2240 1403)
4(2212 2213 2240 2239)
4(1378 1405 2242 2215)
4(1404 2241 2242 1405)
4(2214 2215 2242 2241)
4(1379 1406 2243 2216)
4(1405 2242 2243 1406)
4(2215 2216 2243 2242)
4(1380 1407 2244 2217)
4(1406 2243 2244 1407)
4(2216 2217 2244 2243)
4(1381 1408 2245 2218)
4(1407 2244 2245 1408)
4(2217 2218 2245 2244)
4(1382 1409 2246 2219)
4(1408 2245 2246 1409)
4(2218 2219 2246 2245)
4(1383 1410 2247 2220)
4(1409 2246 2247 1410)
4(2219 2220 2247 2246)
4(1384 1411 2248 2221)
4(1410 2247 2248 1411)
4(2220 2221 2248 2247)
4(1385 1412 2249 2222)
4(1411 2248 2249 1412)
4(2221 2222 2249 2248)
4(1386 1413 2250 2223)
4(1412 2249 2250 1413)
4(2222 2223 2250 2249)
4(1387 1414 2251 2224)
4(1413 2250 2251 1414)
4(2223 2224 2251 2250)
4(1388 1415 2252 2225)
4(1414 2251 2252 1415)
4(2224 2225 2252 2251)
4(1389 1416 2253 2226)
4(1415 2252 2253 1416)
4(2225 2226 2253 2252)
4(1390 1417 2254 2227)
4(1416 2253 2254 1417)
4(2226 2227 2254 2253)
4(1391 1418 2255 2228)
4(1417 2254 2255 1418)
4(2227 2228 2255 2254)
4(1392 1419 2256 2229)
4(1418 2255 2256 1419)
4(2228 2229 2256 2255)
4(1393 1420 2257 2230)
4(1419 2256 2257 1420)
4(2229 2230 2257 2256)
4(1394 1421 2258 2231)
4(1420 2257 2258 1421)
4(2230 2231 2258 2257)
4(1395 1422 2259 2232)
4(1421 2258 2259 1422)
4(2231 2232 2259 2258)
4(1396 1423 2260 2233)
4(1422 2259 2260 1423)
4(2232 2233 2260 2259)
4(1397 1424 2261 2234)
4(1423 2260 2261 1424)
4(2233 2234 2261 2260)
4(1398 1425 2262 2235)
4(1424 2261 2262 1425)
4(2234 2235 2262 2261)
4(1399 1426 2263 2236)
4(1425 2262 2263 1426)
4(2235 2236 2263 2262)
4(1400 1427 2264 2237)
4(1426 2263 2264 1427)
4(2236 2237 2264 2263)
4(1401 1428 2265 2238)
4(1427 2264 2265 1428)
4(2237 2238 2265 2264)
4(1402 1429 2266 2239)
4(1428 2265 2266 1429)
4(2238 2239 2266 2265)
4(1429 2266 2267 1430)
4(2239 2240 2267 2266)
4(1405 1432 2269 2242)
4(1431 2268 2269 1432)
4(2241 2242 2269 2268)
4(1406 1433 2270 2243)
4(1432 2269 2270 1433)
4(2242 2243 2270 2269)
4(1407 1434 2271 2244)
4(1433 2270 2271 1434)
4(2243 2244 2271 2270)
4(1408 1435 2272 2245)
4(1434 2271 2272 1435)
4(2244 2245 2272 2271)
4(1409 1436 2273 2246)
4(1435 2272 2273 1436)
4(2245 2246 2273 2272)
4(1410 1437 2274 2247)
4(1436 2273 2274 1437)
4(2246 2247 2274 2273)
4(1411 1438 2275 2248)
4(1437 2274 2275 1438)
4(2247 2248 2275 2274)
4(1412 1439 2276 2249)
4(1438 2275 2276 1439)
4(2248 2249 2276 2275)
4(1413 1440 2277 2250)
4(1439 2276 2277 1440)
4(2249 2250 2277 2276)
4(1414 1441 2278 2251)
4(1440 2277 2278 1441)
4(2250 2251 2278 2277)
4(1415 1442 2279 2252)
4(1441 2278 2279 1442)
4(2251 2252 2279 2278)
4(1416 1443 2280 2253)
4(1442 2279 2280 1443)
4(2252 2253 2280 2279)
4(1417 1444 2281 2254)
4(1443 2280 2281 1444)
4(2253 2254 2281 2280)
4(1418 1445 2282 2255)
4(1444 2281 2282 1445)
4(2254 2255 2282 2281)
4(1419 1446 2283 2256)
4(1445 2282 2283 1446)
4(2255 2256 2283 2282)
4(1420 1447 2284 2257)
4(1446 2283 2284 1447)
4(2256 2257 2284 2283)
4(1421 1448 2285 2258)
4(1447 2284 2285 1448)
4(2257 2258 2285 2284)
4(1422 1449 2286 2259)
4(1448 2285 2286 1449)
4(2258 2259 2286 2285)
4(1423 1450 2287 2260)
4(1449 2286 2287 1450)
4(2259 2260 2287 2286)
4(1424 1451 2288 2261)
4(1450 2287 2288 1451)
4(2260 2261 2288 2287)
4(1425 1452 2289 2262)
4(1451 2288 2289 1452)
4(2261 2262 2289 2288)
4(1426 1453 2290 2263)
4(1452 2289 2290 1453)
4(2262 2263 2290 2289)
4(1427 1454 2291 2264)
4(1453 2290 2291 1454)
4(2263 2264 2291 2290)
4(1428 1455 2292 2265)
4(1454 2291 2292 1455)
4(2264 2265 2292 2291)
4(1429 1456 2293 2266)
4(1455 2292 2293 1456)
4(2265 2266 2293 2292)
4(1456 2293 2294 1457)
4(2266 2267 2294 2293)
4(1432 1459 2296 2269)
4(1458 2295 2296 1459)
4(2268 2269 2296 2295)
4(1433 1460 2297 2270)
4(1459 2296 2297 1460)
4(2269 2270 2297 2296)
4(1434 1461 2298 2271)
4(1460 2297 2298 1461)
4(2270 2271 2298 2297)
4(1435 1462 2299 2272)
4(1461 2298 2299 1462)
4(2271 2272 2299 2298)
4(1436 1463 2300 2273)
4(1462 2299 2300 1463)
4(2272 2273 2300 2299)
4(1437 1464 2301 2274)
4(1463 2300 2301 1464)
4(2273 2274 2301 2300)
4(1438 1465 2302 2275)
4(1464 2301 2302 1465)
4(2274 2275 2302 2301)
4(1439 1466 2303 2276)
4(1465 2302 2303 1466)
4(2275 2276 2303 2302)
4(1440 1467 2304 2277)
4(1466 2303 2304 1467)
4(2276 2277 2304 2303)
4(1441 1468 2305 2278)
4(1467 2304 2305 1468)
4(2277 2278 2305 2304)
4(1442 1469 2306 2279)
4(1468 2305 2306 1469)
4(2278 2279 2306 2305)
4(1443 1470 2307 2280)
4(1469 2306 2307 1470)
4(2279 2280 2307 2306)
4(1444 1471 2308 2281)
4(1470 2307 2308 1471)
4(2280 2281 2308 2307)
4(1445 1472 2309 2282)
4(1471 2308 2309 1472)
4(2281 2282 2309 2308)
4(1446 1473 2310 2283)
4(1472 2309 2310 1473)
4(2282 2283 2310 2309)
4(1447 1474 2311 2284)
4(1473 2310 2311 1474)
4(2283 2284 2311 2310)
4(1448 1475 2312 2285)
4(1474 2311 2312 1475)
4(2284 2285 2312 2311)
4(1449 1476 2313 2286)
4(1475 2312 2313 1476)
4(2285 2286 2313 2312)
4(1450 1477 2314 2287)
4(1476 2313 2314 1477)
4(2286 2287 2314 2313)
4(1451 1478 2315 2288)
4(1477 2314 2315 1478)
4(2287 2288 2315 2314)
4(1452 1479 2316 2289)
4(1478 2315 2316 1479)
4(2288 2289 2316 2315)
4(1453 1480 2317 2290)
4(1479 2316 2317 1480)
4(2289 2290 2317 2316)
4(1454 1481 2318 2291)
4(1480 2317 2318 1481)
4(2290 2291 2318 2317)
4(1455 1482 2319 2292)
4(1481 2318 2319 1482)
4(2291 2292 2319 2318)
4(1456 1483 2320 2293)
4(1482 2319 2320 1483)
4(2292 2293 2320 2319)
4(1483 2320 2321 1484)
4(2293 2294 2321 2320)
4(1459 1486 2323 2296)
4(1485 2322 2323 1486)
4(2295 2296 2323 2322)
4(1460 1487 2324 2297)
4(1486 2323 2324 1487)
4(2296 2297 2324 2323)
4(1461 1488 2325 2298)
4(1487 2324 2325 1488)
4(2297 2298 2325 2324)
4(1462 1489 2326 2299)
4(1488 2325 2326 1489)
4(2298 2299 2326 2325)
4(1463 1490 2327 2300)
4(1489 2326 2327 1490)
4(2299 2300 2327 2326)
4(1464 1491 2328 2301)
4(1490 2327 2328 1491)
4(2300 2301 2328 2327)
4(1465 1492 2329 2302)
4(1491 2328 2329 1492)
4(2301 2302 2329 2328)
4(1466 1493 2330 2303)
4(1492 2329 2330 1493)
4(2302 2303 2330 2329)
4(1467 1494 2331 2304)
4(1493 2330 2331 1494)
4(2303 2304 2331 2330)
4(1468 1495 2332 2305)
4(1494 2331 2332 1495)
4(2304 2305 2332 2331)
4(1469 1496 2333 2306)
4(1495 2332 2333 1496)
4(2305 2306 2333 2332)
4(1470 1497 2334 2307)
4(1496 2333 2334 1497)
4(2306 2307 2334 2333)
4(1471 1498 2335 2308)
4(1497 2334 2335 1498)
4(2307 2308 2335 2334)
4(1472 1499 2336 2309)
4(1498 2335 2336 1499)
4(2308 2309 2336 2335)
4(1473 1500 2337 2310)
4(1499 2336 2337 1500)
4(2309 2310 2337 2336)
4(1474 1501 2338 2311)
4(1500 2337 2338 1501)
4(2310 2311 2338 2337)
4(1475 1502 2339 2312)
4(1501 2338 2339 1502)
4(2311 2312 2339 2338)
4(1476 1503 2340 2313)
4(1502 2339 2340 1503)
4(2312 2313 2340 2339)
4(1477 1504 2341 2314)
4(1503 2340 2341 1504)
4(2313 2314 2341 2340)
4(1478 1505 2342 2315)
4(1504 2341 2342 1505)
4(2314 2315 2342 2341)
4(1479 1506 2343 2316)
4(1505 2342 2343 1506)
4(2315 2316 2343 2342)
4(1480 1507 2344 2317)
4(1506 2343 2344 1507)
4(2316 2317 2344 2343)
4(1481 1508 2345 2318)
4(1507 2344 2345 1508)
4(2317 2318 2345 2344)
4(1482 1509 2346 2319)
4(1508 2345 2346 1509)
4(2318 2319 2346 2345)
4(1483 1510 2347 2320)
4(1509 2346 2347 1510)
4(2319 2320 2347 2346)
4(1510 2347 2348 1511)
4(2320 2321 2348 2347)
4(1486 1513 2350 2323)
4(1512 2349 2350 1513)
4(2322 2323 2350 2349)
4(1487 1514 2351 2324)
4(1513 2350 2351 1514)
4(2323 2324 2351 2350)
4(1488 1515 2352 2325)
4(1514 2351 2352 1515)
4(2324 2325 2352 2351)
4(1489 1516 2353 2326)
4(1515 2352 2353 1516)
4(2325 2326 2353 2352)
4(1490 1517 2354 2327)
4(1516 2353 2354 1517)
4(2326 2327 2354 2353)
4(1491 1518 2355 2328)
4(1517 2354 2355 1518)
4(2327 2328 2355 2354)
4(1492 1519 2356 2329)
4(1518 2355 2356 1519)
4(2328 2329 2356 2355)
4(1493 1520 2357 2330)
4(1519 2356 2357 1520)
4(2329 2330 2357 2356)
4(1494 1521 2358 2331)
4(1520 2357 2358 1521)
4(2330 2331 2358 2357)
4(1495 1522 2359 2332)
4(1521 2358 2359 1522)
4(2331 2332 2359 2358)
4(1496 1523 2360 2333)
4(1522 2359 2360 1523)
4(2332 2333 2360 2359)
4(1497 1524 2361 2334)
4(1523 2360 2361 1524)
4(2333 2334 2361 2360)
4(1498 1525 2362 2335)
4(1524 2361 2362 1525)
4(2334 2335 2362 2361)
4(1499 1526 2363 2336)
4(1525 2362 2363 1526)
4(2335 2336 2363 2362)
4(1500 1527 2364 2337)
4(1526 2363 2364 1527)
4(2336 2337 2364 2363)
4(1501 1528 2365 2338)
4(1527 2364 2365 1528)
4(2337 2338 2365 2364)
4(1502 1529 2366 2339)
4(1528 2365 2366 1529)
4(2338 2339 2366 2365)
4(1503 1530 2367 2340)
4(1529 2366 2367 1530)
4(2339 2340 2367 2366)
4(1504 1531 2368 2341)
4(1530 2367 2368 1531)
4(2340 2341 2368 2367)
4(1505 1532 2369 2342)
4(1531 2368 2369 1532)
4(2341 2342 2369 2368)
4(1506 1533 2370 2343)
4(1532 2369 2370 1533)
4(2342 2343 2370 2369)
4(1507 1534 2371 2344)
4(1533 2370 2371 1534)
4(2343 2344 2371 2370)
4(1508 1535 2372 2345)
4(1534 2371 2372 1535)
4(2344 2345 2372 2371)
4(1509 1536 2373 2346)
4(1535 2372 2373 1536)
4(2345 2346 2373 2372)
4(1510 1537 2374 2347)
4(1536 2373 2374 1537)
4(2346 2347 2374 2373)
4(1537 2374 2375 1538)
4(2347 2348 2375 2374)
4(1513 1540 2377 2350)
4(1539 2376 2377 1540)
4(2349 2350 2377 2376)
4(1514 1541 2378 2351)
4(1540 2377 2378 1541)
4(2350 2351 2378 2377)
4(1515 1542 2379 2352)
4(1541 2378 2379 1542)
4(2351 2352 2379 2378)
4(1516 1543 2380 2353)
4(1542 2379 2380 1543)
4(2352 2353 2380 2379)
4(1517 1544 2381 2354)
4(1543 2380 2381 1544)
4(2353 2354 2381 2380)
4(1518 1545 2382 2355)
4(1544 2381 2382 1545)
4(2354 2355 2382 2381)
4(1519 1546 2383 2356)
4(1545 2382 2383 1546)
4(2355 2356 2383 2382)
4(1520 1547 2384 2357)
4(1546 2383 2384 1547)
4(2356 2357 2384 2383)
4(1521 1548 2385 2358)
4(1547 2384 2385 1548)
4(2357 2358 2385 2384)
4(1522 1549 2386 2359)
4(1548 2385 2386 1549)
4(2358 2359 2386 2385)
4(1523 1550 2387 2360)
4(1549 2386 2387 1550)
4(2359 2360 2387 2386)
4(1524 1551 2388 2361)
4(1550 2387 2388 1551)
4(2360 2361 2388 2387)
4(1525 1552 2389 2362)
4(1551 2388 2389 1552)
4(2361 2362 2389 2388)
4(1526 1553 2390 2363)
4(1552 2389 2390 1553)
4(2362 2363 2390 2389)
4(1527 1554 2391 2364)
4(1553 2390 2391 1554)
4(2363 2364 2391 2390)
4(1528 1555 2392 2365)
4(1554 2391 2392 1555)
4(2364 2365 2392 2391)
4(1529 1556 2393 2366)
4(1555 2392 2393 1556)
4(2365 2366 2393 2392)
4(1530 1557 2394 2367)
4(1556 2393 2394 1557)
4(2366 2367 2394 2393)
4(1531 1558 2395 2368)
4(1557 2394 2395 1558)
4(2367 2368 2395 2394)
4(1532 1559 2396 2369)
4(1558 2395 2396 1559)
4(2368 2369 2396 2395)
4(1533 1560 2397 2370)
4(1559 2396 2397 1560)
4(2369 2370 2397 2396)
4(1534 1561 2398 2371)
4(1560 2397 2398 1561)
4(2370 2371 2398 2397)
4(1535 1562 2399 2372)
4(1561 2398 2399 1562)
4(2371 2372 2399 2398)
4(1536 1563 2400 2373)
4(1562 2399 2400 1563)
4(2372 2373 2400 2399)
4(1537 1564 2401 2374)
4(1563 2400 2401 1564)
4(2373 2374 2401 2400)
4(1564 2401 2402 1565)
4(2374 2375 2402 2401)
4(1540 1567 2404 2377)
4(1566 2403 2404 1567)
4(2376 2377 2404 2403)
4(1541 1568 2405 2378)
4(1567 2404 2405 1568)
4(2377 2378 2405 2404)
4(1542 1569 2406 2379)
4(1568 2405 2406 1569)
4(2378 2379 2406 2405)
4(1543 1570 2407 2380)
4(1569 2406 2407 1570)
4(2379 2380 2407 2406)
4(1544 1571 2408 2381)
4(1570 2407 2408 1571)
4(2380 2381 2408 2407)
4(1545 1572 2409 2382)
4(1571 2408 2409 1572)
4(2381 2382 2409 2408)
4(1546 1573 2410 2383)
4(1572 2409 2410 1573)
4(2382 2383 2410 2409)
4(1547 1574 2411 2384)
4(1573 2410 2411 1574)
4(2383 2384 2411 2410)
4(1548 1575 2412 2385)
4(1574 2411 2412 1575)
4(2384 2385 2412 2411)
4(1549 1576 2413 2386)
4(1575 2412 2413 1576)
4(2385 2386 2413 2412)
4(1550 1577 2414 2387)
4(1576 2413 2414 1577)
4(2386 2387 2414 2413)
4(1551 1578 2415 2388)
4(1577 2414 2415 1578)
4(2387 2388 2415 2414)
4(1552 1579 2416 2389)
4(1578 2415 2416 1579)
4(2388 2389 2416 2415)
4(1553 1580 2417 2390)
4(1579 2416 2417 1580)
4(2389 2390 2417 2416)
4(1554 1581 2418 2391)
4(1580 2417 2418 1581)
4(2390 2391 2418 2417)
4(1555 1582 2419 2392)
4(1581 2418 2419 1582)
4(2391 2392 2419 2418)
4(1556 1583 2420 2393)
4(1582 2419 2420 1583)
4(2392 2393 2420 2419)
4(1557 1584 2421 2394)
4(1583 2420 2421 1584)
4(2393 2394 2421 2420)
4(1558 1585 2422 2395)
4(1584 2421 2422 1585)
4(2394 2395 2422 2421)
4(1559 1586 2423 2396)
4(1585 2422 2423 1586)
4(2395 2396 2423 2422)
4(1560 1587 2424 2397)
4(1586 2423 2424 1587)
4(2396 2397 2424 2423)
4(1561 1588 2425 2398)
4(1587 2424 2425 1588)
4(2397 2398 2425 2424)
4(1562 1589 2426 2399)
4(1588 2425 2426 1589)
4(2398 2399 2426 2425)
4(1563 1590 2427 2400)
4(1589 2426 2427 1590)
4(2399 2400 2427 2426)
4(1564 1591 2428 2401)
4(1590 2427 2428 1591)
4(2400 2401 2428 2427)
4(1591 2428 2429 1592)
4(2401 2402 2429 2428)
4(1567 1594 2431 2404)
4(1593 2430 2431 1594)
4(2403 2404 2431 2430)
4(1568 1595 2432 2405)
4(1594 2431 2432 1595)
4(2404 2405 2432 2431)
4(1569 1596 2433 2406)
4(1595 2432 2433 1596)
4(2405 2406 2433 2432)
4(1570 1597 2434 2407)
4(1596 2433 2434 1597)
4(2406 2407 2434 2433)
4(1571 1598 2435 2408)
4(1597 2434 2435 1598)
4(2407 2408 2435 2434)
4(1572 1599 2436 2409)
4(1598 2435 2436 1599)
4(2408 2409 2436 2435)
4(1573 1600 2437 2410)
4(1599 2436 2437 1600)
4(2409 2410 2437 2436)
4(1574 1601 2438 2411)
4(1600 2437 2438 1601)
4(2410 2411 2438 2437)
4(1575 1602 2439 2412)
4(1601 2438 2439 1602)
4(2411 2412 2439 2438)
4(1576 1603 2440 2413)
4(1602 2439 2440 1603)
4(2412 2413 2440 2439)
4(1577 1604 2441 2414)
4(1603 2440 2441 1604)
4(2413 2414 2441 2440)
4(1578 1605 2442 2415)
4(1604 2441 2442 1605)
4(2414 2415 2442 2441)
4(1579 1606 2443 2416)
4(1605 2442 2443 1606)
4(2415 2416 2443 2442)
4(1580 1607 2444 2417)
4(1606 2443 2444 1607)
4(2416 2417 2444 2443)
4(1581 1608 2445 2418)
4(1607 2444 2445 1608)
4(2417 2418 2445 2444)
4(1582 1609 2446 2419)
4(1608 2445 2446 1609)
4(2418 2419 2446 2445)
4(1583 1610 2447 2420)
4(1609 2446 2447 1610)
4(2419 2420 2447 2446)
4(1584 1611 2448 2421)
4(1610 2447 2448 1611)
4(2420 2421 2448 2447)
4(1585 1612 2449 2422)
4(1611 2448 2449 1612)
4(2421 2422 2449 2448)
4(1586 1613 2450 2423)
4(1612 2449 2450 1613)
4(2422 2423 2450 2449)
4(1587 1614 2451 2424)
4(1613 2450 2451 1614)
4(2423 2424 2451 2450)
4(1588 1615 2452 2425)
4(1614 2451 2452 1615)
4(2424 2425 2452 2451)
4(1589 1616 2453 2426)
4(1615 2452 2453 1616)
4(2425 2426 2453 2452)
4(1590 1617 2454 2427)
4(1616 2453 2454 1617)
4(2426 2427 2454 2453)
4(1591 1618 2455 2428)
4(1617 2454 2455 1618)
4(2427 2428 2455 2454)
4(1618 2455 2456 1619)
4(2428 2429 2456 2455)
4(1594 1621 2458 2431)
4(1620 2457 2458 1621)
4(2430 2431 2458 2457)
4(1595 1622 2459 2432)
4(1621 2458 2459 1622)
4(2431 2432 2459 2458)
4(1596 1623 2460 2433)
4(1622 2459 2460 1623)
4(2432 2433 2460 2459)
4(1597 1624 2461 2434)
4(1623 2460 2461 1624)
4(2433 2434 2461 2460)
4(1598 1625 2462 2435)
4(1624 2461 2462 1625)
4(2434 2435 2462 2461)
4(1599 1626 2463 2436)
4(1625 2462 2463 1626)
4(2435 2436 2463 2462)
4(1600 1627 2464 2437)
4(1626 2463 2464 1627)
4(2436 2437 2464 2463)
4(1601 1628 2465 2438)
4(1627 2464 2465 1628)
4(2437 2438 2465 2464)
4(1602 1629 2466 2439)
4(1628 2465 2466 1629)
4(2438 2439 2466 2465)
4(1603 1630 2467 2440)
4(1629 2466 2467 1630)
4(2439 2440 2467 2466)
4(1604 1631 2468 2441)
4(1630 2467 2468 1631)
4(2440 2441 2468 2467)
4(1605 1632 2469 2442)
4(1631 2468 2469 1632)
4(2441 2442 2469 2468)
4(1606 1633 2470 2443)
4(1632 2469 2470 1633)
4(2442 2443 2470 2469)
4(1607 1634 2471 2444)
4(1633 2470 2471 1634)
4(2443 2444 2471 2470)
4(1608 1635 2472 2445)
4(1634 2471 2472 1635)
4(2444 2445 2472 2471)
4(1609 1636 2473 2446)
4(1635 2472 2473 1636)
4(2445 2446 2473 2472)
4(1610 1637 2474 2447)
4(1636 2473 2474 1637)
4(2446 2447 2474 2473)
4(1611 1638 2475 2448)
4(1637 2474 2475 1638)
4(2447 2448 2475 2474)
4(1612 1639 2476 2449)
4(1638 2475 2476 1639)
4(2448 2449 2476 2475)
4(1613 1640 2477 2450)
4(1639 2476 2477 1640)
4(2449 2450 2477 2476)
4(1614 1641 2478 2451)
4(1640 2477 2478 1641)
4(2450 2451 2478 2477)
4(1615 1642 2479 2452)
4(1641 2478 2479 1642)
4(2451 2452 2479 2478)
4(1616 1643 2480 2453)
4(1642 2479 2480 1643)
4(2452 2453 2480 2479)
4(1617 1644 2481 2454)
4(1643 2480 2481 1644)
4(2453 2454 2481 2480)
4(1618 1645 2482 2455)
4(1644 2481 2482 1645)
4(2454 2455 2482 2481)
4(1645 2482 2483 1646)
4(2455 2456 2483 2482)
4(1621 1648 2485 2458)
4(2457 2458 2485 2484)
4(1622 1649 2486 2459)
4(2458 2459 2486 2485)
4(1623 1650 2487 2460)
4(2459 2460 2487 2486)
4(1624 1651 2488 2461)
4(2460 2461 2488 2487)
4(1625 1652 2489 2462)
4(2461 2462 2489 2488)
4(1626 1653 2490 2463)
4(2462 2463 2490 2489)
4(1627 1654 2491 2464)
4(2463 2464 2491 2490)
4(1628 1655 2492 2465)
4(2464 2465 2492 2491)
4(1629 1656 2493 2466)
4(2465 2466 2493 2492)
4(1630 1657 2494 2467)
4(2466 2467 2494 2493)
4(1631 1658 2495 2468)
4(2467 2468 2495 2494)
4(1632 1659 2496 2469)
4(2468 2469 2496 2495)
4(1633 1660 2497 2470)
4(2469 2470 2497 2496)
4(1634 1661 2498 2471)
4(2470 2471 2498 2497)
4(1635 1662 2499 2472)
4(2471 2472 2499 2498)
4(1636 1663 2500 2473)
4(2472 2473 2500 2499)
4(1637 1664 2501 2474)
4(2473 2474 2501 2500)
4(1638 1665 2502 2475)
4(2474 2475 2502 2501)
4(1639 1666 2503 2476)
4(2475 2476 2503 2502)
4(1640 1667 2504 2477)
4(2476 2477 2504 2503)
4(1641 1668 2505 2478)
4(2477 2478 2505 2504)
4(1642 1669 2506 2479)
4(2478 2479 2506 2505)
4(1643 1670 2507 2480)
4(2479 2480 2507 2506)
4(1644 1671 2508 2481)
4(2480 2481 2508 2507)
4(1645 1672 2509 2482)
4(2481 2482 2509 2508)
4(2482 2483 2510 2509)
4(1675 1702 2539 2512)
4(1701 2538 2539 1702)
4(2511 2512 2539 2538)
4(1676 1703 2540 2513)
4(1702 2539 2540 1703)
4(2512 2513 2540 2539)
4(1677 1704 2541 2514)
4(1703 2540 2541 1704)
4(2513 2514 2541 2540)
4(1678 1705 2542 2515)
4(1704 2541 2542 1705)
4(2514 2515 2542 2541)
4(1679 1706 2543 2516)
4(1705 2542 2543 1706)
4(2515 2516 2543 2542)
4(1680 1707 2544 2517)
4(1706 2543 2544 1707)
4(2516 2517 2544 2543)
4(1681 1708 2545 2518)
4(1707 2544 2545 1708)
4(2517 2518 2545 2544)
4(1682 1709 2546 2519)
4(1708 2545 2546 1709)
4(2518 2519 2546 2545)
4(1683 1710 2547 2520)
4(1709 2546 2547 1710)
4(2519 2520 2547 2546)
4(1684 1711 2548 2521)
4(1710 2547 2548 1711)
4(2520 2521 2548 2547)
4(1685 1712 2549 2522)
4(1711 2548 2549 1712)
4(2521 2522 2549 2548)
4(1686 1713 2550 2523)
4(1712 2549 2550 1713)
4(2522 2523 2550 2549)
4(1687 1714 2551 2524)
4(1713 2550 2551 1714)
4(2523 2524 2551 2550)
4(1688 1715 2552 2525)
4(1714 2551 2552 1715)
4(2524 2525 2552 2551)
4(1689 1716 2553 2526)
4(1715 2552 2553 1716)
4(2525 2526 2553 2552)
4(1690 1717 2554 2527)
4(1716 2553 2554 1717)
4(2526 2527 2554 2553)
4(1691 1718 2555 2528)
4(1717 2554 2555 1718)
4(2527 2528 2555 2554)
4(1692 1719 2556 2529)
4(1718 2555 2556 1719)
4(2528 2529 2556 2555)
4(1693 1720 2557 2530)
4(1719 2556 2557 1720)
4(2529 2530 2557 2556)
4(1694 1721 2558 2531)
4(1720 2557 2558 1721)
4(2530 2531 2558 2557)
4(1695 1722 2559 2532)
4(1721 2558 2559 1722)
4(2531 2532 2559 2558)
4(1696 1723 2560 2533)
4(1722 2559 2560 1723)
4(2532 2533 2560 2559)
4(1697 1724 2561 2534)
4(1723 2560 2561 1724)
4(2533 2534 2561 2560)
4(1698 1725 2562 2535)
4(1724 2561 2562 1725)
4(2534 2535 2562 2561)
4(1699 1726 2563 2536)
4(1725 2562 2563 1726)
4(2535 2536 2563 2562)
4(1726 2563 2564 1727)
4(2536 2537 2564 2563)
4(1702 1729 2566 2539)
4(1728 2565 2566 1729)
4(2538 2539 2566 2565)
4(1703 1730 2567 2540)
4(1729 2566 2567 1730)
4(2539 2540 2567 2566)
4(1704 1731 2568 2541)
4(1730 2567 2568 1731)
4(2540 2541 2568 2567)
4(1705 1732 2569 2542)
4(1731 2568 2569 1732)
4(2541 2542 2569 2568)
4(1706 1733 2570 2543)
4(1732 2569 2570 1733)
4(2542 2543 2570 2569)
4(1707 1734 2571 2544)
4(1733 2570 2571 1734)
4(2543 2544 2571 2570)
4(1708 1735 2572 2545)
4(1734 2571 2572 1735)
4(2544 2545 2572 2571)
4(1709 1736 2573 2546)
4(1735 2572 2573 1736)
4(2545 2546 2573 2572)
4(1710 1737 2574 2547)
4(1736 2573 2574 1737)
4(2546 2547 2574 2573)
4(1711 1738 2575 2548)
4(1737 2574 2575 1738)
4(2547 2548 2575 2574)
4(1712 1739 2576 2549)
4(1738 2575 2576 1739)
4(2548 2549 2576 2575)
4(1713 1740 2577 2550)
4(1739 2576 2577 1740)
4(2549 2550 2577 2576)
4(1714 1741 2578 2551)
4(1740 2577 2578 1741)
4(2550 2551 2578 2577)
4(1715 1742 2579 2552)
4(1741 2578 2579 1742)
4(2551 2552 2579 2578)
4(1716 1743 2580 2553)
4(1742 2579 2580 1743)
4(2552 2553 2580 2579)
4(1717 1744 2581 2554)
4(1743 2580 2581 1744)
4(2553 2554 2581 2580)
4(1718 1745 2582 2555)
4(1744 2581 2582 1745)
4(2554 2555 2582 2581)
4(1719 1746 2583 2556)
4(1745 2582 2583 1746)
4(2555 2556 2583 2582)
4(1720 1747 2584 2557)
4(1746 2583 2584 1747)
4(2556 2557 2584 2583)
4(1721 1748 2585 2558)
4(1747 2584 2585 1748)
4(2557 2558 2585 2584)
4(1722 1749 2586 2559)
4(1748 2585 2586 1749)
4(2558 2559 2586 2585)
4(1723 1750 2587 2560)
4(1749 2586 2587 1750)
4(2559 2560 2587 2586)
4(1724 1751 2588 2561)
4(1750 2587 2588 1751)
4(2560 2561 2588 2587)
4(1725 1752 2589 2562)
4(1751 2588 2589 1752)
4(2561 2562 2589 2588)
4(1726 1753 2590 2563)
4(1752 2589 2590 1753)
4(2562 2563 2590 2589)
4(1753 2590 2591 1754)
4(2563 2564 2591 2590)
4(1729 1756 2593 2566)
4(1755 2592 2593 1756)
4(2565 2566 2593 2592)
4(1730 1757 2594 2567)
4(1756 2593 2594 1757)
4(2566 2567 2594 2593)
4(1731 1758 2595 2568)
4(1757 2594 2595 1758)
4(2567 2568 2595 2594)
4(1732 1759 2596 2569)
4(1758 2595 2596 1759)
4(2568 2569 2596 2595)
4(1733 1760 2597 2570)
4(1759 2596 2597 1760)
4(2569 2570 2597 2596)
4(1734 1761 2598 2571)
4(1760 2597 2598 1761)
4(2570 2571 2598 2597)
4(1735 1762 2599 2572)
4(1761 2598 2599 1762)
4(2571 2572 2599 2598)
4(1736 1763 2600 2573)
4(1762 2599 2600 1763)
4(2572 2573 2600 2599)
4(1737 1764 2601 2574)
4(1763 2600 2601 1764)
4(2573 2574 2601 2600)
4(1738 1765 2602 2575)
4(1764 2601 2602 1765)
4(2574 2575 2602 2601)
4(1739 1766 2603 2576)
4(1765 2602 2603 1766)
4(2575 2576 2603 2602)
4(1740 1767 2604 2577)
4(1766 2603 2604 1767)
4(2576 2577 2604 2603)
4(1741 1768 2605 2578)
4(1767 2604 2605 1768)
4(2577 2578 2605 2604)
4(1742 1769 2606 2579)
4(1768 2605 2606 1769)
4(2578 2579 2606 2605)
4(1743 1770 2607 2580)
4(1769 2606 2607 1770)
4(2579 2580 2607 2606)
4(1744 1771 2608 2581)
4(1770 2607 2608 1771)
4(2580 2581 2608 2607)
4(1745 1772 2609 2582)
4(1771 2608 2609 1772)
4(2581 2582 2609 2608)
4(1746 1773 2610 2583)
4(1772 2609 2610 1773)
4(2582 2583 2610 2609)
4(1747 1774 2611 2584)
4(1773 2610 2611 1774)
4(2583 2584 2611 2610)
4(1748 1775 2612 2585)
4(1774 2611 2612 1775)
4(2584 2585 2612 2611)
4(1749 1776 2613 2586)
4(1775 2612 2613 1776)
4(2585 2586 2613 2612)
4(1750 1777 2614 2587)
4(1776 2613 2614 1777)
4(2586 2587 2614 2613)
4(1751 1778 2615 2588)
4(1777 2614 2615 1778)
4(2587 2588 2615 2614)
4(1752 1779 2616 2589)
4(1778 2615 2616 1779)
4(2588 2589 2616 2615)
4(1753 1780 2617 2590)
4(1779 2616 2617 1780)
4(2589 2590 2617 2616)
4(1780 2617 2618 1781)
4(2590 2591 2618 2617)
4(1756 1783 2620 2593)
4(1782 2619 2620 1783)
4(2592 2593 2620 2619)
4(1757 1784 2621 2594)
4(1783 2620 2621 1784)
4(2593 2594 2621 2620)
4(1758 1785 2622 2595)
4(1784 2621 2622 1785)
4(2594 2595 2622 2621)
4(1759 1786 2623 2596)
4(1785 2622 2623 1786)
4(2595 2596 2623 2622)
4(1760 1787 2624 2597)
4(1786 2623 2624 1787)
4(2596 2597 2624 2623)
4(1761 1788 2625 2598)
4(1787 2624 2625 1788)
4(2597 2598 2625 2624)
4(1762 1789 2626 2599)
4(1788 2625 2626 1789)
4(2598 2599 2626 2625)
4(1763 1790 2627 2600)
4(1789 2626 2627 1790)
4(2599 2600 2627 2626)
4(1764 1791 2628 2601)
4(1790 2627 2628 1791)
4(2600 2601 2628 2627)
4(1765 1792 2629 2602)
4(1791 2628 2629 1792)
4(2601 2602 2629 2628)
4(1766 1793 2630 2603)
4(1792 2629 2630 1793)
4(2602 2603 2630 2629)
4(1767 1794 2631 2604)
4(1793 2630 2631 1794)
4(2603 2604 2631 2630)
4(1768 1795 2632 2605)
4(1794 2631 2632 1795)
4(2604 2605 2632 2631)
4(1769 1796 2633 2606)
4(1795 2632 2633 1796)
4(2605 2606 2633 2632)
4(1770 1797 2634 2607)
4(1796 2633 2634 1797)
4(2606 2607 2634 2633)
4(1771 1798 2635 2608)
4(1797 2634 2635 1798)
4(2607 2608 2635 2634)
4(1772 1799 2636 2609)
4(1798 2635 2636 1799)
4(2608 2609 2636 2635)
4(1773 1800 2637 2610)
4(1799 2636 2637 1800)
4(2609 2610 2637 2636)
4(1774 1801 2638 2611)
4(1800 2637 2638 1801)
4(2610 2611 2638 2637)
4(1775 1802 2639 2612)
4(1801 2638 2639 1802)
4(2611 2612 2639 2638)
4(1776 1803 2640 2613)
4(1802 2639 2640 1803)
4(2612 2613 2640 2639)
4(1777 1804 2641 2614)
4(1803 2640 2641 1804)
4(2613 2614 2641 2640)
4(1778 1805 2642 2615)
4(1804 2641 2642 1805)
4(2614 2615 2642 2641)
4(1779 1806 2643 2616)
4(1805 2642 2643 1806)
4(2615 2616 2643 2642)
4(1780 1807 2644 2617)
4(1806 2643 2644 1807)
4(2616 2617 2644 2643)
4(1807 2644 2645 1808)
4(2617 2618 2645 2644)
4(1783 1810 2647 2620)
4(1809 2646 2647 1810)
4(2619 2620 2647 2646)
4(1784 1811 2648 2621)
4(1810 2647 2648 1811)
4(2620 2621 2648 2647)
4(1785 1812 2649 2622)
4(1811 2648 2649 1812)
4(2621 2622 2649 2648)
4(1786 1813 2650 2623)
4(1812 2649 2650 1813)
4(2622 2623 2650 2649)
4(1787 1814 2651 2624)
4(1813 2650 2651 1814)
4(2623 2624 2651 2650)
4(1788 1815 2652 2625)
4(1814 2651 2652 1815)
4(2624 2625 2652 2651)
4(1789 1816 2653 2626)
4(1815 2652 2653 1816)
4(2625 2626 2653 2652)
4(1790 1817 2654 2627)
4(1816 2653 2654 1817)
4(2626 2627 2654 2653)
4(1791 1818 2655 2628)
4(1817 2654 2655 1818)
4(2627 2628 2655 2654)
4(1792 1819 2656 2629)
4(1818 2655 2656 1819)
4(2628 2629 2656 2655)
4(1793 1820 2657 2630)
4(1819 2656 2657 1820)
4(2629 2630 2657 2656)
4(1794 1821 2658 2631)
4(1820 2657 2658 1821)
4(2630 2631 2658 2657)
4(1795 1822 2659 2632)
4(1821 2658 2659 1822)
4(2631 2632 2659 2658)
4(1796 1823 2660 2633)
4(1822 2659 2660 1823)
4(2632 2633 2660 2659)
4(1797 1824 2661 2634)
4(1823 2660 2661 1824)
4(2633 2634 2661 2660)
4(1798 1825 2662 2635)
4(1824 2661 2662 1825)
4(2634 2635 2662 2661)
4(1799 1826 2663 2636)
4(1825 2662 2663 1826)
4(2635 2636 2663 2662)
4(1800 1827 2664 2637)
4(1826 2663 2664 1827)
4(2636 2637 2664 2663)
4(1801 1828 2665 2638)
4(1827 2664 2665 1828)
4(2637 2638 2665 2664)
4(1802 1829 2666 2639)
4(1828 2665 2666 1829)
4(2638 2639 2666 2665)
4(1803 1830 2667 2640)
4(1829 2666 2667 1830)
4(2639 2640 2667 2666)
4(1804 1831 2668 2641)
4(1830 2667 2668 1831)
4(2640 2641 2668 2667)
4(1805 1832 2669 2642)
4(1831 2668 2669 1832)
4(2641 2642 2669 2668)
4(1806 1833 2670 2643)
4(1832 2669 2670 1833)
4(2642 2643 2670 2669)
4(1807 1834 2671 2644)
4(1833 2670 2671 1834)
4(2643 2644 2671 2670)
4(1834 2671 2672 1835)
4(2644 2645 2672 2671)
4(1810 1837 2674 2647)
4(1836 2673 2674 1837)
4(2646 2647 2674 2673)
4(1811 1838 2675 2648)
4(1837 2674 2675 1838)
4(2647 2648 2675 2674)
4(1812 1839 2676 2649)
4(1838 2675 2676 1839)
4(2648 2649 2676 2675)
4(1813 1840 2677 2650)
4(1839 2676 2677 1840)
4(2649 2650 2677 2676)
4(1814 1841 2678 2651)
4(1840 2677 2678 1841)
4(2650 2651 2678 2677)
4(1815 1842 2679 2652)
4(1841 2678 2679 1842)
4(2651 2652 2679 2678)
4(1816 1843 2680 2653)
4(1842 2679 2680 1843)
4(2652 2653 2680 2679)
4(1817 1844 2681 2654)
4(1843 2680 2681 1844)
4(2653 2654 2681 2680)
4(1818 1845 2682 2655)
4(1844 2681 2682 1845)
4(2654 2655 2682 2681)
4(1819 1846 2683 2656)
4(1845 2682 2683 1846)
4(2655 2656 2683 2682)
4(1820 1847 2684 2657)
4(1846 2683 2684 1847)
4(2656 2657 2684 2683)
4(1821 1848 2685 2658)
4(1847 2684 2685 1848)
4(2657 2658 2685 2684)
4(1822 1849 2686 2659)
4(1848 2685 2686 1849)
4(2658 2659 2686 2685)
4(1823 1850 2687 2660)
4(1849 2686 2687 1850)
4(2659 2660 2687 2686)
4(1824 1851 2688 2661)
4(1850 2687 2688 1851)
4(2660 2661 2688 2687)
4(1825 1852 2689 2662)
4(1851 2688 2689 1852)
4(2661 2662 2689 2688)
4(1826 1853 2690 2663)
4(1852 2689 2690 1853)
4(2662 2663 2690 2689)
4(1827 1854 2691 2664)
4(1853 2690 2691 1854)
4(2663 2664 2691 2690)
4(1828 1855 2692 2665)
4(1854 2691 2692 1855)
4(2664 2665 2692 2691)
4(1829 1856 2693 2666)
4(1855 2692 2693 1856)
4(2665 2666 2693 2692)
4(1830 1857 2694 2667)
4(1856 2693 2694 1857)
4(2666 2667 2694 2693)
4(1831 1858 2695 2668)
4(1857 2694 2695 1858)
4(2667 2668 2695 2694)
4(1832 1859 2696 2669)
4(1858 2695 2696 1859)
4(2668 2669 2696 2695)
4(1833 1860 2697 2670)
4(1859 2696 2697 1860)
4(2669 2670 2697 2696)
4(1834 1861 2698 2671)
4(1860 2697 2698 1861)
4(2670 2671 2698 2697)
4(1861 2698 2699 1862)
4(2671 2672 2699 2698)
4(1837 1864 2701 2674)
4(1863 2700 2701 1864)
4(2673 2674 2701 2700)
4(1838 1865 2702 2675)
4(1864 2701 2702 1865)
4(2674 2675 2702 2701)
4(1839 1866 2703 2676)
4(1865 2702 2703 1866)
4(2675 2676 2703 2702)
4(1840 1867 2704 2677)
4(1866 2703 2704 1867)
4(2676 2677 2704 2703)
4(1841 1868 2705 2678)
4(1867 2704 2705 1868)
4(2677 2678 2705 2704)
4(1842 1869 2706 2679)
4(1868 2705 2706 1869)
4(2678 2679 2706 2705)
4(1843 1870 2707 2680)
4(1869 2706 2707 1870)
4(2679 2680 2707 2706)
4(1844 1871 2708 2681)
4(1870 2707 2708 1871)
4(2680 2681 2708 2707)
4(1845 1872 2709 2682)
4(1871 2708 2709 1872)
4(2681 2682 2709 2708)
4(1846 1873 2710 2683)
4(1872 2709 2710 1873)
4(2682 2683 2710 2709)
4(1847 1874 2711 2684)
4(1873 2710 2711 1874)
4(2683 2684 2711 2710)
4(1848 1875 2712 2685)
4(1874 2711 2712 1875)
4(2684 2685 2712 2711)
4(1849 1876 2713 2686)
4(1875 2712 2713 1876)
4(2685 2686 2713 2712)
4(1850 1877 2714 2687)
4(1876 2713 2714 1877)
4(2686 2687 2714 2713)
4(1851 1878 2715 2688)
4(1877 2714 2715 1878)
4(2687 2688 2715 2714)
4(1852 1879 2716 2689)
4(1878 2715 2716 1879)
4(2688 2689 2716 2715)
4(1853 1880 2717 2690)
4(1879 2716 2717 1880)
4(2689 2690 2717 2716)
4(1854 1881 2718 2691)
4(1880 2717 2718 1881)
4(2690 2691 2718 2717)
4(1855 1882 2719 2692)
4(1881 2718 2719 1882)
4(2691 2692 2719 2718)
4(1856 1883 2720 2693)
4(1882 2719 2720 1883)
4(2692 2693 2720 2719)
4(1857 1884 2721 2694)
4(1883 2720 2721 1884)
4(2693 2694 2721 2720)
4(1858 1885 2722 2695)
4(1884 2721 2722 1885)
4(2694 2695 2722 2721)
4(1859 1886 2723 2696)
4(1885 2722 2723 1886)
4(2695 2696 2723 2722)
4(1860 1887 2724 2697)
4(1886 2723 2724 1887)
4(2696 2697 2724 2723)
4(1861 1888 2725 2698)
4(1887 2724 2725 1888)
4(2697 2698 2725 2724)
4(1888 2725 2726 1889)
4(2698 2699 2726 2725)
4(1864 1891 2728 2701)
4(1890 2727 2728 1891)
4(2700 2701 2728 2727)
4(1865 1892 2729 2702)
4(1891 2728 2729 1892)
4(2701 2702 2729 2728)
4(1866 1893 2730 2703)
4(1892 2729 2730 1893)
4(2702 2703 2730 2729)
4(1867 1894 2731 2704)
4(1893 2730 2731 1894)
4(2703 2704 2731 2730)
4(1868 1895 2732 2705)
4(1894 2731 2732 1895)
4(2704 2705 2732 2731)
4(1869 1896 2733 2706)
4(1895 2732 2733 1896)
4(2705 2706 2733 2732)
4(1870 1897 2734 2707)
4(1896 2733 2734 1897)
4(2706 2707 2734 2733)
4(1871 1898 2735 2708)
4(1897 2734 2735 1898)
4(2707 2708 2735 2734)
4(1872 1899 2736 2709)
4(1898 2735 2736 1899)
4(2708 2709 2736 2735)
4(1873 1900 2737 2710)
4(1899 2736 2737 1900)
4(2709 2710 2737 2736)
4(1874 1901 2738 2711)
4(1900 2737 2738 1901)
4(2710 2711 2738 2737)
4(1875 1902 2739 2712)
4(1901 2738 2739 1902)
4(2711 2712 2739 2738)
4(1876 1903 2740 2713)
4(1902 2739 2740 1903)
4(2712 2713 2740 2739)
4(1877 1904 2741 2714)
4(1903 2740 2741 1904)
4(2713 2714 2741 2740)
4(1878 1905 2742 2715)
4(1904 2741 2742 1905)
4(2714 2715 2742 2741)
4(1879 1906 2743 2716)
4(1905 2742 2743 1906)
4(2715 2716 2743 2742)
4(1880 1907 2744 2717)
4(1906 2743 2744 1907)
4(2716 2717 2744 2743)
4(1881 1908 2745 2718)
4(1907 2744 2745 1908)
4(2717 2718 2745 2744)
4(1882 1909 2746 2719)
4(1908 2745 2746 1909)
4(2718 2719 2746 2745)
4(1883 1910 2747 2720)
4(1909 2746 2747 1910)
4(2719 2720 2747 2746)
4(1884 1911 2748 2721)
4(1910 2747 2748 1911)
4(2720 2721 2748 2747)
4(1885 1912 2749 2722)
4(1911 2748 2749 1912)
4(2721 2722 2749 2748)
4(1886 1913 2750 2723)
4(1912 2749 2750 1913)
4(2722 2723 2750 2749)
4(1887 1914 2751 2724)
4(1913 2750 2751 1914)
4(2723 2724 2751 2750)
4(1888 1915 2752 2725)
4(1914 2751 2752 1915)
4(2724 2725 2752 2751)
4(1915 2752 2753 1916)
4(2725 2726 2753 2752)
4(1891 1918 2755 2728)
4(1917 2754 2755 1918)
4(2727 2728 2755 2754)
4(1892 1919 2756 2729)
4(1918 2755 2756 1919)
4(2728 2729 2756 2755)
4(1893 1920 2757 2730)
4(1919 2756 2757 1920)
4(2729 2730 2757 2756)
4(1894 1921 2758 2731)
4(1920 2757 2758 1921)
4(2730 2731 2758 2757)
4(1895 1922 2759 2732)
4(1921 2758 2759 1922)
4(2731 2732 2759 2758)
4(1896 1923 2760 2733)
4(1922 2759 2760 1923)
4(2732 2733 2760 2759)
4(1897 1924 2761 2734)
4(1923 2760 2761 1924)
4(2733 2734 2761 2760)
4(1898 1925 2762 2735)
4(1924 2761 2762 1925)
4(2734 2735 2762 2761)
4(1899 1926 2763 2736)
4(1925 2762 2763 1926)
4(2735 2736 2763 2762)
4(1900 1927 2764 2737)
4(1926 2763 2764 1927)
4(2736 2737 2764 2763)
4(1901 1928 2765 2738)
4(1927 2764 2765 1928)
4(2737 2738 2765 2764)
4(1902 1929 2766 2739)
4(1928 2765 2766 1929)
4(2738 2739 2766 2765)
4(1903 1930 2767 2740)
4(1929 2766 2767 1930)
4(2739 2740 2767 2766)
4(1904 1931 2768 2741)
4(1930 2767 2768 1931)
4(2740 2741 2768 2767)
4(1905 1932 2769 2742)
4(1931 2768 2769 1932)
4(2741 2742 2769 2768)
4(1906 1933 2770 2743)
4(1932 2769 2770 1933)
4(2742 2743 2770 2769)
4(1907 1934 2771 2744)
4(1933 2770 2771 1934)
4(2743 2744 2771 2770)
4(1908 1935 2772 2745)
4(1934 2771 2772 1935)
4(2744 2745 2772 2771)
4(1909 1936 2773 2746)
4(1935 2772 2773 1936)
4(2745 2746 2773 2772)
4(1910 1937 2774 2747)
4(1936 2773 2774 1937)
4(2746 2747 2774 2773)
4(1911 1938 2775 2748)
4(1937 2774 2775 1938)
4(2747 2748 2775 2774)
4(1912 1939 2776 2749)
4(1938 2775 2776 1939)
4(2748 2749 2776 2775)
4(1913 1940 2777 2750)
4(1939 2776 2777 1940)
4(2749 2750 2777 2776)
4(1914 1941 2778 2751)
4(1940 2777 2778 1941)
4(2750 2751 2778 2777)
4(1915 1942 2779 2752)
4(1941 2778 2779 1942)
4(2751 2752 2779 2778)
4(1942 2779 2780 1943)
4(2752 2753 2780 2779)
4(1918 1945 2782 2755)
4(1944 2781 2782 1945)
4(2754 2755 2782 2781)
4(1919 1946 2783 2756)
4(1945 2782 2783 1946)
4(2755 2756 2783 2782)
4(1920 1947 2784 2757)
4(1946 2783 2784 1947)
4(2756 2757 2784 2783)
4(1921 1948 2785 2758)
4(1947 2784 2785 1948)
4(2757 2758 2785 2784)
4(1922 1949 2786 2759)
4(1948 2785 2786 1949)
4(2758 2759 2786 2785)
4(1923 1950 2787 2760)
4(1949 2786 2787 1950)
4(2759 2760 2787 2786)
4(1924 1951 2788 2761)
4(1950 2787 2788 1951)
4(2760 2761 2788 2787)
4(1925 1952 2789 2762)
4(1951 2788 2789 1952)
4(2761 2762 2789 2788)
4(1926 1953 2790 2763)
4(1952 2789 2790 1953)
4(2762 2763 2790 2789)
4(1927 1954 2791 2764)
4(1953 2790 2791 1954)
4(2763 2764 2791 2790)
4(1928 1955 2792 2765)
4(1954 2791 2792 1955)
4(2764 2765 2792 2791)
4(1929 1956 2793 2766)
4(1955 2792 2793 1956)
4(2765 2766 2793 2792)
4(1930 1957 2794 2767)
4(1956 2793 2794 1957)
4(2766 2767 2794 2793)
4(1931 1958 2795 2768)
4(1957 2794 2795 1958)
4(2767 2768 2795 2794)
4(1932 1959 2796 2769)
4(1958 2795 2796 1959)
4(2768 2769 2796 2795)
4(1933 1960 2797 2770)
4(1959 2796 2797 1960)
4(2769 2770 2797 2796)
4(1934 1961 2798 2771)
4(1960 2797 2798 1961)
4(2770 2771 2798 2797)
4(1935 1962 2799 2772)
4(1961 2798 2799 1962)
4(2771 2772 2799 2798)
4(1936 1963 2800 2773)
4(1962 2799 2800 1963)
4(2772 2773 2800 2799)
4(1937 1964 2801 2774)
4(1963 2800 2801 1964)
4(2773 2774 2801 2800)
4(1938 1965 2802 2775)
4(1964 2801 2802 1965)
4(2774 2775 2802 2801)
4(1939 1966 2803 2776)
4(1965 2802 2803 1966)
4(2775 2776 2803 2802)
4(1940 1967 2804 2777)
4(1966 2803 2804 1967)
4(2776 2777 2804 2803)
4(1941 1968 2805 2778)
4(1967 2804 2805 1968)
4(2777 2778 2805 2804)
4(1942 1969 2806 2779)
4(1968 2805 2806 1969)
4(2778 2779 2806 2805)
4(1969 2806 2807 1970)
4(2779 2780 2807 2806)
4(1945 1972 2809 2782)
4(1971 2808 2809 1972)
4(2781 2782 2809 2808)
4(1946 1973 2810 2783)
4(1972 2809 2810 1973)
4(2782 2783 2810 2809)
4(1947 1974 2811 2784)
4(1973 2810 2811 1974)
4(2783 2784 2811 2810)
4(1948 1975 2812 2785)
4(1974 2811 2812 1975)
4(2784 2785 2812 2811)
4(1949 1976 2813 2786)
4(1975 2812 2813 1976)
4(2785 2786 2813 2812)
4(1950 1977 2814 2787)
4(1976 2813 2814 1977)
4(2786 2787 2814 2813)
4(1951 1978 2815 2788)
4(1977 2814 2815 1978)
4(2787 2788 2815 2814)
4(1952 1979 2816 2789)
4(1978 2815 2816 1979)
4(2788 2789 2816 2815)
4(1953 1980 2817 2790)
4(1979 2816 2817 1980)
4(2789 2790 2817 2816)
4(1954 1981 2818 2791)
4(1980 2817 2818 1981)
4(2790 2791 2818 2817)
4(1955 1982 2819 2792)
4(1981 2818 2819 1982)
4(2791 2792 2819 2818)
4(1956 1983 2820 2793)
4(1982 2819 2820 1983)
4(2792 2793 2820 2819)
4(1957 1984 2821 2794)
4(1983 2820 2821 1984)
4(2793 2794 2821 2820)
4(1958 1985 2822 2795)
4(1984 2821 2822 1985)
4(2794 2795 2822 2821)
4(1959 1986 2823 2796)
4(1985 2822 2823 1986)
4(2795 2796 2823 2822)
4(1960 1987 2824 2797)
4(1986 2823 2824 1987)
4(2796 2797 2824 2823)
4(1961 1988 2825 2798)
4(1987 2824 2825 1988)
4(2797 2798 2825 2824)
4(1962 1989 2826 2799)
4(1988 2825 2826 1989)
4(2798 2799 2826 2825)
4(1963 1990 2827 2800)
4(1989 2826 2827 1990)
4(2799 2800 2827 2826)
4(1964 1991 2828 2801)
4(1990 2827 2828 1991)
4(2800 2801 2828 2827)
4(1965 1992 2829 2802)
4(1991 2828 2829 1992)
4(2801 2802 2829 2828)
4(1966 1993 2830 2803)
4(1992 2829 2830 1993)
4(2802 2803 2830 2829)
4(1967 1994 2831 2804)
4(1993 2830 2831 1994)
4(2803 2804 2831 2830)
4(1968 1995 2832 2805)
4(1994 2831 2832 1995)
4(2804 2805 2832 2831)
4(1969 1996 2833 2806)
4(1995 2832 2833 1996)
4(2805 2806 2833 2832)
4(1996 2833 2834 1997)
4(2806 2807 2834 2833)
4(1972 1999 2836 2809)
4(1998 2835 2836 1999)
4(2808 2809 2836 2835)
4(1973 2000 2837 2810)
4(1999 2836 2837 2000)
4(2809 2810 2837 2836)
4(1974 2001 2838 2811)
4(2000 2837 2838 2001)
4(2810 2811 2838 2837)
4(1975 2002 2839 2812)
4(2001 2838 2839 2002)
4(2811 2812 2839 2838)
4(1976 2003 2840 2813)
4(2002 2839 2840 2003)
4(2812 2813 2840 2839)
4(1977 2004 2841 2814)
4(2003 2840 2841 2004)
4(2813 2814 2841 2840)
4(1978 2005 2842 2815)
4(2004 2841 2842 2005)
4(2814 2815 2842 2841)
4(1979 2006 2843 2816)
4(2005 2842 2843 2006)
4(2815 2816 2843 2842)
4(1980 2007 2844 2817)
4(2006 2843 2844 2007)
4(2816 2817 2844 2843)
4(1981 2008 2845 2818)
4(2007 2844 2845 2008)
4(2817 2818 2845 2844)
4(1982 2009 2846 2819)
4(2008 2845 2846 2009)
4(2818 2819 2846 2845)
4(1983 2010 2847 2820)
4(2009 2846 2847 2010)
4(2819 2820 2847 2846)
4(1984 2011 2848 2821)
4(2010 2847 2848 2011)
4(2820 2821 2848 2847)
4(1985 2012 2849 2822)
4(2011 2848 2849 2012)
4(2821 2822 2849 2848)
4(1986 2013 2850 2823)
4(2012 2849 2850 2013)
4(2822 2823 2850 2849)
4(1987 2014 2851 2824)
4(2013 2850 2851 2014)
4(2823 2824 2851 2850)
4(1988 2015 2852 2825)
4(2014 2851 2852 2015)
4(2824 2825 2852 2851)
4(1989 2016 2853 2826)
4(2015 2852 2853 2016)
4(2825 2826 2853 2852)
4(1990 2017 2854 2827)
4(2016 2853 2854 2017)
4(2826 2827 2854 2853)
4(1991 2018 2855 2828)
4(2017 2854 2855 2018)
4(2827 2828 2855 2854)
4(1992 2019 2856 2829)
4(2018 2855 2856 2019)
4(2828 2829 2856 2855)
4(1993 2020 2857 2830)
4(2019 2856 2857 2020)
4(2829 2830 2857 2856)
4(1994 2021 2858 2831)
4(2020 2857 2858 2021)
4(2830 2831 2858 2857)
4(1995 2022 2859 2832)
4(2021 2858 2859 2022)
4(2831 2832 2859 2858)
4(1996 2023 2860 2833)
4(2022 2859 2860 2023)
4(2832 2833 2860 2859)
4(2023 2860 2861 2024)
4(2833 2834 2861 2860)
4(1999 2026 2863 2836)
4(2025 2862 2863 2026)
4(2835 2836 2863 2862)
4(2000 2027 2864 2837)
4(2026 2863 2864 2027)
4(2836 2837 2864 2863)
4(2001 2028 2865 2838)
4(2027 2864 2865 2028)
4(2837 2838 2865 2864)
4(2002 2029 2866 2839)
4(2028 2865 2866 2029)
4(2838 2839 2866 2865)
4(2003 2030 2867 2840)
4(2029 2866 2867 2030)
4(2839 2840 2867 2866)
4(2004 2031 2868 2841)
4(2030 2867 2868 2031)
4(2840 2841 2868 2867)
4(2005 2032 2869 2842)
4(2031 2868 2869 2032)
4(2841 2842 2869 2868)
4(2006 2033 2870 2843)
4(2032 2869 2870 2033)
4(2842 2843 2870 2869)
4(2007 2034 2871 2844)
4(2033 2870 2871 2034)
4(2843 2844 2871 2870)
4(2008 2035 2872 2845)
4(2034 2871 2872 2035)
4(2844 2845 2872 2871)
4(2009 2036 2873 2846)
4(2035 2872 2873 2036)
4(2845 2846 2873 2872)
4(2010 2037 2874 2847)
4(2036 2873 2874 2037)
4(2846 2847 2874 2873)
4(2011 2038 2875 2848)
4(2037 2874 2875 2038)
4(2847 2848 2875 2874)
4(2012 2039 2876 2849)
4(2038 2875 2876 2039)
4(2848 2849 2876 2875)
4(2013 2040 2877 2850)
4(2039 2876 2877 2040)
4(2849 2850 2877 2876)
4(2014 2041 2878 2851)
4(2040 2877 2878 2041)
4(2850 2851 2878 2877)
4(2015 2042 2879 2852)
4(2041 2878 2879 2042)
4(2851 2852 2879 2878)
4(2016 2043 2880 2853)
4(2042 2879 2880 2043)
4(2852 2853 2880 2879)
4(2017 2044 2881 2854)
4(2043 2880 2881 2044)
4(2853 2854 2881 2880)
4(2018 2045 2882 2855)
4(2044 2881 2882 2045)
4(2854 2855 2882 2881)
4(2019 2046 2883 2856)
4(2045 2882 2883 2046)
4(2855 2856 2883 2882)
4(2020 2047 2884 2857)
4(2046 2883 2884 2047)
4(2856 2857 2884 2883)
4(2021 2048 2885 2858)
4(2047 2884 2885 2048)
4(2857 2858 2885 2884)
4(2022 2049 2886 2859)
4(2048 2885 2886 2049)
4(2858 2859 2886 2885)
4(2023 2050 2887 2860)
4(2049 2886 2887 2050)
4(2859 2860 2887 2886)
4(2050 2887 2888 2051)
4(2860 2861 2888 2887)
4(2026 2053 2890 2863)
4(2052 2889 2890 2053)
4(2862 2863 2890 2889)
4(2027 2054 2891 2864)
4(2053 2890 2891 2054)
4(2863 2864 2891 2890)
4(2028 2055 2892 2865)
4(2054 2891 2892 2055)
4(2864 2865 2892 2891)
4(2029 2056 2893 2866)
4(2055 2892 2893 2056)
4(2865 2866 2893 2892)
4(2030 2057 2894 2867)
4(2056 2893 2894 2057)
4(2866 2867 2894 2893)
4(2031 2058 2895 2868)
4(2057 2894 2895 2058)
4(2867 2868 2895 2894)
4(2032 2059 2896 2869)
4(2058 2895 2896 2059)
4(2868 2869 2896 2895)
4(2033 2060 2897 2870)
4(2059 2896 2897 2060)
4(2869 2870 2897 2896)
4(2034 2061 2898 2871)
4(2060 2897 2898 2061)
4(2870 2871 2898 2897)
4(2035 2062 2899 2872)
4(2061 2898 2899 2062)
4(2871 2872 2899 2898)
4(2036 2063 2900 2873)
4(2062 2899 2900 2063)
4(2872 2873 2900 2899)
4(2037 2064 2901 2874)
4(2063 2900 2901 2064)
4(2873 2874 2901 2900)
4(2038 2065 2902 2875)
4(2064 2901 2902 2065)
4(2874 2875 2902 2901)
4(2039 2066 2903 2876)
4(2065 2902 2903 2066)
4(2875 2876 2903 2902)
4(2040 2067 2904 2877)
4(2066 2903 2904 2067)
4(2876 2877 2904 2903)
4(2041 2068 2905 2878)
4(2067 2904 2905 2068)
4(2877 2878 2905 2904)
4(2042 2069 2906 2879)
4(2068 2905 2906 2069)
4(2878 2879 2906 2905)
4(2043 2070 2907 2880)
4(2069 2906 2907 2070)
4(2879 2880 2907 2906)
4(2044 2071 2908 2881)
4(2070 2907 2908 2071)
4(2880 2881 2908 2907)
4(2045 2072 2909 2882)
4(2071 2908 2909 2072)
4(2881 2882 2909 2908)
4(2046 2073 2910 2883)
4(2072 2909 2910 2073)
4(2882 2883 2910 2909)
4(2047 2074 2911 2884)
4(2073 2910 2911 2074)
4(2883 2884 2911 2910)
4(2048 2075 2912 2885)
4(2074 2911 2912 2075)
4(2884 2885 2912 2911)
4(2049 2076 2913 2886)
4(2075 2912 2913 2076)
4(2885 2886 2913 2912)
4(2050 2077 2914 2887)
4(2076 2913 2914 2077)
4(2886 2887 2914 2913)
4(2077 2914 2915 2078)
4(2887 2888 2915 2914)
4(2053 2080 2917 2890)
4(2079 2916 2917 2080)
4(2889 2890 2917 2916)
4(2054 2081 2918 2891)
4(2080 2917 2918 2081)
4(2890 2891 2918 2917)
4(2055 2082 2919 2892)
4(2081 2918 2919 2082)
4(2891 2892 2919 2918)
4(2056 2083 2920 2893)
4(2082 2919 2920 2083)
4(2892 2893 2920 2919)
4(2057 2084 2921 2894)
4(2083 2920 2921 2084)
4(2893 2894 2921 2920)
4(2058 2085 2922 2895)
4(2084 2921 2922 2085)
4(2894 2895 2922 2921)
4(2059 2086 2923 2896)
4(2085 2922 2923 2086)
4(2895 2896 2923 2922)
4(2060 2087 2924 2897)
4(2086 2923 2924 2087)
4(2896 2897 2924 2923)
4(2061 2088 2925 2898)
4(2087 2924 2925 2088)
4(2897 2898 2925 2924)
4(2062 2089 2926 2899)
4(2088 2925 2926 2089)
4(2898 2899 2926 2925)
4(2063 2090 2927 2900)
4(2089 2926 2927 2090)
4(2899 2900 2927 2926)
4(2064 2091 2928 2901)
4(2090 2927 2928 2091)
4(2900 2901 2928 2927)
4(2065 2092 2929 2902)
4(2091 2928 2929 2092)
4(2901 2902 2929 2928)
4(2066 2093 2930 2903)
4(2092 2929 2930 2093)
4(2902 2903 2930 2929)
4(2067 2094 2931 2904)
4(2093 2930 2931 2094)
4(2903 2904 2931 2930)
4(2068 2095 2932 2905)
4(2094 2931 2932 2095)
4(2904 2905 2932 2931)
4(2069 2096 2933 2906)
4(2095 2932 2933 2096)
4(2905 2906 2933 2932)
4(2070 2097 2934 2907)
4(2096 2933 2934 2097)
4(2906 2907 2934 2933)
4(2071 2098 2935 2908)
4(2097 2934 2935 2098)
4(2907 2908 2935 2934)
4(2072 2099 2936 2909)
4(2098 2935 2936 2099)
4(2908 2909 2936 2935)
4(2073 2100 2937 2910)
4(2099 2936 2937 2100)
4(2909 2910 2937 2936)
4(2074 2101 2938 2911)
4(2100 2937 2938 2101)
4(2910 2911 2938 2937)
4(2075 2102 2939 2912)
4(2101 2938 2939 2102)
4(2911 2912 2939 2938)
4(2076 2103 2940 2913)
4(2102 2939 2940 2103)
4(2912 2913 2940 2939)
4(2077 2104 2941 2914)
4(2103 2940 2941 2104)
4(2913 2914 2941 2940)
4(2104 2941 2942 2105)
4(2914 2915 2942 2941)
4(2080 2107 2944 2917)
4(2106 2943 2944 2107)
4(2916 2917 2944 2943)
4(2081 2108 2945 2918)
4(2107 2944 2945 2108)
4(2917 2918 2945 2944)
4(2082 2109 2946 2919)
4(2108 2945 2946 2109)
4(2918 2919 2946 2945)
4(2083 2110 2947 2920)
4(2109 2946 2947 2110)
4(2919 2920 2947 2946)
4(2084 2111 2948 2921)
4(2110 2947 2948 2111)
4(2920 2921 2948 2947)
4(2085 2112 2949 2922)
4(2111 2948 2949 2112)
4(2921 2922 2949 2948)
4(2086 2113 2950 2923)
4(2112 2949 2950 2113)
4(2922 2923 2950 2949)
4(2087 2114 2951 2924)
4(2113 2950 2951 2114)
4(2923 2924 2951 2950)
4(2088 2115 2952 2925)
4(2114 2951 2952 2115)
4(2924 2925 2952 2951)
4(2089 2116 2953 2926)
4(2115 2952 2953 2116)
4(2925 2926 2953 2952)
4(2090 2117 2954 2927)
4(2116 2953 2954 2117)
4(2926 2927 2954 2953)
4(2091 2118 2955 2928)
4(2117 2954 2955 2118)
4(2927 2928 2955 2954)
4(2092 2119 2956 2929)
4(2118 2955 2956 2119)
4(2928 2929 2956 2955)
4(2093 2120 2957 2930)
4(2119 2956 2957 2120)
4(2929 2930 2957 2956)
4(2094 2121 2958 2931)
4(2120 2957 2958 2121)
4(2930 2931 2958 2957)
4(2095 2122 2959 2932)
4(2121 2958 2959 2122)
4(2931 2932 2959 2958)
4(2096 2123 2960 2933)
4(2122 2959 2960 2123)
4(2932 2933 2960 2959)
4(2097 2124 2961 2934)
4(2123 2960 2961 2124)
4(2933 2934 2961 2960)
4(2098 2125 2962 2935)
4(2124 2961 2962 2125)
4(2934 2935 2962 2961)
4(2099 2126 2963 2936)
4(2125 2962 2963 2126)
4(2935 2936 2963 2962)
4(2100 2127 2964 2937)
4(2126 2963 2964 2127)
4(2936 2937 2964 2963)
4(2101 2128 2965 2938)
4(2127 2964 2965 2128)
4(2937 2938 2965 2964)
4(2102 2129 2966 2939)
4(2128 2965 2966 2129)
4(2938 2939 2966 2965)
4(2103 2130 2967 2940)
4(2129 2966 2967 2130)
4(2939 2940 2967 2966)
4(2104 2131 2968 2941)
4(2130 2967 2968 2131)
4(2940 2941 2968 2967)
4(2131 2968 2969 2132)
4(2941 2942 2969 2968)
4(2107 2134 2971 2944)
4(2133 2970 2971 2134)
4(2943 2944 2971 2970)
4(2108 2135 2972 2945)
4(2134 2971 2972 2135)
4(2944 2945 2972 2971)
4(2109 2136 2973 2946)
4(2135 2972 2973 2136)
4(2945 2946 2973 2972)
4(2110 2137 2974 2947)
4(2136 2973 2974 2137)
4(2946 2947 2974 2973)
4(2111 2138 2975 2948)
4(2137 2974 2975 2138)
4(2947 2948 2975 2974)
4(2112 2139 2976 2949)
4(2138 2975 2976 2139)
4(2948 2949 2976 2975)
4(2113 2140 2977 2950)
4(2139 2976 2977 2140)
4(2949 2950 2977 2976)
4(2114 2141 2978 2951)
4(2140 2977 2978 2141)
4(2950 2951 2978 2977)
4(2115 2142 2979 2952)
4(2141 2978 2979 2142)
4(2951 2952 2979 2978)
4(2116 2143 2980 2953)
4(2142 2979 2980 2143)
4(2952 2953 2980 2979)
4(2117 2144 2981 2954)
4(2143 2980 2981 2144)
4(2953 2954 2981 2980)
4(2118 2145 2982 2955)
4(2144 2981 2982 2145)
4(2954 2955 2982 2981)
4(2119 2146 2983 2956)
4(2145 2982 2983 2146)
4(2955 2956 2983 2982)
4(2120 2147 2984 2957)
4(2146 2983 2984 2147)
4(2956 2957 2984 2983)
4(2121 2148 2985 2958)
4(2147 2984 2985 2148)
4(2957 2958 2985 2984)
4(2122 2149 2986 2959)
4(2148 2985 2986 2149)
4(2958 2959 2986 2985)
4(2123 2150 2987 2960)
4(2149 2986 2987 2150)
4(2959 2960 2987 2986)
4(2124 2151 2988 2961)
4(2150 2987 2988 2151)
4(2960 2961 2988 2987)
4(2125 2152 2989 2962)
4(2151 2988 2989 2152)
4(2961 2962 2989 2988)
4(2126 2153 2990 2963)
4(2152 2989 2990 2153)
4(2962 2963 2990 2989)
4(2127 2154 2991 2964)
4(2153 2990 2991 2154)
4(2963 2964 2991 2990)
4(2128 2155 2992 2965)
4(2154 2991 2992 2155)
4(2964 2965 2992 2991)
4(2129 2156 2993 2966)
4(2155 2992 2993 2156)
4(2965 2966 2993 2992)
4(2130 2157 2994 2967)
4(2156 2993 2994 2157)
4(2966 2967 2994 2993)
4(2131 2158 2995 2968)
4(2157 2994 2995 2158)
4(2967 2968 2995 2994)
4(2158 2995 2996 2159)
4(2968 2969 2996 2995)
4(2134 2161 2998 2971)
4(2160 2997 2998 2161)
4(2970 2971 2998 2997)
4(2135 2162 2999 2972)
4(2161 2998 2999 2162)
4(2971 2972 2999 2998)
4(2136 2163 3000 2973)
4(2162 2999 3000 2163)
4(2972 2973 3000 2999)
4(2137 2164 3001 2974)
4(2163 3000 3001 2164)
4(2973 2974 3001 3000)
4(2138 2165 3002 2975)
4(2164 3001 3002 2165)
4(2974 2975 3002 3001)
4(2139 2166 3003 2976)
4(2165 3002 3003 2166)
4(2975 2976 3003 3002)
4(2140 2167 3004 2977)
4(2166 3003 3004 2167)
4(2976 2977 3004 3003)
4(2141 2168 3005 2978)
4(2167 3004 3005 2168)
4(2977 2978 3005 3004)
4(2142 2169 3006 2979)
4(2168 3005 3006 2169)
4(2978 2979 3006 3005)
4(2143 2170 3007 2980)
4(2169 3006 3007 2170)
4(2979 2980 3007 3006)
4(2144 2171 3008 2981)
4(2170 3007 3008 2171)
4(2980 2981 3008 3007)
4(2145 2172 3009 2982)
4(2171 3008 3009 2172)
4(2981 2982 3009 3008)
4(2146 2173 3010 2983)
4(2172 3009 3010 2173)
4(2982 2983 3010 3009)
4(2147 2174 3011 2984)
4(2173 3010 3011 2174)
4(2983 2984 3011 3010)
4(2148 2175 3012 2985)
4(2174 3011 3012 2175)
4(2984 2985 3012 3011)
4(2149 2176 3013 2986)
4(2175 3012 3013 2176)
4(2985 2986 3013 3012)
4(2150 2177 3014 2987)
4(2176 3013 3014 2177)
4(2986 2987 3014 3013)
4(2151 2178 3015 2988)
4(2177 3014 3015 2178)
4(2987 2988 3015 3014)
4(2152 2179 3016 2989)
4(2178 3015 3016 2179)
4(2988 2989 3016 3015)
4(2153 2180 3017 2990)
4(2179 3016 3017 2180)
4(2989 2990 3017 3016)
4(2154 2181 3018 2991)
4(2180 3017 3018 2181)
4(2990 2991 3018 3017)
4(2155 2182 3019 2992)
4(2181 3018 3019 2182)
4(2991 2992 3019 3018)
4(2156 2183 3020 2993)
4(2182 3019 3020 2183)
4(2992 2993 3020 3019)
4(2157 2184 3021 2994)
4(2183 3020 3021 2184)
4(2993 2994 3021 3020)
4(2158 2185 3022 2995)
4(2184 3021 3022 2185)
4(2994 2995 3022 3021)
4(2185 3022 3023 2186)
4(2995 2996 3023 3022)
4(2161 2188 3025 2998)
4(2187 3024 3025 2188)
4(2997 2998 3025 3024)
4(2162 2189 3026 2999)
4(2188 3025 3026 2189)
4(2998 2999 3026 3025)
4(2163 2190 3027 3000)
4(2189 3026 3027 2190)
4(2999 3000 3027 3026)
4(2164 2191 3028 3001)
4(2190 3027 3028 2191)
4(3000 3001 3028 3027)
4(2165 2192 3029 3002)
4(2191 3028 3029 2192)
4(3001 3002 3029 3028)
4(2166 2193 3030 3003)
4(2192 3029 3030 2193)
4(3002 3003 3030 3029)
4(2167 2194 3031 3004)
4(2193 3030 3031 2194)
4(3003 3004 3031 3030)
4(2168 2195 3032 3005)
4(2194 3031 3032 2195)
4(3004 3005 3032 3031)
4(2169 2196 3033 3006)
4(2195 3032 3033 2196)
4(3005 3006 3033 3032)
4(2170 2197 3034 3007)
4(2196 3033 3034 2197)
4(3006 3007 3034 3033)
4(2171 2198 3035 3008)
4(2197 3034 3035 2198)
4(3007 3008 3035 3034)
4(2172 2199 3036 3009)
4(2198 3035 3036 2199)
4(3008 3009 3036 3035)
4(2173 2200 3037 3010)
4(2199 3036 3037 2200)
4(3009 3010 3037 3036)
4(2174 2201 3038 3011)
4(2200 3037 3038 2201)
4(3010 3011 3038 3037)
4(2175 2202 3039 3012)
4(2201 3038 3039 2202)
4(3011 3012 3039 3038)
4(2176 2203 3040 3013)
4(2202 3039 3040 2203)
4(3012 3013 3040 3039)
4(2177 2204 3041 3014)
4(2203 3040 3041 2204)
4(3013 3014 3041 3040)
4(2178 2205 3042 3015)
4(2204 3041 3042 2205)
4(3014 3015 3042 3041)
4(2179 2206 3043 3016)
4(2205 3042 3043 2206)
4(3015 3016 3043 3042)
4(2180 2207 3044 3017)
4(2206 3043 3044 2207)
4(3016 3017 3044 3043)
4(2181 2208 3045 3018)
4(2207 3044 3045 2208)
4(3017 3018 3045 3044)
4(2182 2209 3046 3019)
4(2208 3045 3046 2209)
4(3018 3019 3046 3045)
4(2183 2210 3047 3020)
4(2209 3046 3047 2210)
4(3019 3020 3047 3046)
4(2184 2211 3048 3021)
4(2210 3047 3048 2211)
4(3020 3021 3048 3047)
4(2185 2212 3049 3022)
4(2211 3048 3049 2212)
4(3021 3022 3049 3048)
4(2212 3049 3050 2213)
4(3022 3023 3050 3049)
4(2188 2215 3052 3025)
4(2214 3051 3052 2215)
4(3024 3025 3052 3051)
4(2189 2216 3053 3026)
4(2215 3052 3053 2216)
4(3025 3026 3053 3052)
4(2190 2217 3054 3027)
4(2216 3053 3054 2217)
4(3026 3027 3054 3053)
4(2191 2218 3055 3028)
4(2217 3054 3055 2218)
4(3027 3028 3055 3054)
4(2192 2219 3056 3029)
4(2218 3055 3056 2219)
4(3028 3029 3056 3055)
4(2193 2220 3057 3030)
4(2219 3056 3057 2220)
4(3029 3030 3057 3056)
4(2194 2221 3058 3031)
4(2220 3057 3058 2221)
4(3030 3031 3058 3057)
4(2195 2222 3059 3032)
4(2221 3058 3059 2222)
4(3031 3032 3059 3058)
4(2196 2223 3060 3033)
4(2222 3059 3060 2223)
4(3032 3033 3060 3059)
4(2197 2224 3061 3034)
4(2223 3060 3061 2224)
4(3033 3034 3061 3060)
4(2198 2225 3062 3035)
4(2224 3061 3062 2225)
4(3034 3035 3062 3061)
4(2199 2226 3063 3036)
4(2225 3062 3063 2226)
4(3035 3036 3063 3062)
4(2200 2227 3064 3037)
4(2226 3063 3064 2227)
4(3036 3037 3064 3063)
4(2201 2228 3065 3038)
4(2227 3064 3065 2228)
4(3037 3038 3065 3064)
4(2202 2229 3066 3039)
4(2228 3065 3066 2229)
4(3038 3039 3066 3065)
4(2203 2230 3067 3040)
4(2229 3066 3067 2230)
4(3039 3040 3067 3066)
4(2204 2231 3068 3041)
4(2230 3067 3068 2231)
4(3040 3041 3068 3067)
4(2205 2232 3069 3042)
4(2231 3068 3069 2232)
4(3041 3042 3069 3068)
4(2206 2233 3070 3043)
4(2232 3069 3070 2233)
4(3042 3043 3070 3069)
4(2207 2234 3071 3044)
4(2233 3070 3071 2234)
4(3043 3044 3071 3070)
4(2208 2235 3072 3045)
4(2234 3071 3072 2235)
4(3044 3045 3072 3071)
4(2209 2236 3073 3046)
4(2235 3072 3073 2236)
4(3045 3046 3073 3072)
4(2210 2237 3074 3047)
4(2236 3073 3074 2237)
4(3046 3047 3074 3073)
4(2211 2238 3075 3048)
4(2237 3074 3075 2238)
4(3047 3048 3075 3074)
4(2212 2239 3076 3049)
4(2238 3075 3076 2239)
4(3048 3049 3076 3075)
4(2239 3076 3077 2240)
4(3049 3050 3077 3076)
4(2215 2242 3079 3052)
4(2241 3078 3079 2242)
4(3051 3052 3079 3078)
4(2216 2243 3080 3053)
4(2242 3079 3080 2243)
4(3052 3053 3080 3079)
4(2217 2244 3081 3054)
4(2243 3080 3081 2244)
4(3053 3054 3081 3080)
4(2218 2245 3082 3055)
4(2244 3081 3082 2245)
4(3054 3055 3082 3081)
4(2219 2246 3083 3056)
4(2245 3082 3083 2246)
4(3055 3056 3083 3082)
4(2220 2247 3084 3057)
4(2246 3083 3084 2247)
4(3056 3057 3084 3083)
4(2221 2248 3085 3058)
4(2247 3084 3085 2248)
4(3057 3058 3085 3084)
4(2222 2249 3086 3059)
4(2248 3085 3086 2249)
4(3058 3059 3086 3085)
4(2223 2250 3087 3060)
4(2249 3086 3087 2250)
4(3059 3060 3087 3086)
4(2224 2251 3088 3061)
4(2250 3087 3088 2251)
4(3060 3061 3088 3087)
4(2225 2252 3089 3062)
4(2251 3088 3089 2252)
4(3061 3062 3089 3088)
4(2226 2253 3090 3063)
4(2252 3089 3090 2253)
4(3062 3063 3090 3089)
4(2227 2254 3091 3064)
4(2253 3090 3091 2254)
4(3063 3064 3091 3090)
4(2228 2255 3092 3065)
4(2254 3091 3092 2255)
4(3064 3065 3092 3091)
4(2229 2256 3093 3066)
4(2255 3092 3093 2256)
4(3065 3066 3093 3092)
4(2230 2257 3094 3067)
4(2256 3093 3094 2257)
4(3066 3067 3094 3093)
4(2231 2258 3095 3068)
4(2257 3094 3095 2258)
4(3067 3068 3095 3094)
4(2232 2259 3096 3069)
4(2258 3095 3096 2259)
4(3068 3069 3096 3095)
4(2233 2260 3097 3070)
4(2259 3096 3097 2260)
4(3069 3070 3097 3096)
4(2234 2261 3098 3071)
4(2260 3097 3098 2261)
4(3070 3071 3098 3097)
4(2235 2262 3099 3072)
4(2261 3098 3099 2262)
4(3071 3072 3099 3098)
4(2236 2263 3100 3073)
4(2262 3099 3100 2263)
4(3072 3073 3100 3099)
4(2237 2264 3101 3074)
4(2263 3100 3101 2264)
4(3073 3074 3101 3100)
4(2238 2265 3102 3075)
4(2264 3101 3102 2265)
4(3074 3075 3102 3101)
4(2239 2266 3103 3076)
4(2265 3102 3103 2266)
4(3075 3076 3103 3102)
4(2266 3103 3104 2267)
4(3076 3077 3104 3103)
4(2242 2269 3106 3079)
4(2268 3105 3106 2269)
4(3078 3079 3106 3105)
4(2243 2270 3107 3080)
4(2269 3106 3107 2270)
4(3079 3080 3107 3106)
4(2244 2271 3108 3081)
4(2270 3107 3108 2271)
4(3080 3081 3108 3107)
4(2245 2272 3109 3082)
4(2271 3108 3109 2272)
4(3081 3082 3109 3108)
4(2246 2273 3110 3083)
4(2272 3109 3110 2273)
4(3082 3083 3110 3109)
4(2247 2274 3111 3084)
4(2273 3110 3111 2274)
4(3083 3084 3111 3110)
4(2248 2275 3112 3085)
4(2274 3111 3112 2275)
4(3084 3085 3112 3111)
4(2249 2276 3113 3086)
4(2275 3112 3113 2276)
4(3085 3086 3113 3112)
4(2250 2277 3114 3087)
4(2276 3113 3114 2277)
4(3086 3087 3114 3113)
4(2251 2278 3115 3088)
4(2277 3114 3115 2278)
4(3087 3088 3115 3114)
4(2252 2279 3116 3089)
4(2278 3115 3116 2279)
4(3088 3089 3116 3115)
4(2253 2280 3117 3090)
4(2279 3116 3117 2280)
4(3089 3090 3117 3116)
4(2254 2281 3118 3091)
4(2280 3117 3118 2281)
4(3090 3091 3118 3117)
4(2255 2282 3119 3092)
4(2281 3118 3119 2282)
4(3091 3092 3119 3118)
4(2256 2283 3120 3093)
4(2282 3119 3120 2283)
4(3092 3093 3120 3119)
4(2257 2284 3121 3094)
4(2283 3120 3121 2284)
4(3093 3094 3121 3120)
4(2258 2285 3122 3095)
4(2284 3121 3122 2285)
4(3094 3095 3122 3121)
4(2259 2286 3123 3096)
4(2285 3122 3123 2286)
4(3095 3096 3123 3122)
4(2260 2287 3124 3097)
4(2286 3123 3124 2287)
4(3096 3097 3124 3123)
4(2261 2288 3125 3098)
4(2287 3124 3125 2288)
4(3097 3098 3125 3124)
4(2262 2289 3126 3099)
4(2288 3125 3126 2289)
4(3098 3099 3126 3125)
4(2263 2290 3127 3100)
4(2289 3126 3127 2290)
4(3099 3100 3127 3126)
4(2264 2291 3128 3101)
4(2290 3127 3128 2291)
4(3100 3101 3128 3127)
4(2265 2292 3129 3102)
4(2291 3128 3129 2292)
4(3101 3102 3129 3128)
4(2266 2293 3130 3103)
4(2292 3129 3130 2293)
4(3102 3103 3130 3129)
4(2293 3130 3131 2294)
4(3103 3104 3131 3130)
4(2269 2296 3133 3106)
4(2295 3132 3133 2296)
4(3105 3106 3133 3132)
4(2270 2297 3134 3107)
4(2296 3133 3134 2297)
4(3106 3107 3134 3133)
4(2271 2298 3135 3108)
4(2297 3134 3135 2298)
4(3107 3108 3135 3134)
4(2272 2299 3136 3109)
4(2298 3135 3136 2299)
4(3108 3109 3136 3135)
4(2273 2300 3137 3110)
4(2299 3136 3137 2300)
4(3109 3110 3137 3136)
4(2274 2301 3138 3111)
4(2300 3137 3138 2301)
4(3110 3111 3138 3137)
4(2275 2302 3139 3112)
4(2301 3138 3139 2302)
4(3111 3112 3139 3138)
4(2276 2303 3140 3113)
4(2302 3139 3140 2303)
4(3112 3113 3140 3139)
4(2277 2304 3141 3114)
4(2303 3140 3141 2304)
4(3113 3114 3141 3140)
4(2278 2305 3142 3115)
4(2304 3141 3142 2305)
4(3114 3115 3142 3141)
4(2279 2306 3143 3116)
4(2305 3142 3143 2306)
4(3115 3116 3143 3142)
4(2280 2307 3144 3117)
4(2306 3143 3144 2307)
4(3116 3117 3144 3143)
4(2281 2308 3145 3118)
4(2307 3144 3145 2308)
4(3117 3118 3145 3144)
4(2282 2309 3146 3119)
4(2308 3145 3146 2309)
4(3118 3119 3146 3145)
4(2283 2310 3147 3120)
4(2309 3146 3147 2310)
4(3119 3120 3147 3146)
4(2284 2311 3148 3121)
4(2310 3147 3148 2311)
4(3120 3121 3148 3147)
4(2285 2312 3149 3122)
4(2311 3148 3149 2312)
4(3121 3122 3149 3148)
4(2286 2313 3150 3123)
4(2312 3149 3150 2313)
4(3122 3123 3150 3149)
4(2287 2314 3151 3124)
4(2313 3150 3151 2314)
4(3123 3124 3151 3150)
4(2288 2315 3152 3125)
4(2314 3151 3152 2315)
4(3124 3125 3152 3151)
4(2289 2316 3153 3126)
4(2315 3152 3153 2316)
4(3125 3126 3153 3152)
4(2290 2317 3154 3127)
4(2316 3153 3154 2317)
4(3126 3127 3154 3153)
4(2291 2318 3155 3128)
4(2317 3154 3155 2318)
4(3127 3128 3155 3154)
4(2292 2319 3156 3129)
4(2318 3155 3156 2319)
4(3128 3129 3156 3155)
4(2293 2320 3157 3130)
4(2319 3156 3157 2320)
4(3129 3130 3157 3156)
4(2320 3157 3158 2321)
4(3130 3131 3158 3157)
4(2296 2323 3160 3133)
4(2322 3159 3160 2323)
4(3132 3133 3160 3159)
4(2297 2324 3161 3134)
4(2323 3160 3161 2324)
4(3133 3134 3161 3160)
4(2298 2325 3162 3135)
4(2324 3161 3162 2325)
4(3134 3135 3162 3161)
4(2299 2326 3163 3136)
4(2325 3162 3163 2326)
4(3135 3136 3163 3162)
4(2300 2327 3164 3137)
4(2326 3163 3164 2327)
4(3136 3137 3164 3163)
4(2301 2328 3165 3138)
4(2327 3164 3165 2328)
4(3137 3138 3165 3164)
4(2302 2329 3166 3139)
4(2328 3165 3166 2329)
4(3138 3139 3166 3165)
4(2303 2330 3167 3140)
4(2329 3166 3167 2330)
4(3139 3140 3167 3166)
4(2304 2331 3168 3141)
4(2330 3167 3168 2331)
4(3140 3141 3168 3167)
4(2305 2332 3169 3142)
4(2331 3168 3169 2332)
4(3141 3142 3169 3168)
4(2306 2333 3170 3143)
4(2332 3169 3170 2333)
4(3142 3143 3170 3169)
4(2307 2334 3171 3144)
4(2333 3170 3171 2334)
4(3143 3144 3171 3170)
4(2308 2335 3172 3145)
4(2334 3171 3172 2335)
4(3144 3145 3172 3171)
4(2309 2336 3173 3146)
4(2335 3172 3173 2336)
4(3145 3146 3173 3172)
4(2310 2337 3174 3147)
4(2336 3173 3174 2337)
4(3146 3147 3174 3173)
4(2311 2338 3175 3148)
4(2337 3174 3175 2338)
4(3147 3148 3175 3174)
4(2312 2339 3176 3149)
4(2338 3175 3176 2339)
4(3148 3149 3176 3175)
4(2313 2340 3177 3150)
4(2339 3176 3177 2340)
4(3149 3150 3177 3176)
4(2314 2341 3178 3151)
4(2340 3177 3178 2341)
4(3150 3151 3178 3177)
4(2315 2342 3179 3152)
4(2341 3178 3179 2342)
4(3151 3152 3179 3178)
4(2316 2343 3180 3153)
4(2342 3179 3180 2343)
4(3152 3153 3180 3179)
4(2317 2344 3181 3154)
4(2343 3180 3181 2344)
4(3153 3154 3181 3180)
4(2318 2345 3182 3155)
4(2344 3181 3182 2345)
4(3154 3155 3182 3181)
4(2319 2346 3183 3156)
4(2345 3182 3183 2346)
4(3155 3156 3183 3182)
4(2320 2347 3184 3157)
4(2346 3183 3184 2347)
4(3156 3157 3184 3183)
4(2347 3184 3185 2348)
4(3157 3158 3185 3184)
4(2323 2350 3187 3160)
4(2349 3186 3187 2350)
4(3159 3160 3187 3186)
4(2324 2351 3188 3161)
4(2350 3187 3188 2351)
4(3160 3161 3188 3187)
4(2325 2352 3189 3162)
4(2351 3188 3189 2352)
4(3161 3162 3189 3188)
4(2326 2353 3190 3163)
4(2352 3189 3190 2353)
4(3162 3163 3190 3189)
4(2327 2354 3191 3164)
4(2353 3190 3191 2354)
4(3163 3164 3191 3190)
4(2328 2355 3192 3165)
4(2354 3191 3192 2355)
4(3164 3165 3192 3191)
4(2329 2356 3193 3166)
4(2355 3192 3193 2356)
4(3165 3166 3193 3192)
4(2330 2357 3194 3167)
4(2356 3193 3194 2357)
4(3166 3167 3194 3193)
4(2331 2358 3195 3168)
4(2357 3194 3195 2358)
4(3167 3168 3195 3194)
4(2332 2359 3196 3169)
4(2358 3195 3196 2359)
4(3168 3169 3196 3195)
4(2333 2360 3197 3170)
4(2359 3196 3197 2360)
4(3169 3170 3197 3196)
4(2334 2361 3198 3171)
4(2360 3197 3198 2361)
4(3170 3171 3198 3197)
4(2335 2362 3199 3172)
4(2361 3198 3199 2362)
4(3171 3172 3199 3198)
4(2336 2363 3200 3173)
4(2362 3199 3200 2363)
4(3172 3173 3200 3199)
4(2337 2364 3201 3174)
4(2363 3200 3201 2364)
4(3173 3174 3201 3200)
4(2338 2365 3202 3175)
4(2364 3201 3202 2365)
4(3174 3175 3202 3201)
4(2339 2366 3203 3176)
4(2365 3202 3203 2366)
4(3175 3176 3203 3202)
4(2340 2367 3204 3177)
4(2366 3203 3204 2367)
4(3176 3177 3204 3203)
4(2341 2368 3205 3178)
4(2367 3204 3205 2368)
4(3177 3178 3205 3204)
4(2342 2369 3206 3179)
4(2368 3205 3206 2369)
4(3178 3179 3206 3205)
4(2343 2370 3207 3180)
4(2369 3206 3207 2370)
4(3179 3180 3207 3206)
4(2344 2371 3208 3181)
4(2370 3207 3208 2371)
4(3180 3181 3208 3207)
4(2345 2372 3209 3182)
4(2371 3208 3209 2372)
4(3181 3182 3209 3208)
4(2346 2373 3210 3183)
4(2372 3209 3210 2373)
4(3182 3183 3210 3209)
4(2347 2374 3211 3184)
4(2373 3210 3211 2374)
4(3183 3184 3211 3210)
4(2374 3211 3212 2375)
4(3184 3185 3212 3211)
4(2350 2377 3214 3187)
4(2376 3213 3214 2377)
4(3186 3187 3214 3213)
4(2351 2378 3215 3188)
4(2377 3214 3215 2378)
4(3187 3188 3215 3214)
4(2352 2379 3216 3189)
4(2378 3215 3216 2379)
4(3188 3189 3216 3215)
4(2353 2380 3217 3190)
4(2379 3216 3217 2380)
4(3189 3190 3217 3216)
4(2354 2381 3218 3191)
4(2380 3217 3218 2381)
4(3190 3191 3218 3217)
4(2355 2382 3219 3192)
4(2381 3218 3219 2382)
4(3191 3192 3219 3218)
4(2356 2383 3220 3193)
4(2382 3219 3220 2383)
4(3192 3193 3220 3219)
4(2357 2384 3221 3194)
4(2383 3220 3221 2384)
4(3193 3194 3221 3220)
4(2358 2385 3222 3195)
4(2384 3221 3222 2385)
4(3194 3195 3222 3221)
4(2359 2386 3223 3196)
4(2385 3222 3223 2386)
4(3195 3196 3223 3222)
4(2360 2387 3224 3197)
4(2386 3223 3224 2387)
4(3196 3197 3224 3223)
4(2361 2388 3225 3198)
4(2387 3224 3225 2388)
4(3197 3198 3225 3224)
4(2362 2389 3226 3199)
4(2388 3225 3226 2389)
4(3198 3199 3226 3225)
4(2363 2390 3227 3200)
4(2389 3226 3227 2390)
4(3199 3200 3227 3226)
4(2364 2391 3228 3201)
4(2390 3227 3228 2391)
4(3200 3201 3228 3227)
4(2365 2392 3229 3202)
4(2391 3228 3229 2392)
4(3201 3202 3229 3228)
4(2366 2393 3230 3203)
4(2392 3229 3230 2393)
4(3202 3203 3230 3229)
4(2367 2394 3231 3204)
4(2393 3230 3231 2394)
4(3203 3204 3231 3230)
4(2368 2395 3232 3205)
4(2394 3231 3232 2395)
4(3204 3205 3232 3231)
4(2369 2396 3233 3206)
4(2395 3232 3233 2396)
4(3205 3206 3233 3232)
4(2370 2397 3234 3207)
4(2396 3233 3234 2397)
4(3206 3207 3234 3233)
4(2371 2398 3235 3208)
4(2397 3234 3235 2398)
4(3207 3208 3235 3234)
4(2372 2399 3236 3209)
4(2398 3235 3236 2399)
4(3208 3209 3236 3235)
4(2373 2400 3237 3210)
4(2399 3236 3237 2400)
4(3209 3210 3237 3236)
4(2374 2401 3238 3211)
4(2400 3237 3238 2401)
4(3210 3211 3238 3237)
4(2401 3238 3239 2402)
4(3211 3212 3239 3238)
4(2377 2404 3241 3214)
4(2403 3240 3241 2404)
4(3213 3214 3241 3240)
4(2378 2405 3242 3215)
4(2404 3241 3242 2405)
4(3214 3215 3242 3241)
4(2379 2406 3243 3216)
4(2405 3242 3243 2406)
4(3215 3216 3243 3242)
4(2380 2407 3244 3217)
4(2406 3243 3244 2407)
4(3216 3217 3244 3243)
4(2381 2408 3245 3218)
4(2407 3244 3245 2408)
4(3217 3218 3245 3244)
4(2382 2409 3246 3219)
4(2408 3245 3246 2409)
4(3218 3219 3246 3245)
4(2383 2410 3247 3220)
4(2409 3246 3247 2410)
4(3219 3220 3247 3246)
4(2384 2411 3248 3221)
4(2410 3247 3248 2411)
4(3220 3221 3248 3247)
4(2385 2412 3249 3222)
4(2411 3248 3249 2412)
4(3221 3222 3249 3248)
4(2386 2413 3250 3223)
4(2412 3249 3250 2413)
4(3222 3223 3250 3249)
4(2387 2414 3251 3224)
4(2413 3250 3251 2414)
4(3223 3224 3251 3250)
4(2388 2415 3252 3225)
4(2414 3251 3252 2415)
4(3224 3225 3252 3251)
4(2389 2416 3253 3226)
4(2415 3252 3253 2416)
4(3225 3226 3253 3252)
4(2390 2417 3254 3227)
4(2416 3253 3254 2417)
4(3226 3227 3254 3253)
4(2391 2418 3255 3228)
4(2417 3254 3255 2418)
4(3227 3228 3255 3254)
4(2392 2419 3256 3229)
4(2418 3255 3256 2419)
4(3228 3229 3256 3255)
4(2393 2420 3257 3230)
4(2419 3256 3257 2420)
4(3229 3230 3257 3256)
4(2394 2421 3258 3231)
4(2420 3257 3258 2421)
4(3230 3231 3258 3257)
4(2395 2422 3259 3232)
4(2421 3258 3259 2422)
4(3231 3232 3259 3258)
4(2396 2423 3260 3233)
4(2422 3259 3260 2423)
4(3232 3233 3260 3259)
4(2397 2424 3261 3234)
4(2423 3260 3261 2424)
4(3233 3234 3261 3260)
4(2398 2425 3262 3235)
4(2424 3261 3262 2425)
4(3234 3235 3262 3261)
4(2399 2426 3263 3236)
4(2425 3262 3263 2426)
4(3235 3236 3263 3262)
4(2400 2427 3264 3237)
4(2426 3263 3264 2427)
4(3236 3237 3264 3263)
4(2401 2428 3265 3238)
4(2427 3264 3265 2428)
4(3237 3238 3265 3264)
4(2428 3265 3266 2429)
4(3238 3239 3266 3265)
4(2404 2431 3268 3241)
4(2430 3267 3268 2431)
4(3240 3241 3268 3267)
4(2405 2432 3269 3242)
4(2431 3268 3269 2432)
4(3241 3242 3269 3268)
4(2406 2433 3270 3243)
4(2432 3269 3270 2433)
4(3242 3243 3270 3269)
4(2407 2434 3271 3244)
4(2433 3270 3271 2434)
4(3243 3244 3271 3270)
4(2408 2435 3272 3245)
4(2434 3271 3272 2435)
4(3244 3245 3272 3271)
4(2409 2436 3273 3246)
4(2435 3272 3273 2436)
4(3245 3246 3273 3272)
4(2410 2437 3274 3247)
4(2436 3273 3274 2437)
4(3246 3247 3274 3273)
4(2411 2438 3275 3248)
4(2437 3274 3275 2438)
4(3247 3248 3275 3274)
4(2412 2439 3276 3249)
4(2438 3275 3276 2439)
4(3248 3249 3276 3275)
4(2413 2440 3277 3250)
4(2439 3276 3277 2440)
4(3249 3250 3277 3276)
4(2414 2441 3278 3251)
4(2440 3277 3278 2441)
4(3250 3251 3278 3277)
4(2415 2442 3279 3252)
4(2441 3278 3279 2442)
4(3251 3252 3279 3278)
4(2416 2443 3280 3253)
4(2442 3279 3280 2443)
4(3252 3253 3280 3279)
4(2417 2444 3281 3254)
4(2443 3280 3281 2444)
4(3253 3254 3281 3280)
4(2418 2445 3282 3255)
4(2444 3281 3282 2445)
4(3254 3255 3282 3281)
4(2419 2446 3283 3256)
4(2445 3282 3283 2446)
4(3255 3256 3283 3282)
4(2420 2447 3284 3257)
4(2446 3283 3284 2447)
4(3256 3257 3284 3283)
4(2421 2448 3285 3258)
4(2447 3284 3285 2448)
4(3257 3258 3285 3284)
4(2422 2449 3286 3259)
4(2448 3285 3286 2449)
4(3258 3259 3286 3285)
4(2423 2450 3287 3260)
4(2449 3286 3287 2450)
4(3259 3260 3287 3286)
4(2424 2451 3288 3261)
4(2450 3287 3288 2451)
4(3260 3261 3288 3287)
4(2425 2452 3289 3262)
4(2451 3288 3289 2452)
4(3261 3262 3289 3288)
4(2426 2453 3290 3263)
4(2452 3289 3290 2453)
4(3262 3263 3290 3289)
4(2427 2454 3291 3264)
4(2453 3290 3291 2454)
4(3263 3264 3291 3290)
4(2428 2455 3292 3265)
4(2454 3291 3292 2455)
4(3264 3265 3292 3291)
4(2455 3292 3293 2456)
4(3265 3266 3293 3292)
4(2431 2458 3295 3268)
4(2457 3294 3295 2458)
4(3267 3268 3295 3294)
4(2432 2459 3296 3269)
4(2458 3295 3296 2459)
4(3268 3269 3296 3295)
4(2433 2460 3297 3270)
4(2459 3296 3297 2460)
4(3269 3270 3297 3296)
4(2434 2461 3298 3271)
4(2460 3297 3298 2461)
4(3270 3271 3298 3297)
4(2435 2462 3299 3272)
4(2461 3298 3299 2462)
4(3271 3272 3299 3298)
4(2436 2463 3300 3273)
4(2462 3299 3300 2463)
4(3272 3273 3300 3299)
4(2437 2464 3301 3274)
4(2463 3300 3301 2464)
4(3273 3274 3301 3300)
4(2438 2465 3302 3275)
4(2464 3301 3302 2465)
4(3274 3275 3302 3301)
4(2439 2466 3303 3276)
4(2465 3302 3303 2466)
4(3275 3276 3303 3302)
4(2440 2467 3304 3277)
4(2466 3303 3304 2467)
4(3276 3277 3304 3303)
4(2441 2468 3305 3278)
4(2467 3304 3305 2468)
4(3277 3278 3305 3304)
4(2442 2469 3306 3279)
4(2468 3305 3306 2469)
4(3278 3279 3306 3305)
4(2443 2470 3307 3280)
4(2469 3306 3307 2470)
4(3279 3280 3307 3306)
4(2444 2471 3308 3281)
4(2470 3307 3308 2471)
4(3280 3281 3308 3307)
4(2445 2472 3309 3282)
4(2471 3308 3309 2472)
4(3281 3282 3309 3308)
4(2446 2473 3310 3283)
4(2472 3309 3310 2473)
4(3282 3283 3310 3309)
4(2447 2474 3311 3284)
4(2473 3310 3311 2474)
4(3283 3284 3311 3310)
4(2448 2475 3312 3285)
4(2474 3311 3312 2475)
4(3284 3285 3312 3311)
4(2449 2476 3313 3286)
4(2475 3312 3313 2476)
4(3285 3286 3313 3312)
4(2450 2477 3314 3287)
4(2476 3313 3314 2477)
4(3286 3287 3314 3313)
4(2451 2478 3315 3288)
4(2477 3314 3315 2478)
4(3287 3288 3315 3314)
4(2452 2479 3316 3289)
4(2478 3315 3316 2479)
4(3288 3289 3316 3315)
4(2453 2480 3317 3290)
4(2479 3316 3317 2480)
4(3289 3290 3317 3316)
4(2454 2481 3318 3291)
4(2480 3317 3318 2481)
4(3290 3291 3318 3317)
4(2455 2482 3319 3292)
4(2481 3318 3319 2482)
4(3291 3292 3319 3318)
4(2482 3319 3320 2483)
4(3292 3293 3320 3319)
4(2458 2485 3322 3295)
4(3294 3295 3322 3321)
4(2459 2486 3323 3296)
4(3295 3296 3323 3322)
4(2460 2487 3324 3297)
4(3296 3297 3324 3323)
4(2461 2488 3325 3298)
4(3297 3298 3325 3324)
4(2462 2489 3326 3299)
4(3298 3299 3326 3325)
4(2463 2490 3327 3300)
4(3299 3300 3327 3326)
4(2464 2491 3328 3301)
4(3300 3301 3328 3327)
4(2465 2492 3329 3302)
4(3301 3302 3329 3328)
4(2466 2493 3330 3303)
4(3302 3303 3330 3329)
4(2467 2494 3331 3304)
4(3303 3304 3331 3330)
4(2468 2495 3332 3305)
4(3304 3305 3332 3331)
4(2469 2496 3333 3306)
4(3305 3306 3333 3332)
4(2470 2497 3334 3307)
4(3306 3307 3334 3333)
4(2471 2498 3335 3308)
4(3307 3308 3335 3334)
4(2472 2499 3336 3309)
4(3308 3309 3336 3335)
4(2473 2500 3337 3310)
4(3309 3310 3337 3336)
4(2474 2501 3338 3311)
4(3310 3311 3338 3337)
4(2475 2502 3339 3312)
4(3311 3312 3339 3338)
4(2476 2503 3340 3313)
4(3312 3313 3340 3339)
4(2477 2504 3341 3314)
4(3313 3314 3341 3340)
4(2478 2505 3342 3315)
4(3314 3315 3342 3341)
4(2479 2506 3343 3316)
4(3315 3316 3343 3342)
4(2480 2507 3344 3317)
4(3316 3317 3344 3343)
4(2481 2508 3345 3318)
4(3317 3318 3345 3344)
4(2482 2509 3346 3319)
4(3318 3319 3346 3345)
4(3319 3320 3347 3346)
4(2512 2539 3376 3349)
4(2538 3375 3376 2539)
4(2513 2540 3377 3350)
4(2539 3376 3377 2540)
4(2514 2541 3378 3351)
4(2540 3377 3378 2541)
4(2515 2542 3379 3352)
4(2541 3378 3379 2542)
4(2516 2543 3380 3353)
4(2542 3379 3380 2543)
4(2517 2544 3381 3354)
4(2543 3380 3381 2544)
4(2518 2545 3382 3355)
4(2544 3381 3382 2545)
4(2519 2546 3383 3356)
4(2545 3382 3383 2546)
4(2520 2547 3384 3357)
4(2546 3383 3384 2547)
4(2521 2548 3385 3358)
4(2547 3384 3385 2548)
4(2522 2549 3386 3359)
4(2548 3385 3386 2549)
4(2523 2550 3387 3360)
4(2549 3386 3387 2550)
4(2524 2551 3388 3361)
4(2550 3387 3388 2551)
4(2525 2552 3389 3362)
4(2551 3388 3389 2552)
4(2526 2553 3390 3363)
4(2552 3389 3390 2553)
4(2527 2554 3391 3364)
4(2553 3390 3391 2554)
4(2528 2555 3392 3365)
4(2554 3391 3392 2555)
4(2529 2556 3393 3366)
4(2555 3392 3393 2556)
4(2530 2557 3394 3367)
4(2556 3393 3394 2557)
4(2531 2558 3395 3368)
4(2557 3394 3395 2558)
4(2532 2559 3396 3369)
4(2558 3395 3396 2559)
4(2533 2560 3397 3370)
4(2559 3396 3397 2560)
4(2534 2561 3398 3371)
4(2560 3397 3398 2561)
4(2535 2562 3399 3372)
4(2561 3398 3399 2562)
4(2536 2563 3400 3373)
4(2562 3399 3400 2563)
4(2563 3400 3401 2564)
4(2539 2566 3403 3376)
4(2565 3402 3403 2566)
4(2540 2567 3404 3377)
4(2566 3403 3404 2567)
4(2541 2568 3405 3378)
4(2567 3404 3405 2568)
4(2542 2569 3406 3379)
4(2568 3405 3406 2569)
4(2543 2570 3407 3380)
4(2569 3406 3407 2570)
4(2544 2571 3408 3381)
4(2570 3407 3408 2571)
4(2545 2572 3409 3382)
4(2571 3408 3409 2572)
4(2546 2573 3410 3383)
4(2572 3409 3410 2573)
4(2547 2574 3411 3384)
4(2573 3410 3411 2574)
4(2548 2575 3412 3385)
4(2574 3411 3412 2575)
4(2549 2576 3413 3386)
4(2575 3412 3413 2576)
4(2550 2577 3414 3387)
4(2576 3413 3414 2577)
4(2551 2578 3415 3388)
4(2577 3414 3415 2578)
4(2552 2579 3416 3389)
4(2578 3415 3416 2579)
4(2553 2580 3417 3390)
4(2579 3416 3417 2580)
4(2554 2581 3418 3391)
4(2580 3417 3418 2581)
4(2555 2582 3419 3392)
4(2581 3418 3419 2582)
4(2556 2583 3420 3393)
4(2582 3419 3420 2583)
4(2557 2584 3421 3394)
4(2583 3420 3421 2584)
4(2558 2585 3422 3395)
4(2584 3421 3422 2585)
4(2559 2586 3423 3396)
4(2585 3422 3423 2586)
4(2560 2587 3424 3397)
4(2586 3423 3424 2587)
4(2561 2588 3425 3398)
4(2587 3424 3425 2588)
4(2562 2589 3426 3399)
4(2588 3425 3426 2589)
4(2563 2590 3427 3400)
4(2589 3426 3427 2590)
4(2590 3427 3428 2591)
4(2566 2593 3430 3403)
4(2592 3429 3430 2593)
4(2567 2594 3431 3404)
4(2593 3430 3431 2594)
4(2568 2595 3432 3405)
4(2594 3431 3432 2595)
4(2569 2596 3433 3406)
4(2595 3432 3433 2596)
4(2570 2597 3434 3407)
4(2596 3433 3434 2597)
4(2571 2598 3435 3408)
4(2597 3434 3435 2598)
4(2572 2599 3436 3409)
4(2598 3435 3436 2599)
4(2573 2600 3437 3410)
4(2599 3436 3437 2600)
4(2574 2601 3438 3411)
4(2600 3437 3438 2601)
4(2575 2602 3439 3412)
4(2601 3438 3439 2602)
4(2576 2603 3440 3413)
4(2602 3439 3440 2603)
4(2577 2604 3441 3414)
4(2603 3440 3441 2604)
4(2578 2605 3442 3415)
4(2604 3441 3442 2605)
4(2579 2606 3443 3416)
4(2605 3442 3443 2606)
4(2580 2607 3444 3417)
4(2606 3443 3444 2607)
4(2581 2608 3445 3418)
4(2607 3444 3445 2608)
4(2582 2609 3446 3419)
4(2608 3445 3446 2609)
4(2583 2610 3447 3420)
4(2609 3446 3447 2610)
4(2584 2611 3448 3421)
4(2610 3447 3448 2611)
4(2585 2612 3449 3422)
4(2611 3448 3449 2612)
4(2586 2613 3450 3423)
4(2612 3449 3450 2613)
4(2587 2614 3451 3424)
4(2613 3450 3451 2614)
4(2588 2615 3452 3425)
4(2614 3451 3452 2615)
4(2589 2616 3453 3426)
4(2615 3452 3453 2616)
4(2590 2617 3454 3427)
4(2616 3453 3454 2617)
4(2617 3454 3455 2618)
4(2593 2620 3457 3430)
4(2619 3456 3457 2620)
4(2594 2621 3458 3431)
4(2620 3457 3458 2621)
4(2595 2622 3459 3432)
4(2621 3458 3459 2622)
4(2596 2623 3460 3433)
4(2622 3459 3460 2623)
4(2597 2624 3461 3434)
4(2623 3460 3461 2624)
4(2598 2625 3462 3435)
4(2624 3461 3462 2625)
4(2599 2626 3463 3436)
4(2625 3462 3463 2626)
4(2600 2627 3464 3437)
4(2626 3463 3464 2627)
4(2601 2628 3465 3438)
4(2627 3464 3465 2628)
4(2602 2629 3466 3439)
4(2628 3465 3466 2629)
4(2603 2630 3467 3440)
4(2629 3466 3467 2630)
4(2604 2631 3468 3441)
4(2630 3467 3468 2631)
4(2605 2632 3469 3442)
4(2631 3468 3469 2632)
4(2606 2633 3470 3443)
4(2632 3469 3470 2633)
4(2607 2634 3471 3444)
4(2633 3470 3471 2634)
4(2608 2635 3472 3445)
4(2634 3471 3472 2635)
4(2609 2636 3473 3446)
4(2635 3472 3473 2636)
4(2610 2637 3474 3447)
4(2636 3473 3474 2637)
4(2611 2638 3475 3448)
4(2637 3474 3475 2638)
4(2612 2639 3476 3449)
4(2638 3475 3476 2639)
4(2613 2640 3477 3450)
4(2639 3476 3477 2640)
4(2614 2641 3478 3451)
4(2640 3477 3478 2641)
4(2615 2642 3479 3452)
4(2641 3478 3479 2642)
4(2616 2643 3480 3453)
4(2642 3479 3480 2643)
4(2617 2644 3481 3454)
4(2643 3480 3481 2644)
4(2644 3481 3482 2645)
4(2620 2647 3484 3457)
4(2646 3483 3484 2647)
4(2621 2648 3485 3458)
4(2647 3484 3485 2648)
4(2622 2649 3486 3459)
4(2648 3485 3486 2649)
4(2623 2650 3487 3460)
4(2649 3486 3487 2650)
4(2624 2651 3488 3461)
4(2650 3487 3488 2651)
4(2625 2652 3489 3462)
4(2651 3488 3489 2652)
4(2626 2653 3490 3463)
4(2652 3489 3490 2653)
4(2627 2654 3491 3464)
4(2653 3490 3491 2654)
4(2628 2655 3492 3465)
4(2654 3491 3492 2655)
4(2629 2656 3493 3466)
4(2655 3492 3493 2656)
4(2630 2657 3494 3467)
4(2656 3493 3494 2657)
4(2631 2658 3495 3468)
4(2657 3494 3495 2658)
4(2632 2659 3496 3469)
4(2658 3495 3496 2659)
4(2633 2660 3497 3470)
4(2659 3496 3497 2660)
4(2634 2661 3498 3471)
4(2660 3497 3498 2661)
4(2635 2662 3499 3472)
4(2661 3498 3499 2662)
4(2636 2663 3500 3473)
4(2662 3499 3500 2663)
4(2637 2664 3501 3474)
4(2663 3500 3501 2664)
4(2638 2665 3502 3475)
4(2664 3501 3502 2665)
4(2639 2666 3503 3476)
4(2665 3502 3503 2666)
4(2640 2667 3504 3477)
4(2666 3503 3504 2667)
4(2641 2668 3505 3478)
4(2667 3504 3505 2668)
4(2642 2669 3506 3479)
4(2668 3505 3506 2669)
4(2643 2670 3507 3480)
4(2669 3506 3507 2670)
4(2644 2671 3508 3481)
4(2670 3507 3508 2671)
4(2671 3508 3509 2672)
4(2647 2674 3511 3484)
4(2673 3510 3511 2674)
4(2648 2675 3512 3485)
4(2674 3511 3512 2675)
4(2649 2676 3513 3486)
4(2675 3512 3513 2676)
4(2650 2677 3514 3487)
4(2676 3513 3514 2677)
4(2651 2678 3515 3488)
4(2677 3514 3515 2678)
4(2652 2679 3516 3489)
4(2678 3515 3516 2679)
4(2653 2680 3517 3490)
4(2679 3516 3517 2680)
4(2654 2681 3518 3491)
4(2680 3517 3518 2681)
4(2655 2682 3519 3492)
4(2681 3518 3519 2682)
4(2656 2683 3520 3493)
4(2682 3519 3520 2683)
4(2657 2684 3521 3494)
4(2683 3520 3521 2684)
4(2658 2685 3522 3495)
4(2684 3521 3522 2685)
4(2659 2686 3523 3496)
4(2685 3522 3523 2686)
4(2660 2687 3524 3497)
4(2686 3523 3524 2687)
4(2661 2688 3525 3498)
4(2687 3524 3525 2688)
4(2662 2689 3526 3499)
4(2688 3525 3526 2689)
4(2663 2690 3527 3500)
4(2689 3526 3527 2690)
4(2664 2691 3528 3501)
4(2690 3527 3528 2691)
4(2665 2692 3529 3502)
4(2691 3528 3529 2692)
4(2666 2693 3530 3503)
4(2692 3529 3530 2693)
4(2667 2694 3531 3504)
4(2693 3530 3531 2694)
4(2668 2695 3532 3505)
4(2694 3531 3532 2695)
4(2669 2696 3533 3506)
4(2695 3532 3533 2696)
4(2670 2697 3534 3507)
4(2696 3533 3534 2697)
4(2671 2698 3535 3508)
4(2697 3534 3535 2698)
4(2698 3535 3536 2699)
4(2674 2701 3538 3511)
4(2700 3537 3538 2701)
4(2675 2702 3539 3512)
4(2701 3538 3539 2702)
4(2676 2703 3540 3513)
4(2702 3539 3540 2703)
4(2677 2704 3541 3514)
4(2703 3540 3541 2704)
4(2678 2705 3542 3515)
4(2704 3541 3542 2705)
4(2679 2706 3543 3516)
4(2705 3542 3543 2706)
4(2680 2707 3544 3517)
4(2706 3543 3544 2707)
4(2681 2708 3545 3518)
4(2707 3544 3545 2708)
4(2682 2709 3546 3519)
4(2708 3545 3546 2709)
4(2683 2710 3547 3520)
4(2709 3546 3547 2710)
4(2684 2711 3548 3521)
4(2710 3547 3548 2711)
4(2685 2712 3549 3522)
4(2711 3548 3549 2712)
4(2686 2713 3550 3523)
4(2712 3549 3550 2713)
4(2687 2714 3551 3524)
4(2713 3550 3551 2714)
4(2688 2715 3552 3525)
4(2714 3551 3552 2715)
4(2689 2716 3553 3526)
4(2715 3552 3553 2716)
4(2690 2717 3554 3527)
4(2716 3553 3554 2717)
4(2691 2718 3555 3528)
4(2717 3554 3555 2718)
4(2692 2719 3556 3529)
4(2718 3555 3556 2719)
4(2693 2720 3557 3530)
4(2719 3556 3557 2720)
4(2694 2721 3558 3531)
4(2720 3557 3558 2721)
4(2695 2722 3559 3532)
4(2721 3558 3559 2722)
4(2696 2723 3560 3533)
4(2722 3559 3560 2723)
4(2697 2724 3561 3534)
4(2723 3560 3561 2724)
4(2698 2725 3562 3535)
4(2724 3561 3562 2725)
4(2725 3562 3563 2726)
4(2701 2728 3565 3538)
4(2727 3564 3565 2728)
4(2702 2729 3566 3539)
4(2728 3565 3566 2729)
4(2703 2730 3567 3540)
4(2729 3566 3567 2730)
4(2704 2731 3568 3541)
4(2730 3567 3568 2731)
4(2705 2732 3569 3542)
4(2731 3568 3569 2732)
4(2706 2733 3570 3543)
4(2732 3569 3570 2733)
4(2707 2734 3571 3544)
4(2733 3570 3571 2734)
4(2708 2735 3572 3545)
4(2734 3571 3572 2735)
4(2709 2736 3573 3546)
4(2735 3572 3573 2736)
4(2710 2737 3574 3547)
4(2736 3573 3574 2737)
4(2711 2738 3575 3548)
4(2737 3574 3575 2738)
4(2712 2739 3576 3549)
4(2738 3575 3576 2739)
4(2713 2740 3577 3550)
4(2739 3576 3577 2740)
4(2714 2741 3578 3551)
4(2740 3577 3578 2741)
4(2715 2742 3579 3552)
4(2741 3578 3579 2742)
4(2716 2743 3580 3553)
4(2742 3579 3580 2743)
4(2717 2744 3581 3554)
4(2743 3580 3581 2744)
4(2718 2745 3582 3555)
4(2744 3581 3582 2745)
4(2719 2746 3583 3556)
4(2745 3582 3583 2746)
4(2720 2747 3584 3557)
4(2746 3583 3584 2747)
4(2721 2748 3585 3558)
4(2747 3584 3585 2748)
4(2722 2749 3586 3559)
4(2748 3585 3586 2749)
4(2723 2750 3587 3560)
4(2749 3586 3587 2750)
4(2724 2751 3588 3561)
4(2750 3587 3588 2751)
4(2725 2752 3589 3562)
4(2751 3588 3589 2752)
4(2752 3589 3590 2753)
4(2728 2755 3592 3565)
4(2754 3591 3592 2755)
4(2729 2756 3593 3566)
4(2755 3592 3593 2756)
4(2730 2757 3594 3567)
4(2756 3593 3594 2757)
4(2731 2758 3595 3568)
4(2757 3594 3595 2758)
4(2732 2759 3596 3569)
4(2758 3595 3596 2759)
4(2733 2760 3597 3570)
4(2759 3596 3597 2760)
4(2734 2761 3598 3571)
4(2760 3597 3598 2761)
4(2735 2762 3599 3572)
4(2761 3598 3599 2762)
4(2736 2763 3600 3573)
4(2762 3599 3600 2763)
4(2737 2764 3601 3574)
4(2763 3600 3601 2764)
4(2738 2765 3602 3575)
4(2764 3601 3602 2765)
4(2739 2766 3603 3576)
4(2765 3602 3603 2766)
4(2740 2767 3604 3577)
4(2766 3603 3604 2767)
4(2741 2768 3605 3578)
4(2767 3604 3605 2768)
4(2742 2769 3606 3579)
4(2768 3605 3606 2769)
4(2743 2770 3607 3580)
4(2769 3606 3607 2770)
4(2744 2771 3608 3581)
4(2770 3607 3608 2771)
4(2745 2772 3609 3582)
4(2771 3608 3609 2772)
4(2746 2773 3610 3583)
4(2772 3609 3610 2773)
4(2747 2774 3611 3584)
4(2773 3610 3611 2774)
4(2748 2775 3612 3585)
4(2774 3611 3612 2775)
4(2749 2776 3613 3586)
4(2775 3612 3613 2776)
4(2750 2777 3614 3587)
4(2776 3613 3614 2777)
4(2751 2778 3615 3588)
4(2777 3614 3615 2778)
4(2752 2779 3616 3589)
4(2778 3615 3616 2779)
4(2779 3616 3617 2780)
4(2755 2782 3619 3592)
4(2781 3618 3619 2782)
4(2756 2783 3620 3593)
4(2782 3619 3620 2783)
4(2757 2784 3621 3594)
4(2783 3620 3621 2784)
4(2758 2785 3622 3595)
4(2784 3621 3622 2785)
4(2759 2786 3623 3596)
4(2785 3622 3623 2786)
4(2760 2787 3624 3597)
4(2786 3623 3624 2787)
4(2761 2788 3625 3598)
4(2787 3624 3625 2788)
4(2762 2789 3626 3599)
4(2788 3625 3626 2789)
4(2763 2790 3627 3600)
4(2789 3626 3627 2790)
4(2764 2791 3628 3601)
4(2790 3627 3628 2791)
4(2765 2792 3629 3602)
4(2791 3628 3629 2792)
4(2766 2793 3630 3603)
4(2792 3629 3630 2793)
4(2767 2794 3631 3604)
4(2793 3630 3631 2794)
4(2768 2795 3632 3605)
4(2794 3631 3632 2795)
4(2769 2796 3633 3606)
4(2795 3632 3633 2796)
4(2770 2797 3634 3607)
4(2796 3633 3634 2797)
4(2771 2798 3635 3608)
4(2797 3634 3635 2798)
4(2772 2799 3636 3609)
4(2798 3635 3636 2799)
4(2773 2800 3637 3610)
4(2799 3636 3637 2800)
4(2774 2801 3638 3611)
4(2800 3637 3638 2801)
4(2775 2802 3639 3612)
4(2801 3638 3639 2802)
4(2776 2803 3640 3613)
4(2802 3639 3640 2803)
4(2777 2804 3641 3614)
4(2803 3640 3641 2804)
4(2778 2805 3642 3615)
4(2804 3641 3642 2805)
4(2779 2806 3643 3616)
4(2805 3642 3643 2806)
4(2806 3643 3644 2807)
4(2782 2809 3646 3619)
4(2808 3645 3646 2809)
4(2783 2810 3647 3620)
4(2809 3646 3647 2810)
4(2784 2811 3648 3621)
4(2810 3647 3648 2811)
4(2785 2812 3649 3622)
4(2811 3648 3649 2812)
4(2786 2813 3650 3623)
4(2812 3649 3650 2813)
4(2787 2814 3651 3624)
4(2813 3650 3651 2814)
4(2788 2815 3652 3625)
4(2814 3651 3652 2815)
4(2789 2816 3653 3626)
4(2815 3652 3653 2816)
4(2790 2817 3654 3627)
4(2816 3653 3654 2817)
4(2791 2818 3655 3628)
4(2817 3654 3655 2818)
4(2792 2819 3656 3629)
4(2818 3655 3656 2819)
4(2793 2820 3657 3630)
4(2819 3656 3657 2820)
4(2794 2821 3658 3631)
4(2820 3657 3658 2821)
4(2795 2822 3659 3632)
4(2821 3658 3659 2822)
4(2796 2823 3660 3633)
4(2822 3659 3660 2823)
4(2797 2824 3661 3634)
4(2823 3660 3661 2824)
4(2798 2825 3662 3635)
4(2824 3661 3662 2825)
4(2799 2826 3663 3636)
4(2825 3662 3663 2826)
4(2800 2827 3664 3637)
4(2826 3663 3664 2827)
4(2801 2828 3665 3638)
4(2827 3664 3665 2828)
4(2802 2829 3666 3639)
4(2828 3665 3666 2829)
4(2803 2830 3667 3640)
4(2829 3666 3667 2830)
4(2804 2831 3668 3641)
4(2830 3667 3668 2831)
4(2805 2832 3669 3642)
4(2831 3668 3669 2832)
4(2806 2833 3670 3643)
4(2832 3669 3670 2833)
4(2833 3670 3671 2834)
4(2809 2836 3673 3646)
4(2835 3672 3673 2836)
4(2810 2837 3674 3647)
4(2836 3673 3674 2837)
4(2811 2838 3675 3648)
4(2837 3674 3675 2838)
4(2812 2839 3676 3649)
4(2838 3675 3676 2839)
4(2813 2840 3677 3650)
4(2839 3676 3677 2840)
4(2814 2841 3678 3651)
4(2840 3677 3678 2841)
4(2815 2842 3679 3652)
4(2841 3678 3679 2842)
4(2816 2843 3680 3653)
4(2842 3679 3680 2843)
4(2817 2844 3681 3654)
4(2843 3680 3681 2844)
4(2818 2845 3682 3655)
4(2844 3681 3682 2845)
4(2819 2846 3683 3656)
4(2845 3682 3683 2846)
4(2820 2847 3684 3657)
4(2846 3683 3684 2847)
4(2821 2848 3685 3658)
4(2847 3684 3685 2848)
4(2822 2849 3686 3659)
4(2848 3685 3686 2849)
4(2823 2850 3687 3660)
4(2849 3686 3687 2850)
4(2824 2851 3688 3661)
4(2850 3687 3688 2851)
4(2825 2852 3689 3662)
4(2851 3688 3689 2852)
4(2826 2853 3690 3663)
4(2852 3689 3690 2853)
4(2827 2854 3691 3664)
4(2853 3690 3691 2854)
4(2828 2855 3692 3665)
4(2854 3691 3692 2855)
4(2829 2856 3693 3666)
4(2855 3692 3693 2856)
4(2830 2857 3694 3667)
4(2856 3693 3694 2857)
4(2831 2858 3695 3668)
4(2857 3694 3695 2858)
4(2832 2859 3696 3669)
4(2858 3695 3696 2859)
4(2833 2860 3697 3670)
4(2859 3696 3697 2860)
4(2860 3697 3698 2861)
4(2836 2863 3700 3673)
4(2862 3699 3700 2863)
4(2837 2864 3701 3674)
4(2863 3700 3701 2864)
4(2838 2865 3702 3675)
4(2864 3701 3702 2865)
4(2839 2866 3703 3676)
4(2865 3702 3703 2866)
4(2840 2867 3704 3677)
4(2866 3703 3704 2867)
4(2841 2868 3705 3678)
4(2867 3704 3705 2868)
4(2842 2869 3706 3679)
4(2868 3705 3706 2869)
4(2843 2870 3707 3680)
4(2869 3706 3707 2870)
4(2844 2871 3708 3681)
4(2870 3707 3708 2871)
4(2845 2872 3709 3682)
4(2871 3708 3709 2872)
4(2846 2873 3710 3683)
4(2872 3709 3710 2873)
4(2847 2874 3711 3684)
4(2873 3710 3711 2874)
4(2848 2875 3712 3685)
4(2874 3711 3712 2875)
4(2849 2876 3713 3686)
4(2875 3712 3713 2876)
4(2850 2877 3714 3687)
4(2876 3713 3714 2877)
4(2851 2878 3715 3688)
4(2877 3714 3715 2878)
4(2852 2879 3716 3689)
4(2878 3715 3716 2879)
4(2853 2880 3717 3690)
4(2879 3716 3717 2880)
4(2854 2881 3718 3691)
4(2880 3717 3718 2881)
4(2855 2882 3719 3692)
4(2881 3718 3719 2882)
4(2856 2883 3720 3693)
4(2882 3719 3720 2883)
4(2857 2884 3721 3694)
4(2883 3720 3721 2884)
4(2858 2885 3722 3695)
4(2884 3721 3722 2885)
4(2859 2886 3723 3696)
4(2885 3722 3723 2886)
4(2860 2887 3724 3697)
4(2886 3723 3724 2887)
4(2887 3724 3725 2888)
4(2863 2890 3727 3700)
4(2889 3726 3727 2890)
4(2864 2891 3728 3701)
4(2890 3727 3728 2891)
4(2865 2892 3729 3702)
4(2891 3728 3729 2892)
4(2866 2893 3730 3703)
4(2892 3729 3730 2893)
4(2867 2894 3731 3704)
4(2893 3730 3731 2894)
4(2868 2895 3732 3705)
4(2894 3731 3732 2895)
4(2869 2896 3733 3706)
4(2895 3732 3733 2896)
4(2870 2897 3734 3707)
4(2896 3733 3734 2897)
4(2871 2898 3735 3708)
4(2897 3734 3735 2898)
4(2872 2899 3736 3709)
4(2898 3735 3736 2899)
4(2873 2900 3737 3710)
4(2899 3736 3737 2900)
4(2874 2901 3738 3711)
4(2900 3737 3738 2901)
4(2875 2902 3739 3712)
4(2901 3738 3739 2902)
4(2876 2903 3740 3713)
4(2902 3739 3740 2903)
4(2877 2904 3741 3714)
4(2903 3740 3741 2904)
4(2878 2905 3742 3715)
4(2904 3741 3742 2905)
4(2879 2906 3743 3716)
4(2905 3742 3743 2906)
4(2880 2907 3744 3717)
4(2906 3743 3744 2907)
4(2881 2908 3745 3718)
4(2907 3744 3745 2908)
4(2882 2909 3746 3719)
4(2908 3745 3746 2909)
4(2883 2910 3747 3720)
4(2909 3746 3747 2910)
4(2884 2911 3748 3721)
4(2910 3747 3748 2911)
4(2885 2912 3749 3722)
4(2911 3748 3749 2912)
4(2886 2913 3750 3723)
4(2912 3749 3750 2913)
4(2887 2914 3751 3724)
4(2913 3750 3751 2914)
4(2914 3751 3752 2915)
4(2890 2917 3754 3727)
4(2916 3753 3754 2917)
4(2891 2918 3755 3728)
4(2917 3754 3755 2918)
4(2892 2919 3756 3729)
4(2918 3755 3756 2919)
4(2893 2920 3757 3730)
4(2919 3756 3757 2920)
4(2894 2921 3758 3731)
4(2920 3757 3758 2921)
4(2895 2922 3759 3732)
4(2921 3758 3759 2922)
4(2896 2923 3760 3733)
4(2922 3759 3760 2923)
4(2897 2924 3761 3734)
4(2923 3760 3761 2924)
4(2898 2925 3762 3735)
4(2924 3761 3762 2925)
4(2899 2926 3763 3736)
4(2925 3762 3763 2926)
4(2900 2927 3764 3737)
4(2926 3763 3764 2927)
4(2901 2928 3765 3738)
4(2927 3764 3765 2928)
4(2902 2929 3766 3739)
4(2928 3765 3766 2929)
4(2903 2930 3767 3740)
4(2929 3766 3767 2930)
4(2904 2931 3768 3741)
4(2930 3767 3768 2931)
4(2905 2932 3769 3742)
4(2931 3768 3769 2932)
4(2906 2933 3770 3743)
4(2932 3769 3770 2933)
4(2907 2934 3771 3744)
4(2933 3770 3771 2934)
4(2908 2935 3772 3745)
4(2934 3771 3772 2935)
4(2909 2936 3773 3746)
4(2935 3772 3773 2936)
4(2910 2937 3774 3747)
4(2936 3773 3774 2937)
4(2911 2938 3775 3748)
4(2937 3774 3775 2938)
4(2912 2939 3776 3749)
4(2938 3775 3776 2939)
4(2913 2940 3777 3750)
4(2939 3776 3777 2940)
4(2914 2941 3778 3751)
4(2940 3777 3778 2941)
4(2941 3778 3779 2942)
4(2917 2944 3781 3754)
4(2943 3780 3781 2944)
4(2918 2945 3782 3755)
4(2944 3781 3782 2945)
4(2919 2946 3783 3756)
4(2945 3782 3783 2946)
4(2920 2947 3784 3757)
4(2946 3783 3784 2947)
4(2921 2948 3785 3758)
4(2947 3784 3785 2948)
4(2922 2949 3786 3759)
4(2948 3785 3786 2949)
4(2923 2950 3787 3760)
4(2949 3786 3787 2950)
4(2924 2951 3788 3761)
4(2950 3787 3788 2951)
4(2925 2952 3789 3762)
4(2951 3788 3789 2952)
4(2926 2953 3790 3763)
4(2952 3789 3790 2953)
4(2927 2954 3791 3764)
4(2953 3790 3791 2954)
4(2928 2955 3792 3765)
4(2954 3791 3792 2955)
4(2929 2956 3793 3766)
4(2955 3792 3793 2956)
4(2930 2957 3794 3767)
4(2956 3793 3794 2957)
4(2931 2958 3795 3768)
4(2957 3794 3795 2958)
4(2932 2959 3796 3769)
4(2958 3795 3796 2959)
4(2933 2960 3797 3770)
4(2959 3796 3797 2960)
4(2934 2961 3798 3771)
4(2960 3797 3798 2961)
4(2935 2962 3799 3772)
4(2961 3798 3799 2962)
4(2936 2963 3800 3773)
4(2962 3799 3800 2963)
4(2937 2964 3801 3774)
4(2963 3800 3801 2964)
4(2938 2965 3802 3775)
4(2964 3801 3802 2965)
4(2939 2966 3803 3776)
4(2965 3802 3803 2966)
4(2940 2967 3804 3777)
4(2966 3803 3804 2967)
4(2941 2968 3805 3778)
4(2967 3804 3805 2968)
4(2968 3805 3806 2969)
4(2944 2971 3808 3781)
4(2970 3807 3808 2971)
4(2945 2972 3809 3782)
4(2971 3808 3809 2972)
4(2946 2973 3810 3783)
4(2972 3809 3810 2973)
4(2947 2974 3811 3784)
4(2973 3810 3811 2974)
4(2948 2975 3812 3785)
4(2974 3811 3812 2975)
4(2949 2976 3813 3786)
4(2975 3812 3813 2976)
4(2950 2977 3814 3787)
4(2976 3813 3814 2977)
4(2951 2978 3815 3788)
4(2977 3814 3815 2978)
4(2952 2979 3816 3789)
4(2978 3815 3816 2979)
4(2953 2980 3817 3790)
4(2979 3816 3817 2980)
4(2954 2981 3818 3791)
4(2980 3817 3818 2981)
4(2955 2982 3819 3792)
4(2981 3818 3819 2982)
4(2956 2983 3820 3793)
4(2982 3819 3820 2983)
4(2957 2984 3821 3794)
4(2983 3820 3821 2984)
4(2958 2985 3822 3795)
4(2984 3821 3822 2985)
4(2959 2986 3823 3796)
4(2985 3822 3823 2986)
4(2960 2987 3824 3797)
4(2986 3823 3824 2987)
4(2961 2988 3825 3798)
4(2987 3824 3825 2988)
4(2962 2989 3826 3799)
4(2988 3825 3826 2989)
4(2963 2990 3827 3800)
4(2989 3826 3827 2990)
4(2964 2991 3828 3801)
4(2990 3827 3828 2991)
4(2965 2992 3829 3802)
4(2991 3828 3829 2992)
4(2966 2993 3830 3803)
4(2992 3829 3830 2993)
4(2967 2994 3831 3804)
4(2993 3830 3831 2994)
4(2968 2995 3832 3805)
4(2994 3831 3832 2995)
4(2995 3832 3833 2996)
4(2971 2998 3835 3808)
4(2997 3834 3835 2998)
4(2972 2999 3836 3809)
4(2998 3835 3836 2999)
4(2973 3000 3837 3810)
4(2999 3836 3837 3000)
4(2974 3001 3838 3811)
4(3000 3837 3838 3001)
4(2975 3002 3839 3812)
4(3001 3838 3839 3002)
4(2976 3003 3840 3813)
4(3002 3839 3840 3003)
4(2977 3004 3841 3814)
4(3003 3840 3841 3004)
4(2978 3005 3842 3815)
4(3004 3841 3842 3005)
4(2979 3006 3843 3816)
4(3005 3842 3843 3006)
4(2980 3007 3844 3817)
4(3006 3843 3844 3007)
4(2981 3008 3845 3818)
4(3007 3844 3845 3008)
4(2982 3009 3846 3819)
4(3008 3845 3846 3009)
4(2983 3010 3847 3820)
4(3009 3846 3847 3010)
4(2984 3011 3848 3821)
4(3010 3847 3848 3011)
4(2985 3012 3849 3822)
4(3011 3848 3849 3012)
4(2986 3013 3850 3823)
4(3012 3849 3850 3013)
4(2987 3014 3851 3824)
4(3013 3850 3851 3014)
4(2988 3015 3852 3825)
4(3014 3851 3852 3015)
4(2989 3016 3853 3826)
4(3015 3852 3853 3016)
4(2990 3017 3854 3827)
4(3016 3853 3854 3017)
4(2991 3018 3855 3828)
4(3017 3854 3855 3018)
4(2992 3019 3856 3829)
4(3018 3855 3856 3019)
4(2993 3020 3857 3830)
4(3019 3856 3857 3020)
4(2994 3021 3858 3831)
4(3020 3857 3858 3021)
4(2995 3022 3859 3832)
4(3021 3858 3859 3022)
4(3022 3859 3860 3023)
4(2998 3025 3862 3835)
4(3024 3861 3862 3025)
4(2999 3026 3863 3836)
4(3025 3862 3863 3026)
4(3000 3027 3864 3837)
4(3026 3863 3864 3027)
4(3001 3028 3865 3838)
4(3027 3864 3865 3028)
4(3002 3029 3866 3839)
4(3028 3865 3866 3029)
4(3003 3030 3867 3840)
4(3029 3866 3867 3030)
4(3004 3031 3868 3841)
4(3030 3867 3868 3031)
4(3005 3032 3869 3842)
4(3031 3868 3869 3032)
4(3006 3033 3870 3843)
4(3032 3869 3870 3033)
4(3007 3034 3871 3844)
4(3033 3870 3871 3034)
4(3008 3035 3872 3845)
4(3034 3871 3872 3035)
4(3009 3036 3873 3846)
4(3035 3872 3873 3036)
4(3010 3037 3874 3847)
4(3036 3873 3874 3037)
4(3011 3038 3875 3848)
4(3037 3874 3875 3038)
4(3012 3039 3876 3849)
4(3038 3875 3876 3039)
4(3013 3040 3877 3850)
4(3039 3876 3877 3040)
4(3014 3041 3878 3851)
4(3040 3877 3878 3041)
4(3015 3042 3879 3852)
4(3041 3878 3879 3042)
4(3016 3043 3880 3853)
4(3042 3879 3880 3043)
4(3017 3044 3881 3854)
4(3043 3880 3881 3044)
4(3018 3045 3882 3855)
4(3044 3881 3882 3045)
4(3019 3046 3883 3856)
4(3045 3882 3883 3046)
4(3020 3047 3884 3857)
4(3046 3883 3884 3047)
4(3021 3048 3885 3858)
4(3047 3884 3885 3048)
4(3022 3049 3886 3859)
4(3048 3885 3886 3049)
4(3049 3886 3887 3050)
4(3025 3052 3889 3862)
4(3051 3888 3889 3052)
4(3026 3053 3890 3863)
4(3052 3889 3890 3053)
4(3027 3054 3891 3864)
4(3053 3890 3891 3054)
4(3028 3055 3892 3865)
4(3054 3891 3892 3055)
4(3029 3056 3893 3866)
4(3055 3892 3893 3056)
4(3030 3057 3894 3867)
4(3056 3893 3894 3057)
4(3031 3058 3895 3868)
4(3057 3894 3895 3058)
4(3032 3059 3896 3869)
4(3058 3895 3896 3059)
4(3033 3060 3897 3870)
4(3059 3896 3897 3060)
4(3034 3061 3898 3871)
4(3060 3897 3898 3061)
4(3035 3062 3899 3872)
4(3061 3898 3899 3062)
4(3036 3063 3900 3873)
4(3062 3899 3900 3063)
4(3037 3064 3901 3874)
4(3063 3900 3901 3064)
4(3038 3065 3902 3875)
4(3064 3901 3902 3065)
4(3039 3066 3903 3876)
4(3065 3902 3903 3066)
4(3040 3067 3904 3877)
4(3066 3903 3904 3067)
4(3041 3068 3905 3878)
4(3067 3904 3905 3068)
4(3042 3069 3906 3879)
4(3068 3905 3906 3069)
4(3043 3070 3907 3880)
4(3069 3906 3907 3070)
4(3044 3071 3908 3881)
4(3070 3907 3908 3071)
4(3045 3072 3909 3882)
4(3071 3908 3909 3072)
4(3046 3073 3910 3883)
4(3072 3909 3910 3073)
4(3047 3074 3911 3884)
4(3073 3910 3911 3074)
4(3048 3075 3912 3885)
4(3074 3911 3912 3075)
4(3049 3076 3913 3886)
4(3075 3912 3913 3076)
4(3076 3913 3914 3077)
4(3052 3079 3916 3889)
4(3078 3915 3916 3079)
4(3053 3080 3917 3890)
4(3079 3916 3917 3080)
4(3054 3081 3918 3891)
4(3080 3917 3918 3081)
4(3055 3082 3919 3892)
4(3081 3918 3919 3082)
4(3056 3083 3920 3893)
4(3082 3919 3920 3083)
4(3057 3084 3921 3894)
4(3083 3920 3921 3084)
4(3058 3085 3922 3895)
4(3084 3921 3922 3085)
4(3059 3086 3923 3896)
4(3085 3922 3923 3086)
4(3060 3087 3924 3897)
4(3086 3923 3924 3087)
4(3061 3088 3925 3898)
4(3087 3924 3925 3088)
4(3062 3089 3926 3899)
4(3088 3925 3926 3089)
4(3063 3090 3927 3900)
4(3089 3926 3927 3090)
4(3064 3091 3928 3901)
4(3090 3927 3928 3091)
4(3065 3092 3929 3902)
4(3091 3928 3929 3092)
4(3066 3093 3930 3903)
4(3092 3929 3930 3093)
4(3067 3094 3931 3904)
4(3093 3930 3931 3094)
4(3068 3095 3932 3905)
4(3094 3931 3932 3095)
4(3069 3096 3933 3906)
4(3095 3932 3933 3096)
4(3070 3097 3934 3907)
4(3096 3933 3934 3097)
4(3071 3098 3935 3908)
4(3097 3934 3935 3098)
4(3072 3099 3936 3909)
4(3098 3935 3936 3099)
4(3073 3100 3937 3910)
4(3099 3936 3937 3100)
4(3074 3101 3938 3911)
4(3100 3937 3938 3101)
4(3075 3102 3939 3912)
4(3101 3938 3939 3102)
4(3076 3103 3940 3913)
4(3102 3939 3940 3103)
4(3103 3940 3941 3104)
4(3079 3106 3943 3916)
4(3105 3942 3943 3106)
4(3080 3107 3944 3917)
4(3106 3943 3944 3107)
4(3081 3108 3945 3918)
4(3107 3944 3945 3108)
4(3082 3109 3946 3919)
4(3108 3945 3946 3109)
4(3083 3110 3947 3920)
4(3109 3946 3947 3110)
4(3084 3111 3948 3921)
4(3110 3947 3948 3111)
4(3085 3112 3949 3922)
4(3111 3948 3949 3112)
4(3086 3113 3950 3923)
4(3112 3949 3950 3113)
4(3087 3114 3951 3924)
4(3113 3950 3951 3114)
4(3088 3115 3952 3925)
4(3114 3951 3952 3115)
4(3089 3116 3953 3926)
4(3115 3952 3953 3116)
4(3090 3117 3954 3927)
4(3116 3953 3954 3117)
4(3091 3118 3955 3928)
4(3117 3954 3955 3118)
4(3092 3119 3956 3929)
4(3118 3955 3956 3119)
4(3093 3120 3957 3930)
4(3119 3956 3957 3120)
4(3094 3121 3958 3931)
4(3120 3957 3958 3121)
4(3095 3122 3959 3932)
4(3121 3958 3959 3122)
4(3096 3123 3960 3933)
4(3122 3959 3960 3123)
4(3097 3124 3961 3934)
4(3123 3960 3961 3124)
4(3098 3125 3962 3935)
4(3124 3961 3962 3125)
4(3099 3126 3963 3936)
4(3125 3962 3963 3126)
4(3100 3127 3964 3937)
4(3126 3963 3964 3127)
4(3101 3128 3965 3938)
4(3127 3964 3965 3128)
4(3102 3129 3966 3939)
4(3128 3965 3966 3129)
4(3103 3130 3967 3940)
4(3129 3966 3967 3130)
4(3130 3967 3968 3131)
4(3106 3133 3970 3943)
4(3132 3969 3970 3133)
4(3107 3134 3971 3944)
4(3133 3970 3971 3134)
4(3108 3135 3972 3945)
4(3134 3971 3972 3135)
4(3109 3136 3973 3946)
4(3135 3972 3973 3136)
4(3110 3137 3974 3947)
4(3136 3973 3974 3137)
4(3111 3138 3975 3948)
4(3137 3974 3975 3138)
4(3112 3139 3976 3949)
4(3138 3975 3976 3139)
4(3113 3140 3977 3950)
4(3139 3976 3977 3140)
4(3114 3141 3978 3951)
4(3140 3977 3978 3141)
4(3115 3142 3979 3952)
4(3141 3978 3979 3142)
4(3116 3143 3980 3953)
4(3142 3979 3980 3143)
4(3117 3144 3981 3954)
4(3143 3980 3981 3144)
4(3118 3145 3982 3955)
4(3144 3981 3982 3145)
4(3119 3146 3983 3956)
4(3145 3982 3983 3146)
4(3120 3147 3984 3957)
4(3146 3983 3984 3147)
4(3121 3148 3985 3958)
4(3147 3984 3985 3148)
4(3122 3149 3986 3959)
4(3148 3985 3986 3149)
4(3123 3150 3987 3960)
4(3149 3986 3987 3150)
4(3124 3151 3988 3961)
4(3150 3987 3988 3151)
4(3125 3152 3989 3962)
4(3151 3988 3989 3152)
4(3126 3153 3990 3963)
4(3152 3989 3990 3153)
4(3127 3154 3991 3964)
4(3153 3990 3991 3154)
4(3128 3155 3992 3965)
4(3154 3991 3992 3155)
4(3129 3156 3993 3966)
4(3155 3992 3993 3156)
4(3130 3157 3994 3967)
4(3156 3993 3994 3157)
4(3157 3994 3995 3158)
4(3133 3160 3997 3970)
4(3159 3996 3997 3160)
4(3134 3161 3998 3971)
4(3160 3997 3998 3161)
4(3135 3162 3999 3972)
4(3161 3998 3999 3162)
4(3136 3163 4000 3973)
4(3162 3999 4000 3163)
4(3137 3164 4001 3974)
4(3163 4000 4001 3164)
4(3138 3165 4002 3975)
4(3164 4001 4002 3165)
4(3139 3166 4003 3976)
4(3165 4002 4003 3166)
4(3140 3167 4004 3977)
4(3166 4003 4004 3167)
4(3141 3168 4005 3978)
4(3167 4004 4005 3168)
4(3142 3169 4006 3979)
4(3168 4005 4006 3169)
4(3143 3170 4007 3980)
4(3169 4006 4007 3170)
4(3144 3171 4008 3981)
4(3170 4007 4008 3171)
4(3145 3172 4009 3982)
4(3171 4008 4009 3172)
4(3146 3173 4010 3983)
4(3172 4009 4010 3173)
4(3147 3174 4011 3984)
4(3173 4010 4011 3174)
4(3148 3175 4012 3985)
4(3174 4011 4012 3175)
4(3149 3176 4013 3986)
4(3175 4012 4013 3176)
4(3150 3177 4014 3987)
4(3176 4013 4014 3177)
4(3151 3178 4015 3988)
4(3177 4014 4015 3178)
4(3152 3179 4016 3989)
4(3178 4015 4016 3179)
4(3153 3180 4017 3990)
4(3179 4016 4017 3180)
4(3154 3181 4018 3991)
4(3180 4017 4018 3181)
4(3155 3182 4019 3992)
4(3181 4018 4019 3182)
4(3156 3183 4020 3993)
4(3182 4019 4020 3183)
4(3157 3184 4021 3994)
4(3183 4020 4021 3184)
4(3184 4021 4022 3185)
4(3160 3187 4024 3997)
4(3186 4023 4024 3187)
4(3161 3188 4025 3998)
4(3187 4024 4025 3188)
4(3162 3189 4026 3999)
4(3188 4025 4026 3189)
4(3163 3190 4027 4000)
4(3189 4026 4027 3190)
4(3164 3191 4028 4001)
4(3190 4027 4028 3191)
4(3165 3192 4029 4002)
4(3191 4028 4029 3192)
4(3166 3193 4030 4003)
4(3192 4029 4030 3193)
4(3167 3194 4031 4004)
4(3193 4030 4031 3194)
4(3168 3195 4032 4005)
4(3194 4031 4032 3195)
4(3169 3196 4033 4006)
4(3195 4032 4033 3196)
4(3170 3197 4034 4007)
4(3196 4033 4034 3197)
4(3171 3198 4035 4008)
4(3197 4034 4035 3198)
4(3172 3199 4036 4009)
4(3198 4035 4036 3199)
4(3173 3200 4037 4010)
4(3199 4036 4037 3200)
4(3174 3201 4038 4011)
4(3200 4037 4038 3201)
4(3175 3202 4039 4012)
4(3201 4038 4039 3202)
4(3176 3203 4040 4013)
4(3202 4039 4040 3203)
4(3177 3204 4041 4014)
4(3203 4040 4041 3204)
4(3178 3205 4042 4015)
4(3204 4041 4042 3205)
4(3179 3206 4043 4016)
4(3205 4042 4043 3206)
4(3180 3207 4044 4017)
4(3206 4043 4044 3207)
4(3181 3208 4045 4018)
4(3207 4044 4045 3208)
4(3182 3209 4046 4019)
4(3208 4045 4046 3209)
4(3183 3210 4047 4020)
4(3209 4046 4047 3210)
4(3184 3211 4048 4021)
4(3210 4047 4048 3211)
4(3211 4048 4049 3212)
4(3187 3214 4051 4024)
4(3213 4050 4051 3214)
4(3188 3215 4052 4025)
4(3214 4051 4052 3215)
4(3189 3216 4053 4026)
4(3215 4052 4053 3216)
4(3190 3217 4054 4027)
4(3216 4053 4054 3217)
4(3191 3218 4055 4028)
4(3217 4054 4055 3218)
4(3192 3219 4056 4029)
4(3218 4055 4056 3219)
4(3193 3220 4057 4030)
4(3219 4056 4057 3220)
4(3194 3221 4058 4031)
4(3220 4057 4058 3221)
4(3195 3222 4059 4032)
4(3221 4058 4059 3222)
4(3196 3223 4060 4033)
4(3222 4059 4060 3223)
4(3197 3224 4061 4034)
4(3223 4060 4061 3224)
4(3198 3225 4062 4035)
4(3224 4061 4062 3225)
4(3199 3226 4063 4036)
4(3225 4062 4063 3226)
4(3200 3227 4064 4037)
4(3226 4063 4064 3227)
4(3201 3228 4065 4038)
4(3227 4064 4065 3228)
4(3202 3229 4066 4039)
4(3228 4065 4066 3229)
4(3203 3230 4067 4040)
4(3229 4066 4067 3230)
4(3204 3231 4068 4041)
4(3230 4067 4068 3231)
4(3205 3232 4069 4042)
4(3231 4068 4069 3232)
4(3206 3233 4070 4043)
4(3232 4069 4070 3233)
4(3207 3234 4071 4044)
4(3233 4070 4071 3234)
4(3208 3235 4072 4045)
4(3234 4071 4072 3235)
4(3209 3236 4073 4046)
4(3235 4072 4073 3236)
4(3210 3237 4074 4047)
4(3236 4073 4074 3237)
4(3211 3238 4075 4048)
4(3237 4074 4075 3238)
4(3238 4075 4076 3239)
4(3214 3241 4078 4051)
4(3240 4077 4078 3241)
4(3215 3242 4079 4052)
4(3241 4078 4079 3242)
4(3216 3243 4080 4053)
4(3242 4079 4080 3243)
4(3217 3244 4081 4054)
4(3243 4080 4081 3244)
4(3218 3245 4082 4055)
4(3244 4081 4082 3245)
4(3219 3246 4083 4056)
4(3245 4082 4083 3246)
4(3220 3247 4084 4057)
4(3246 4083 4084 3247)
4(3221 3248 4085 4058)
4(3247 4084 4085 3248)
4(3222 3249 4086 4059)
4(3248 4085 4086 3249)
4(3223 3250 4087 4060)
4(3249 4086 4087 3250)
4(3224 3251 4088 4061)
4(3250 4087 4088 3251)
4(3225 3252 4089 4062)
4(3251 4088 4089 3252)
4(3226 3253 4090 4063)
4(3252 4089 4090 3253)
4(3227 3254 4091 4064)
4(3253 4090 4091 3254)
4(3228 3255 4092 4065)
4(3254 4091 4092 3255)
4(3229 3256 4093 4066)
4(3255 4092 4093 3256)
4(3230 3257 4094 4067)
4(3256 4093 4094 3257)
4(3231 3258 4095 4068)
4(3257 4094 4095 3258)
4(3232 3259 4096 4069)
4(3258 4095 4096 3259)
4(3233 3260 4097 4070)
4(3259 4096 4097 3260)
4(3234 3261 4098 4071)
4(3260 4097 4098 3261)
4(3235 3262 4099 4072)
4(3261 4098 4099 3262)
4(3236 3263 4100 4073)
4(3262 4099 4100 3263)
4(3237 3264 4101 4074)
4(3263 4100 4101 3264)
4(3238 3265 4102 4075)
4(3264 4101 4102 3265)
4(3265 4102 4103 3266)
4(3241 3268 4105 4078)
4(3267 4104 4105 3268)
4(3242 3269 4106 4079)
4(3268 4105 4106 3269)
4(3243 3270 4107 4080)
4(3269 4106 4107 3270)
4(3244 3271 4108 4081)
4(3270 4107 4108 3271)
4(3245 3272 4109 4082)
4(3271 4108 4109 3272)
4(3246 3273 4110 4083)
4(3272 4109 4110 3273)
4(3247 3274 4111 4084)
4(3273 4110 4111 3274)
4(3248 3275 4112 4085)
4(3274 4111 4112 3275)
4(3249 3276 4113 4086)
4(3275 4112 4113 3276)
4(3250 3277 4114 4087)
4(3276 4113 4114 3277)
4(3251 3278 4115 4088)
4(3277 4114 4115 3278)
4(3252 3279 4116 4089)
4(3278 4115 4116 3279)
4(3253 3280 4117 4090)
4(3279 4116 4117 3280)
4(3254 3281 4118 4091)
4(3280 4117 4118 3281)
4(3255 3282 4119 4092)
4(3281 4118 4119 3282)
4(3256 3283 4120 4093)
4(3282 4119 4120 3283)
4(3257 3284 4121 4094)
4(3283 4120 4121 3284)
4(3258 3285 4122 4095)
4(3284 4121 4122 3285)
4(3259 3286 4123 4096)
4(3285 4122 4123 3286)
4(3260 3287 4124 4097)
4(3286 4123 4124 3287)
4(3261 3288 4125 4098)
4(3287 4124 4125 3288)
4(3262 3289 4126 4099)
4(3288 4125 4126 3289)
4(3263 3290 4127 4100)
4(3289 4126 4127 3290)
4(3264 3291 4128 4101)
4(3290 4127 4128 3291)
4(3265 3292 4129 4102)
4(3291 4128 4129 3292)
4(3292 4129 4130 3293)
4(3268 3295 4132 4105)
4(3294 4131 4132 3295)
4(3269 3296 4133 4106)
4(3295 4132 4133 3296)
4(3270 3297 4134 4107)
4(3296 4133 4134 3297)
4(3271 3298 4135 4108)
4(3297 4134 4135 3298)
4(3272 3299 4136 4109)
4(3298 4135 4136 3299)
4(3273 3300 4137 4110)
4(3299 4136 4137 3300)
4(3274 3301 4138 4111)
4(3300 4137 4138 3301)
4(3275 3302 4139 4112)
4(3301 4138 4139 3302)
4(3276 3303 4140 4113)
4(3302 4139 4140 3303)
4(3277 3304 4141 4114)
4(3303 4140 4141 3304)
4(3278 3305 4142 4115)
4(3304 4141 4142 3305)
4(3279 3306 4143 4116)
4(3305 4142 4143 3306)
4(3280 3307 4144 4117)
4(3306 4143 4144 3307)
4(3281 3308 4145 4118)
4(3307 4144 4145 3308)
4(3282 3309 4146 4119)
4(3308 4145 4146 3309)
4(3283 3310 4147 4120)
4(3309 4146 4147 3310)
4(3284 3311 4148 4121)
4(3310 4147 4148 3311)
4(3285 3312 4149 4122)
4(3311 4148 4149 3312)
4(3286 3313 4150 4123)
4(3312 4149 4150 3313)
4(3287 3314 4151 4124)
4(3313 4150 4151 3314)
4(3288 3315 4152 4125)
4(3314 4151 4152 3315)
4(3289 3316 4153 4126)
4(3315 4152 4153 3316)
4(3290 3317 4154 4127)
4(3316 4153 4154 3317)
4(3291 3318 4155 4128)
4(3317 4154 4155 3318)
4(3292 3319 4156 4129)
4(3318 4155 4156 3319)
4(3319 4156 4157 3320)
4(3295 3322 4159 4132)
4(3296 3323 4160 4133)
4(3297 3324 4161 4134)
4(3298 3325 4162 4135)
4(3299 3326 4163 4136)
4(3300 3327 4164 4137)
4(3301 3328 4165 4138)
4(3302 3329 4166 4139)
4(3303 3330 4167 4140)
4(3304 3331 4168 4141)
4(3305 3332 4169 4142)
4(3306 3333 4170 4143)
4(3307 3334 4171 4144)
4(3308 3335 4172 4145)
4(3309 3336 4173 4146)
4(3310 3337 4174 4147)
4(3311 3338 4175 4148)
4(3312 3339 4176 4149)
4(3313 3340 4177 4150)
4(3314 3341 4178 4151)
4(3315 3342 4179 4152)
4(3316 3343 4180 4153)
4(3317 3344 4181 4154)
4(3318 3345 4182 4155)
4(3319 3346 4183 4156)
4(0 27 28 1)
4(1 28 29 2)
4(2 29 30 3)
4(3 30 31 4)
4(4 31 32 5)
4(5 32 33 6)
4(6 33 34 7)
4(7 34 35 8)
4(8 35 36 9)
4(9 36 37 10)
4(10 37 38 11)
4(11 38 39 12)
4(12 39 40 13)
4(13 40 41 14)
4(14 41 42 15)
4(15 42 43 16)
4(16 43 44 17)
4(17 44 45 18)
4(18 45 46 19)
4(19 46 47 20)
4(20 47 48 21)
4(21 48 49 22)
4(22 49 50 23)
4(23 50 51 24)
4(24 51 52 25)
4(25 52 53 26)
4(27 54 55 28)
4(28 55 56 29)
4(29 56 57 30)
4(30 57 58 31)
4(31 58 59 32)
4(32 59 60 33)
4(33 60 61 34)
4(34 61 62 35)
4(35 62 63 36)
4(36 63 64 37)
4(37 64 65 38)
4(38 65 66 39)
4(39 66 67 40)
4(40 67 68 41)
4(41 68 69 42)
4(42 69 70 43)
4(43 70 71 44)
4(44 71 72 45)
4(45 72 73 46)
4(46 73 74 47)
4(47 74 75 48)
4(48 75 76 49)
4(49 76 77 50)
4(50 77 78 51)
4(51 78 79 52)
4(52 79 80 53)
4(54 81 82 55)
4(55 82 83 56)
4(56 83 84 57)
4(57 84 85 58)
4(58 85 86 59)
4(59 86 87 60)
4(60 87 88 61)
4(61 88 89 62)
4(62 89 90 63)
4(63 90 91 64)
4(64 91 92 65)
4(65 92 93 66)
4(66 93 94 67)
4(67 94 95 68)
4(68 95 96 69)
4(69 96 97 70)
4(70 97 98 71)
4(71 98 99 72)
4(72 99 100 73)
4(73 100 101 74)
4(74 101 102 75)
4(75 102 103 76)
4(76 103 104 77)
4(77 104 105 78)
4(78 105 106 79)
4(79 106 107 80)
4(81 108 109 82)
4(82 109 110 83)
4(83 110 111 84)
4(84 111 112 85)
4(85 112 113 86)
4(86 113 114 87)
4(87 114 115 88)
4(88 115 116 89)
4(89 116 117 90)
4(90 117 118 91)
4(91 118 119 92)
4(92 119 120 93)
4(93 120 121 94)
4(94 121 122 95)
4(95 122 123 96)
4(96 123 124 97)
4(97 124 125 98)
4(98 125 126 99)
4(99 126 127 100)
4(100 127 128 101)
4(101 128 129 102)
4(102 129 130 103)
4(103 130 131 104)
4(104 131 132 105)
4(105 132 133 106)
4(106 133 134 107)
4(108 135 136 109)
4(109 136 137 110)
4(110 137 138 111)
4(111 138 139 112)
4(112 139 140 113)
4(113 140 141 114)
4(114 141 142 115)
4(115 142 143 116)
4(116 143 144 117)
4(117 144 145 118)
4(118 145 146 119)
4(119 146 147 120)
4(120 147 148 121)
4(121 148 149 122)
4(122 149 150 123)
4(123 150 151 124)
4(124 151 152 125)
4(125 152 153 126)
4(126 153 154 127)
4(127 154 155 128)
4(128 155 156 129)
4(129 156 157 130)
4(130 157 158 131)
4(131 158 159 132)
4(132 159 160 133)
4(133 160 161 134)
4(135 162 163 136)
4(136 163 164 137)
4(137 164 165 138)
4(138 165 166 139)
4(139 166 167 140)
4(140 167 168 141)
4(141 168 169 142)
4(142 169 170 143)
4(143 170 171 144)
4(144 171 172 145)
4(145 172 173 146)
4(146 173 174 147)
4(147 174 175 148)
4(148 175 176 149)
4(149 176 177 150)
4(150 177 178 151)
4(151 178 179 152)
4(152 179 180 153)
4(153 180 181 154)
4(154 181 182 155)
4(155 182 183 156)
4(156 183 184 157)
4(157 184 185 158)
4(158 185 186 159)
4(159 186 187 160)
4(160 187 188 161)
4(162 189 190 163)
4(163 190 191 164)
4(164 191 192 165)
4(165 192 193 166)
4(166 193 194 167)
4(167 194 195 168)
4(168 195 196 169)
4(169 196 197 170)
4(170 197 198 171)
4(171 198 199 172)
4(172 199 200 173)
4(173 200 201 174)
4(174 201 202 175)
4(175 202 203 176)
4(176 203 204 177)
4(177 204 205 178)
4(178 205 206 179)
4(179 206 207 180)
4(180 207 208 181)
4(181 208 209 182)
4(182 209 210 183)
4(183 210 211 184)
4(184 211 212 185)
4(185 212 213 186)
4(186 213 214 187)
4(187 214 215 188)
4(189 216 217 190)
4(190 217 218 191)
4(191 218 219 192)
4(192 219 220 193)
4(193 220 221 194)
4(194 221 222 195)
4(195 222 223 196)
4(196 223 224 197)
4(197 224 225 198)
4(198 225 226 199)
4(199 226 227 200)
4(200 227 228 201)
4(201 228 229 202)
4(202 229 230 203)
4(203 230 231 204)
4(204 231 232 205)
4(205 232 233 206)
4(206 233 234 207)
4(207 234 235 208)
4(208 235 236 209)
4(209 236 237 210)
4(210 237 238 211)
4(211 238 239 212)
4(212 239 240 213)
4(213 240 241 214)
4(214 241 242 215)
4(216 243 244 217)
4(217 244 245 218)
4(218 245 246 219)
4(219 246 247 220)
4(220 247 248 221)
4(221 248 249 222)
4(222 249 250 223)
4(223 250 251 224)
4(224 251 252 225)
4(225 252 253 226)
4(226 253 254 227)
4(227 254 255 228)
4(228 255 256 229)
4(229 256 257 230)
4(230 257 258 231)
4(231 258 259 232)
4(232 259 260 233)
4(233 260 261 234)
4(234 261 262 235)
4(235 262 263 236)
4(236 263 264 237)
4(237 264 265 238)
4(238 265 266 239)
4(239 266 267 240)
4(240 267 268 241)
4(241 268 269 242)
4(243 270 271 244)
4(244 271 272 245)
4(245 272 273 246)
4(246 273 274 247)
4(247 274 275 248)
4(248 275 276 249)
4(249 276 277 250)
4(250 277 278 251)
4(251 278 279 252)
4(252 279 280 253)
4(253 280 281 254)
4(254 281 282 255)
4(255 282 283 256)
4(256 283 284 257)
4(257 284 285 258)
4(258 285 286 259)
4(259 286 287 260)
4(260 287 288 261)
4(261 288 289 262)
4(262 289 290 263)
4(263 290 291 264)
4(264 291 292 265)
4(265 292 293 266)
4(266 293 294 267)
4(267 294 295 268)
4(268 295 296 269)
4(270 297 298 271)
4(271 298 299 272)
4(272 299 300 273)
4(273 300 301 274)
4(274 301 302 275)
4(275 302 303 276)
4(276 303 304 277)
4(277 304 305 278)
4(278 305 306 279)
4(279 306 307 280)
4(280 307 308 281)
4(281 308 309 282)
4(282 309 310 283)
4(283 310 311 284)
4(284 311 312 285)
4(285 312 313 286)
4(286 313 314 287)
4(287 314 315 288)
4(288 315 316 289)
4(289 316 317 290)
4(290 317 318 291)
4(291 318 319 292)
4(292 319 320 293)
4(293 320 321 294)
4(294 321 322 295)
4(295 322 323 296)
4(297 324 325 298)
4(298 325 326 299)
4(299 326 327 300)
4(300 327 328 301)
4(301 328 329 302)
4(302 329 330 303)
4(303 330 331 304)
4(304 331 332 305)
4(305 332 333 306)
4(306 333 334 307)
4(307 334 335 308)
4(308 335 336 309)
4(309 336 337 310)
4(310 337 338 311)
4(311 338 339 312)
4(312 339 340 313)
4(313 340 341 314)
4(314 341 342 315)
4(315 342 343 316)
4(316 343 344 317)
4(317 344 345 318)
4(318 345 346 319)
4(319 346 347 320)
4(320 347 348 321)
4(321 348 349 322)
4(322 349 350 323)
4(324 351 352 325)
4(325 352 353 326)
4(326 353 354 327)
4(327 354 355 328)
4(328 355 356 329)
4(329 356 357 330)
4(330 357 358 331)
4(331 358 359 332)
4(332 359 360 333)
4(333 360 361 334)
4(334 361 362 335)
4(335 362 363 336)
4(336 363 364 337)
4(337 364 365 338)
4(338 365 366 339)
4(339 366 367 340)
4(340 367 368 341)
4(341 368 369 342)
4(342 369 370 343)
4(343 370 371 344)
4(344 371 372 345)
4(345 372 373 346)
4(346 373 374 347)
4(347 374 375 348)
4(348 375 376 349)
4(349 376 377 350)
4(351 378 379 352)
4(352 379 380 353)
4(353 380 381 354)
4(354 381 382 355)
4(355 382 383 356)
4(356 383 384 357)
4(357 384 385 358)
4(358 385 386 359)
4(359 386 387 360)
4(360 387 388 361)
4(361 388 389 362)
4(362 389 390 363)
4(363 390 391 364)
4(364 391 392 365)
4(365 392 393 366)
4(366 393 394 367)
4(367 394 395 368)
4(368 395 396 369)
4(369 396 397 370)
4(370 397 398 371)
4(371 398 399 372)
4(372 399 400 373)
4(373 400 401 374)
4(374 401 402 375)
4(375 402 403 376)
4(376 403 404 377)
4(378 405 406 379)
4(379 406 407 380)
4(380 407 408 381)
4(381 408 409 382)
4(382 409 410 383)
4(383 410 411 384)
4(384 411 412 385)
4(385 412 413 386)
4(386 413 414 387)
4(387 414 415 388)
4(388 415 416 389)
4(389 416 417 390)
4(390 417 418 391)
4(391 418 419 392)
4(392 419 420 393)
4(393 420 421 394)
4(394 421 422 395)
4(395 422 423 396)
4(396 423 424 397)
4(397 424 425 398)
4(398 425 426 399)
4(399 426 427 400)
4(400 427 428 401)
4(401 428 429 402)
4(402 429 430 403)
4(403 430 431 404)
4(405 432 433 406)
4(406 433 434 407)
4(407 434 435 408)
4(408 435 436 409)
4(409 436 437 410)
4(410 437 438 411)
4(411 438 439 412)
4(412 439 440 413)
4(413 440 441 414)
4(414 441 442 415)
4(415 442 443 416)
4(416 443 444 417)
4(417 444 445 418)
4(418 445 446 419)
4(419 446 447 420)
4(420 447 448 421)
4(421 448 449 422)
4(422 449 450 423)
4(423 450 451 424)
4(424 451 452 425)
4(425 452 453 426)
4(426 453 454 427)
4(427 454 455 428)
4(428 455 456 429)
4(429 456 457 430)
4(430 457 458 431)
4(432 459 460 433)
4(433 460 461 434)
4(434 461 462 435)
4(435 462 463 436)
4(436 463 464 437)
4(437 464 465 438)
4(438 465 466 439)
4(439 466 467 440)
4(440 467 468 441)
4(441 468 469 442)
4(442 469 470 443)
4(443 470 471 444)
4(444 471 472 445)
4(445 472 473 446)
4(446 473 474 447)
4(447 474 475 448)
4(448 475 476 449)
4(449 476 477 450)
4(450 477 478 451)
4(451 478 479 452)
4(452 479 480 453)
4(453 480 481 454)
4(454 481 482 455)
4(455 482 483 456)
4(456 483 484 457)
4(457 484 485 458)
4(459 486 487 460)
4(460 487 488 461)
4(461 488 489 462)
4(462 489 490 463)
4(463 490 491 464)
4(464 491 492 465)
4(465 492 493 466)
4(466 493 494 467)
4(467 494 495 468)
4(468 495 496 469)
4(469 496 497 470)
4(470 497 498 471)
4(471 498 499 472)
4(472 499 500 473)
4(473 500 501 474)
4(474 501 502 475)
4(475 502 503 476)
4(476 503 504 477)
4(477 504 505 478)
4(478 505 506 479)
4(479 506 507 480)
4(480 507 508 481)
4(481 508 509 482)
4(482 509 510 483)
4(483 510 511 484)
4(484 511 512 485)
4(486 513 514 487)
4(487 514 515 488)
4(488 515 516 489)
4(489 516 517 490)
4(490 517 518 491)
4(491 518 519 492)
4(492 519 520 493)
4(493 520 521 494)
4(494 521 522 495)
4(495 522 523 496)
4(496 523 524 497)
4(497 524 525 498)
4(498 525 526 499)
4(499 526 527 500)
4(500 527 528 501)
4(501 528 529 502)
4(502 529 530 503)
4(503 530 531 504)
4(504 531 532 505)
4(505 532 533 506)
4(506 533 534 507)
4(507 534 535 508)
4(508 535 536 509)
4(509 536 537 510)
4(510 537 538 511)
4(511 538 539 512)
4(513 540 541 514)
4(514 541 542 515)
4(515 542 543 516)
4(516 543 544 517)
4(517 544 545 518)
4(518 545 546 519)
4(519 546 547 520)
4(520 547 548 521)
4(521 548 549 522)
4(522 549 550 523)
4(523 550 551 524)
4(524 551 552 525)
4(525 552 553 526)
4(526 553 554 527)
4(527 554 555 528)
4(528 555 556 529)
4(529 556 557 530)
4(530 557 558 531)
4(531 558 559 532)
4(532 559 560 533)
4(533 560 561 534)
4(534 561 562 535)
4(535 562 563 536)
4(536 563 564 537)
4(537 564 565 538)
4(538 565 566 539)
4(540 567 568 541)
4(541 568 569 542)
4(542 569 570 543)
4(543 570 571 544)
4(544 571 572 545)
4(545 572 573 546)
4(546 573 574 547)
4(547 574 575 548)
4(548 575 576 549)
4(549 576 577 550)
4(550 577 578 551)
4(551 578 579 552)
4(552 579 580 553)
4(553 580 581 554)
4(554 581 582 555)
4(555 582 583 556)
4(556 583 584 557)
4(557 584 585 558)
4(558 585 586 559)
4(559 586 587 560)
4(560 587 588 561)
4(561 588 589 562)
4(562 589 590 563)
4(563 590 591 564)
4(564 591 592 565)
4(565 592 593 566)
4(567 594 595 568)
4(568 595 596 569)
4(569 596 597 570)
4(570 597 598 571)
4(571 598 599 572)
4(572 599 600 573)
4(573 600 601 574)
4(574 601 602 575)
4(575 602 603 576)
4(576 603 604 577)
4(577 604 605 578)
4(578 605 606 579)
4(579 606 607 580)
4(580 607 608 581)
4(581 608 609 582)
4(582 609 610 583)
4(583 610 611 584)
4(584 611 612 585)
4(585 612 613 586)
4(586 613 614 587)
4(587 614 615 588)
4(588 615 616 589)
4(589 616 617 590)
4(590 617 618 591)
4(591 618 619 592)
4(592 619 620 593)
4(594 621 622 595)
4(595 622 623 596)
4(596 623 624 597)
4(597 624 625 598)
4(598 625 626 599)
4(599 626 627 600)
4(600 627 628 601)
4(601 628 629 602)
4(602 629 630 603)
4(603 630 631 604)
4(604 631 632 605)
4(605 632 633 606)
4(606 633 634 607)
4(607 634 635 608)
4(608 635 636 609)
4(609 636 637 610)
4(610 637 638 611)
4(611 638 639 612)
4(612 639 640 613)
4(613 640 641 614)
4(614 641 642 615)
4(615 642 643 616)
4(616 643 644 617)
4(617 644 645 618)
4(618 645 646 619)
4(619 646 647 620)
4(621 648 649 622)
4(622 649 650 623)
4(623 650 651 624)
4(624 651 652 625)
4(625 652 653 626)
4(626 653 654 627)
4(627 654 655 628)
4(628 655 656 629)
4(629 656 657 630)
4(630 657 658 631)
4(631 658 659 632)
4(632 659 660 633)
4(633 660 661 634)
4(634 661 662 635)
4(635 662 663 636)
4(636 663 664 637)
4(637 664 665 638)
4(638 665 666 639)
4(639 666 667 640)
4(640 667 668 641)
4(641 668 669 642)
4(642 669 670 643)
4(643 670 671 644)
4(644 671 672 645)
4(645 672 673 646)
4(646 673 674 647)
4(648 675 676 649)
4(649 676 677 650)
4(650 677 678 651)
4(651 678 679 652)
4(652 679 680 653)
4(653 680 681 654)
4(654 681 682 655)
4(655 682 683 656)
4(656 683 684 657)
4(657 684 685 658)
4(658 685 686 659)
4(659 686 687 660)
4(660 687 688 661)
4(661 688 689 662)
4(662 689 690 663)
4(663 690 691 664)
4(664 691 692 665)
4(665 692 693 666)
4(666 693 694 667)
4(667 694 695 668)
4(668 695 696 669)
4(669 696 697 670)
4(670 697 698 671)
4(671 698 699 672)
4(672 699 700 673)
4(673 700 701 674)
4(675 702 703 676)
4(676 703 704 677)
4(677 704 705 678)
4(678 705 706 679)
4(679 706 707 680)
4(680 707 708 681)
4(681 708 709 682)
4(682 709 710 683)
4(683 710 711 684)
4(684 711 712 685)
4(685 712 713 686)
4(686 713 714 687)
4(687 714 715 688)
4(688 715 716 689)
4(689 716 717 690)
4(690 717 718 691)
4(691 718 719 692)
4(692 719 720 693)
4(693 720 721 694)
4(694 721 722 695)
4(695 722 723 696)
4(696 723 724 697)
4(697 724 725 698)
4(698 725 726 699)
4(699 726 727 700)
4(700 727 728 701)
4(702 729 730 703)
4(703 730 731 704)
4(704 731 732 705)
4(705 732 733 706)
4(706 733 734 707)
4(707 734 735 708)
4(708 735 736 709)
4(709 736 737 710)
4(710 737 738 711)
4(711 738 739 712)
4(712 739 740 713)
4(713 740 741 714)
4(714 741 742 715)
4(715 742 743 716)
4(716 743 744 717)
4(717 744 745 718)
4(718 745 746 719)
4(719 746 747 720)
4(720 747 748 721)
4(721 748 749 722)
4(722 749 750 723)
4(723 750 751 724)
4(724 751 752 725)
4(725 752 753 726)
4(726 753 754 727)
4(727 754 755 728)
4(729 756 757 730)
4(730 757 758 731)
4(731 758 759 732)
4(732 759 760 733)
4(733 760 761 734)
4(734 761 762 735)
4(735 762 763 736)
4(736 763 764 737)
4(737 764 765 738)
4(738 765 766 739)
4(739 766 767 740)
4(740 767 768 741)
4(741 768 769 742)
4(742 769 770 743)
4(743 770 771 744)
4(744 771 772 745)
4(745 772 773 746)
4(746 773 774 747)
4(747 774 775 748)
4(748 775 776 749)
4(749 776 777 750)
4(750 777 778 751)
4(751 778 779 752)
4(752 779 780 753)
4(753 780 781 754)
4(754 781 782 755)
4(756 783 784 757)
4(757 784 785 758)
4(758 785 786 759)
4(759 786 787 760)
4(760 787 788 761)
4(761 788 789 762)
4(762 789 790 763)
4(763 790 791 764)
4(764 791 792 765)
4(765 792 793 766)
4(766 793 794 767)
4(767 794 795 768)
4(768 795 796 769)
4(769 796 797 770)
4(770 797 798 771)
4(771 798 799 772)
4(772 799 800 773)
4(773 800 801 774)
4(774 801 802 775)
4(775 802 803 776)
4(776 803 804 777)
4(777 804 805 778)
4(778 805 806 779)
4(779 806 807 780)
4(780 807 808 781)
4(781 808 809 782)
4(783 810 811 784)
4(784 811 812 785)
4(785 812 813 786)
4(786 813 814 787)
4(787 814 815 788)
4(788 815 816 789)
4(789 816 817 790)
4(790 817 818 791)
4(791 818 819 792)
4(792 819 820 793)
4(793 820 821 794)
4(794 821 822 795)
4(795 822 823 796)
4(796 823 824 797)
4(797 824 825 798)
4(798 825 826 799)
4(799 826 827 800)
4(800 827 828 801)
4(801 828 829 802)
4(802 829 830 803)
4(803 830 831 804)
4(804 831 832 805)
4(805 832 833 806)
4(806 833 834 807)
4(807 834 835 808)
4(808 835 836 809)
4(0 837 864 27)
4(27 864 891 54)
4(54 891 918 81)
4(81 918 945 108)
4(108 945 972 135)
4(135 972 999 162)
4(162 999 1026 189)
4(189 1026 1053 216)
4(216 1053 1080 243)
4(243 1080 1107 270)
4(270 1107 1134 297)
4(297 1134 1161 324)
4(324 1161 1188 351)
4(351 1188 1215 378)
4(378 1215 1242 405)
4(405 1242 1269 432)
4(432 1269 1296 459)
4(459 1296 1323 486)
4(486 1323 1350 513)
4(513 1350 1377 540)
4(540 1377 1404 567)
4(567 1404 1431 594)
4(594 1431 1458 621)
4(621 1458 1485 648)
4(648 1485 1512 675)
4(675 1512 1539 702)
4(702 1539 1566 729)
4(729 1566 1593 756)
4(756 1593 1620 783)
4(783 1620 1647 810)
4(837 1674 1701 864)
4(864 1701 1728 891)
4(891 1728 1755 918)
4(918 1755 1782 945)
4(945 1782 1809 972)
4(972 1809 1836 999)
4(999 1836 1863 1026)
4(1026 1863 1890 1053)
4(1053 1890 1917 1080)
4(1080 1917 1944 1107)
4(1107 1944 1971 1134)
4(1134 1971 1998 1161)
4(1161 1998 2025 1188)
4(1188 2025 2052 1215)
4(1215 2052 2079 1242)
4(1242 2079 2106 1269)
4(1269 2106 2133 1296)
4(1296 2133 2160 1323)
4(1323 2160 2187 1350)
4(1350 2187 2214 1377)
4(1377 2214 2241 1404)
4(1404 2241 2268 1431)
4(1431 2268 2295 1458)
4(1458 2295 2322 1485)
4(1485 2322 2349 1512)
4(1512 2349 2376 1539)
4(1539 2376 2403 1566)
4(1566 2403 2430 1593)
4(1593 2430 2457 1620)
4(1620 2457 2484 1647)
4(1674 2511 2538 1701)
4(1701 2538 2565 1728)
4(1728 2565 2592 1755)
4(1755 2592 2619 1782)
4(1782 2619 2646 1809)
4(1809 2646 2673 1836)
4(1836 2673 2700 1863)
4(1863 2700 2727 1890)
4(1890 2727 2754 1917)
4(1917 2754 2781 1944)
4(1944 2781 2808 1971)
4(1971 2808 2835 1998)
4(1998 2835 2862 2025)
4(2025 2862 2889 2052)
4(2052 2889 2916 2079)
4(2079 2916 2943 2106)
4(2106 2943 2970 2133)
4(2133 2970 2997 2160)
4(2160 2997 3024 2187)
4(2187 3024 3051 2214)
4(2214 3051 3078 2241)
4(2241 3078 3105 2268)
4(2268 3105 3132 2295)
4(2295 3132 3159 2322)
4(2322 3159 3186 2349)
4(2349 3186 3213 2376)
4(2376 3213 3240 2403)
4(2403 3240 3267 2430)
4(2430 3267 3294 2457)
4(2457 3294 3321 2484)
4(2511 3348 3375 2538)
4(2538 3375 3402 2565)
4(2565 3402 3429 2592)
4(2592 3429 3456 2619)
4(2619 3456 3483 2646)
4(2646 3483 3510 2673)
4(2673 3510 3537 2700)
4(2700 3537 3564 2727)
4(2727 3564 3591 2754)
4(2754 3591 3618 2781)
4(2781 3618 3645 2808)
4(2808 3645 3672 2835)
4(2835 3672 3699 2862)
4(2862 3699 3726 2889)
4(2889 3726 3753 2916)
4(2916 3753 3780 2943)
4(2943 3780 3807 2970)
4(2970 3807 3834 2997)
4(2997 3834 3861 3024)
4(3024 3861 3888 3051)
4(3051 3888 3915 3078)
4(3078 3915 3942 3105)
4(3105 3942 3969 3132)
4(3132 3969 3996 3159)
4(3159 3996 4023 3186)
4(3186 4023 4050 3213)
4(3213 4050 4077 3240)
4(3240 4077 4104 3267)
4(3267 4104 4131 3294)
4(3294 4131 4158 3321)
4(26 53 890 863)
4(53 80 917 890)
4(80 107 944 917)
4(107 134 971 944)
4(134 161 998 971)
4(161 188 1025 998)
4(188 215 1052 1025)
4(215 242 1079 1052)
4(242 269 1106 1079)
4(269 296 1133 1106)
4(296 323 1160 1133)
4(323 350 1187 1160)
4(350 377 1214 1187)
4(377 404 1241 1214)
4(404 431 1268 1241)
4(431 458 1295 1268)
4(458 485 1322 1295)
4(485 512 1349 1322)
4(512 539 1376 1349)
4(539 566 1403 1376)
4(566 593 1430 1403)
4(593 620 1457 1430)
4(620 647 1484 1457)
4(647 674 1511 1484)
4(674 701 1538 1511)
4(701 728 1565 1538)
4(728 755 1592 1565)
4(755 782 1619 1592)
4(782 809 1646 1619)
4(809 836 1673 1646)
4(863 890 1727 1700)
4(890 917 1754 1727)
4(917 944 1781 1754)
4(944 971 1808 1781)
4(971 998 1835 1808)
4(998 1025 1862 1835)
4(1025 1052 1889 1862)
4(1052 1079 1916 1889)
4(1079 1106 1943 1916)
4(1106 1133 1970 1943)
4(1133 1160 1997 1970)
4(1160 1187 2024 1997)
4(1187 1214 2051 2024)
4(1214 1241 2078 2051)
4(1241 1268 2105 2078)
4(1268 1295 2132 2105)
4(1295 1322 2159 2132)
4(1322 1349 2186 2159)
4(1349 1376 2213 2186)
4(1376 1403 2240 2213)
4(1403 1430 2267 2240)
4(1430 1457 2294 2267)
4(1457 1484 2321 2294)
4(1484 1511 2348 2321)
4(1511 1538 2375 2348)
4(1538 1565 2402 2375)
4(1565 1592 2429 2402)
4(1592 1619 2456 2429)
4(1619 1646 2483 2456)
4(1646 1673 2510 2483)
4(1700 1727 2564 2537)
4(1727 1754 2591 2564)
4(1754 1781 2618 2591)
4(1781 1808 2645 2618)
4(1808 1835 2672 2645)
4(1835 1862 2699 2672)
4(1862 1889 2726 2699)
4(1889 1916 2753 2726)
4(1916 1943 2780 2753)
4(1943 1970 2807 2780)
4(1970 1997 2834 2807)
4(1997 2024 2861 2834)
4(2024 2051 2888 2861)
4(2051 2078 2915 2888)
4(2078 2105 2942 2915)
4(2105 2132 2969 2942)
4(2132 2159 2996 2969)
4(2159 2186 3023 2996)
4(2186 2213 3050 3023)
4(2213 2240 3077 3050)
4(2240 2267 3104 3077)
4(2267 2294 3131 3104)
4(2294 2321 3158 3131)
4(2321 2348 3185 3158)
4(2348 2375 3212 3185)
4(2375 2402 3239 3212)
4(2402 2429 3266 3239)
4(2429 2456 3293 3266)
4(2456 2483 3320 3293)
4(2483 2510 3347 3320)
4(2537 2564 3401 3374)
4(2564 2591 3428 3401)
4(2591 2618 3455 3428)
4(2618 2645 3482 3455)
4(2645 2672 3509 3482)
4(2672 2699 3536 3509)
4(2699 2726 3563 3536)
4(2726 2753 3590 3563)
4(2753 2780 3617 3590)
4(2780 2807 3644 3617)
4(2807 2834 3671 3644)
4(2834 2861 3698 3671)
4(2861 2888 3725 3698)
4(2888 2915 3752 3725)
4(2915 2942 3779 3752)
4(2942 2969 3806 3779)
4(2969 2996 3833 3806)
4(2996 3023 3860 3833)
4(3023 3050 3887 3860)
4(3050 3077 3914 3887)
4(3077 3104 3941 3914)
4(3104 3131 3968 3941)
4(3131 3158 3995 3968)
4(3158 3185 4022 3995)
4(3185 3212 4049 4022)
4(3212 3239 4076 4049)
4(3239 3266 4103 4076)
4(3266 3293 4130 4103)
4(3293 3320 4157 4130)
4(3320 3347 4184 4157)
4(810 1647 1648 811)
4(1647 2484 2485 1648)
4(2484 3321 3322 2485)
4(3321 4158 4159 3322)
4(811 1648 1649 812)
4(1648 2485 2486 1649)
4(2485 3322 3323 2486)
4(3322 4159 4160 3323)
4(812 1649 1650 813)
4(1649 2486 2487 1650)
4(2486 3323 3324 2487)
4(3323 4160 4161 3324)
4(813 1650 1651 814)
4(1650 2487 2488 1651)
4(2487 3324 3325 2488)
4(3324 4161 4162 3325)
4(814 1651 1652 815)
4(1651 2488 2489 1652)
4(2488 3325 3326 2489)
4(3325 4162 4163 3326)
4(815 1652 1653 816)
4(1652 2489 2490 1653)
4(2489 3326 3327 2490)
4(3326 4163 4164 3327)
4(816 1653 1654 817)
4(1653 2490 2491 1654)
4(2490 3327 3328 2491)
4(3327 4164 4165 3328)
4(817 1654 1655 818)
4(1654 2491 2492 1655)
4(2491 3328 3329 2492)
4(3328 4165 4166 3329)
4(818 1655 1656 819)
4(1655 2492 2493 1656)
4(2492 3329 3330 2493)
4(3329 4166 4167 3330)
4(819 1656 1657 820)
4(1656 2493 2494 1657)
4(2493 3330 3331 2494)
4(3330 4167 4168 3331)
4(820 1657 1658 821)
4(1657 2494 2495 1658)
4(2494 3331 3332 2495)
4(3331 4168 4169 3332)
4(821 1658 1659 822)
4(1658 2495 2496 1659)
4(2495 3332 3333 2496)
4(3332 4169 4170 3333)
4(822 1659 1660 823)
4(1659 2496 2497 1660)
4(2496 3333 3334 2497)
4(3333 4170 4171 3334)
4(823 1660 1661 824)
4(1660 2497 2498 1661)
4(2497 3334 3335 2498)
4(3334 4171 4172 3335)
4(824 1661 1662 825)
4(1661 2498 2499 1662)
4(2498 3335 3336 2499)
4(3335 4172 4173 3336)
4(825 1662 1663 826)
4(1662 2499 2500 1663)
4(2499 3336 3337 2500)
4(3336 4173 4174 3337)
4(826 1663 1664 827)
4(1663 2500 2501 1664)
4(2500 3337 3338 2501)
4(3337 4174 4175 3338)
4(827 1664 1665 828)
4(1664 2501 2502 1665)
4(2501 3338 3339 2502)
4(3338 4175 4176 3339)
4(828 1665 1666 829)
4(1665 2502 2503 1666)
4(2502 3339 3340 2503)
4(3339 4176 4177 3340)
4(829 1666 1667 830)
4(1666 2503 2504 1667)
4(2503 3340 3341 2504)
4(3340 4177 4178 3341)
4(830 1667 1668 831)
4(1667 2504 2505 1668)
4(2504 3341 3342 2505)
4(3341 4178 4179 3342)
4(831 1668 1669 832)
4(1668 2505 2506 1669)
4(2505 3342 3343 2506)
4(3342 4179 4180 3343)
4(832 1669 1670 833)
4(1669 2506 2507 1670)
4(2506 3343 3344 2507)
4(3343 4180 4181 3344)
4(833 1670 1671 834)
4(1670 2507 2508 1671)
4(2507 3344 3345 2508)
4(3344 4181 4182 3345)
4(834 1671 1672 835)
4(1671 2508 2509 1672)
4(2508 3345 3346 2509)
4(3345 4182 4183 3346)
4(835 1672 1673 836)
4(1672 2509 2510 1673)
4(2509 3346 3347 2510)
4(3346 4183 4184 3347)
4(0 1 838 837)
4(837 838 1675 1674)
4(1674 1675 2512 2511)
4(2511 2512 3349 3348)
4(1 2 839 838)
4(838 839 1676 1675)
4(1675 1676 2513 2512)
4(2512 2513 3350 3349)
4(2 3 840 839)
4(839 840 1677 1676)
4(1676 1677 2514 2513)
4(2513 2514 3351 3350)
4(3 4 841 840)
4(840 841 1678 1677)
4(1677 1678 2515 2514)
4(2514 2515 3352 3351)
4(4 5 842 841)
4(841 842 1679 1678)
4(1678 1679 2516 2515)
4(2515 2516 3353 3352)
4(5 6 843 842)
4(842 843 1680 1679)
4(1679 1680 2517 2516)
4(2516 2517 3354 3353)
4(6 7 844 843)
4(843 844 1681 1680)
4(1680 1681 2518 2517)
4(2517 2518 3355 3354)
4(7 8 845 844)
4(844 845 1682 1681)
4(1681 1682 2519 2518)
4(2518 2519 3356 3355)
4(8 9 846 845)
4(845 846 1683 1682)
4(1682 1683 2520 2519)
4(2519 2520 3357 3356)
4(9 10 847 846)
4(846 847 1684 1683)
4(1683 1684 2521 2520)
4(2520 2521 3358 3357)
4(10 11 848 847)
4(847 848 1685 1684)
4(1684 1685 2522 2521)
4(2521 2522 3359 3358)
4(11 12 849 848)
4(848 849 1686 1685)
4(1685 1686 2523 2522)
4(2522 2523 3360 3359)
4(12 13 850 849)
4(849 850 1687 1686)
4(1686 1687 2524 2523)
4(2523 2524 3361 3360)
4(13 14 851 850)
4(850 851 1688 1687)
4(1687 1688 2525 2524)
4(2524 2525 3362 3361)
4(14 15 852 851)
4(851 852 1689 1688)
4(1688 1689 2526 2525)
4(2525 2526 3363 3362)
4(15 16 853 852)
4(852 853 1690 1689)
4(1689 1690 2527 2526)
4(2526 2527 3364 3363)
4(16 17 854 853)
4(853 854 1691 1690)
4(1690 1691 2528 2527)
4(2527 2528 3365 3364)
4(17 18 855 854)
4(854 855 1692 1691)
4(1691 1692 2529 2528)
4(2528 2529 3366 3365)
4(18 19 856 855)
4(855 856 1693 1692)
4(1692 1693 2530 2529)
4(2529 2530 3367 3366)
4(19 20 857 856)
4(856 857 1694 1693)
4(1693 1694 2531 2530)
4(2530 2531 3368 3367)
4(20 21 858 857)
4(857 858 1695 1694)
4(1694 1695 2532 2531)
4(2531 2532 3369 3368)
4(21 22 859 858)
4(858 859 1696 1695)
4(1695 1696 2533 2532)
4(2532 2533 3370 3369)
4(22 23 860 859)
4(859 860 1697 1696)
4(1696 1697 2534 2533)
4(2533 2534 3371 3370)
4(23 24 861 860)
4(860 861 1698 1697)
4(1697 1698 2535 2534)
4(2534 2535 3372 3371)
4(24 25 862 861)
4(861 862 1699 1698)
4(1698 1699 2536 2535)
4(2535 2536 3373 3372)
4(25 26 863 862)
4(862 863 1700 1699)
4(1699 1700 2537 2536)
4(2536 2537 3374 3373)
4(3348 3349 3376 3375)
4(3349 3350 3377 3376)
4(3350 3351 3378 3377)
4(3351 3352 3379 3378)
4(3352 3353 3380 3379)
4(3353 3354 3381 3380)
4(3354 3355 3382 3381)
4(3355 3356 3383 3382)
4(3356 3357 3384 3383)
4(3357 3358 3385 3384)
4(3358 3359 3386 3385)
4(3359 3360 3387 3386)
4(3360 3361 3388 3387)
4(3361 3362 3389 3388)
4(3362 3363 3390 3389)
4(3363 3364 3391 3390)
4(3364 3365 3392 3391)
4(3365 3366 3393 3392)
4(3366 3367 3394 3393)
4(3367 3368 3395 3394)
4(3368 3369 3396 3395)
4(3369 3370 3397 3396)
4(3370 3371 3398 3397)
4(3371 3372 3399 3398)
4(3372 3373 3400 3399)
4(3373 3374 3401 3400)
4(3375 3376 3403 3402)
4(3376 3377 3404 3403)
4(3377 3378 3405 3404)
4(3378 3379 3406 3405)
4(3379 3380 3407 3406)
4(3380 3381 3408 3407)
4(3381 3382 3409 3408)
4(3382 3383 3410 3409)
4(3383 3384 3411 3410)
4(3384 3385 3412 3411)
4(3385 3386 3413 3412)
4(3386 3387 3414 3413)
4(3387 3388 3415 3414)
4(3388 3389 3416 3415)
4(3389 3390 3417 3416)
4(3390 3391 3418 3417)
4(3391 3392 3419 3418)
4(3392 3393 3420 3419)
4(3393 3394 3421 3420)
4(3394 3395 3422 3421)
4(3395 3396 3423 3422)
4(3396 3397 3424 3423)
4(3397 3398 3425 3424)
4(3398 3399 3426 3425)
4(3399 3400 3427 3426)
4(3400 3401 3428 3427)
4(3402 3403 3430 3429)
4(3403 3404 3431 3430)
4(3404 3405 3432 3431)
4(3405 3406 3433 3432)
4(3406 3407 3434 3433)
4(3407 3408 3435 3434)
4(3408 3409 3436 3435)
4(3409 3410 3437 3436)
4(3410 3411 3438 3437)
4(3411 3412 3439 3438)
4(3412 3413 3440 3439)
4(3413 3414 3441 3440)
4(3414 3415 3442 3441)
4(3415 3416 3443 3442)
4(3416 3417 3444 3443)
4(3417 3418 3445 3444)
4(3418 3419 3446 3445)
4(3419 3420 3447 3446)
4(3420 3421 3448 3447)
4(3421 3422 3449 3448)
4(3422 3423 3450 3449)
4(3423 3424 3451 3450)
4(3424 3425 3452 3451)
4(3425 3426 3453 3452)
4(3426 3427 3454 3453)
4(3427 3428 3455 3454)
4(3429 3430 3457 3456)
4(3430 3431 3458 3457)
4(3431 3432 3459 3458)
4(3432 3433 3460 3459)
4(3433 3434 3461 3460)
4(3434 3435 3462 3461)
4(3435 3436 3463 3462)
4(3436 3437 3464 3463)
4(3437 3438 3465 3464)
4(3438 3439 3466 3465)
4(3439 3440 3467 3466)
4(3440 3441 3468 3467)
4(3441 3442 3469 3468)
4(3442 3443 3470 3469)
4(3443 3444 3471 3470)
4(3444 3445 3472 3471)
4(3445 3446 3473 3472)
4(3446 3447 3474 3473)
4(3447 3448 3475 3474)
4(3448 3449 3476 3475)
4(3449 3450 3477 3476)
4(3450 3451 3478 3477)
4(3451 3452 3479 3478)
4(3452 3453 3480 3479)
4(3453 3454 3481 3480)
4(3454 3455 3482 3481)
4(3456 3457 3484 3483)
4(3457 3458 3485 3484)
4(3458 3459 3486 3485)
4(3459 3460 3487 3486)
4(3460 3461 3488 3487)
4(3461 3462 3489 3488)
4(3462 3463 3490 3489)
4(3463 3464 3491 3490)
4(3464 3465 3492 3491)
4(3465 3466 3493 3492)
4(3466 3467 3494 3493)
4(3467 3468 3495 3494)
4(3468 3469 3496 3495)
4(3469 3470 3497 3496)
4(3470 3471 3498 3497)
4(3471 3472 3499 3498)
4(3472 3473 3500 3499)
4(3473 3474 3501 3500)
4(3474 3475 3502 3501)
4(3475 3476 3503 3502)
4(3476 3477 3504 3503)
4(3477 3478 3505 3504)
4(3478 3479 3506 3505)
4(3479 3480 3507 3506)
4(3480 3481 3508 3507)
4(3481 3482 3509 3508)
4(3483 3484 3511 3510)
4(3484 3485 3512 3511)
4(3485 3486 3513 3512)
4(3486 3487 3514 3513)
4(3487 3488 3515 3514)
4(3488 3489 3516 3515)
4(3489 3490 3517 3516)
4(3490 3491 3518 3517)
4(3491 3492 3519 3518)
4(3492 3493 3520 3519)
4(3493 3494 3521 3520)
4(3494 3495 3522 3521)
4(3495 3496 3523 3522)
4(3496 3497 3524 3523)
4(3497 3498 3525 3524)
4(3498 3499 3526 3525)
4(3499 3500 3527 3526)
4(3500 3501 3528 3527)
4(3501 3502 3529 3528)
4(3502 3503 3530 3529)
4(3503 3504 3531 3530)
4(3504 3505 3532 3531)
4(3505 3506 3533 3532)
4(3506 3507 3534 3533)
4(3507 3508 3535 3534)
4(3508 3509 3536 3535)
4(3510 3511 3538 3537)
4(3511 3512 3539 3538)
4(3512 3513 3540 3539)
4(3513 3514 3541 3540)
4(3514 3515 3542 3541)
4(3515 3516 3543 3542)
4(3516 3517 3544 3543)
4(3517 3518 3545 3544)
4(3518 3519 3546 3545)
4(3519 3520 3547 3546)
4(3520 3521 3548 3547)
4(3521 3522 3549 3548)
4(3522 3523 3550 3549)
4(3523 3524 3551 3550)
4(3524 3525 3552 3551)
4(3525 3526 3553 3552)
4(3526 3527 3554 3553)
4(3527 3528 3555 3554)
4(3528 3529 3556 3555)
4(3529 3530 3557 3556)
4(3530 3531 3558 3557)
4(3531 3532 3559 3558)
4(3532 3533 3560 3559)
4(3533 3534 3561 3560)
4(3534 3535 3562 3561)
4(3535 3536 3563 3562)
4(3537 3538 3565 3564)
4(3538 3539 3566 3565)
4(3539 3540 3567 3566)
4(3540 3541 3568 3567)
4(3541 3542 3569 3568)
4(3542 3543 3570 3569)
4(3543 3544 3571 3570)
4(3544 3545 3572 3571)
4(3545 3546 3573 3572)
4(3546 3547 3574 3573)
4(3547 3548 3575 3574)
4(3548 3549 3576 3575)
4(3549 3550 3577 3576)
4(3550 3551 3578 3577)
4(3551 3552 3579 3578)
4(3552 3553 3580 3579)
4(3553 3554 3581 3580)
4(3554 3555 3582 3581)
4(3555 3556 3583 3582)
4(3556 3557 3584 3583)
4(3557 3558 3585 3584)
4(3558 3559 3586 3585)
4(3559 3560 3587 3586)
4(3560 3561 3588 3587)
4(3561 3562 3589 3588)
4(3562 3563 3590 3589)
4(3564 3565 3592 3591)
4(3565 3566 3593 3592)
4(3566 3567 3594 3593)
4(3567 3568 3595 3594)
4(3568 3569 3596 3595)
4(3569 3570 3597 3596)
4(3570 3571 3598 3597)
4(3571 3572 3599 3598)
4(3572 3573 3600 3599)
4(3573 3574 3601 3600)
4(3574 3575 3602 3601)
4(3575 3576 3603 3602)
4(3576 3577 3604 3603)
4(3577 3578 3605 3604)
4(3578 3579 3606 3605)
4(3579 3580 3607 3606)
4(3580 3581 3608 3607)
4(3581 3582 3609 3608)
4(3582 3583 3610 3609)
4(3583 3584 3611 3610)
4(3584 3585 3612 3611)
4(3585 3586 3613 3612)
4(3586 3587 3614 3613)
4(3587 3588 3615 3614)
4(3588 3589 3616 3615)
4(3589 3590 3617 3616)
4(3591 3592 3619 3618)
4(3592 3593 3620 3619)
4(3593 3594 3621 3620)
4(3594 3595 3622 3621)
4(3595 3596 3623 3622)
4(3596 3597 3624 3623)
4(3597 3598 3625 3624)
4(3598 3599 3626 3625)
4(3599 3600 3627 3626)
4(3600 3601 3628 3627)
4(3601 3602 3629 3628)
4(3602 3603 3630 3629)
4(3603 3604 3631 3630)
4(3604 3605 3632 3631)
4(3605 3606 3633 3632)
4(3606 3607 3634 3633)
4(3607 3608 3635 3634)
4(3608 3609 3636 3635)
4(3609 3610 3637 3636)
4(3610 3611 3638 3637)
4(3611 3612 3639 3638)
4(3612 3613 3640 3639)
4(3613 3614 3641 3640)
4(3614 3615 3642 3641)
4(3615 3616 3643 3642)
4(3616 3617 3644 3643)
4(3618 3619 3646 3645)
4(3619 3620 3647 3646)
4(3620 3621 3648 3647)
4(3621 3622 3649 3648)
4(3622 3623 3650 3649)
4(3623 3624 3651 3650)
4(3624 3625 3652 3651)
4(3625 3626 3653 3652)
4(3626 3627 3654 3653)
4(3627 3628 3655 3654)
4(3628 3629 3656 3655)
4(3629 3630 3657 3656)
4(3630 3631 3658 3657)
4(3631 3632 3659 3658)
4(3632 3633 3660 3659)
4(3633 3634 3661 3660)
4(3634 3635 3662 3661)
4(3635 3636 3663 3662)
4(3636 3637 3664 3663)
4(3637 3638 3665 3664)
4(3638 3639 3666 3665)
4(3639 3640 3667 3666)
4(3640 3641 3668 3667)
4(3641 3642 3669 3668)
4(3642 3643 3670 3669)
4(3643 3644 3671 3670)
4(3645 3646 3673 3672)
4(3646 3647 3674 3673)
4(3647 3648 3675 3674)
4(3648 3649 3676 3675)
4(3649 3650 3677 3676)
4(3650 3651 3678 3677)
4(3651 3652 3679 3678)
4(3652 3653 3680 3679)
4(3653 3654 3681 3680)
4(3654 3655 3682 3681)
4(3655 3656 3683 3682)
4(3656 3657 3684 3683)
4(3657 3658 3685 3684)
4(3658 3659 3686 3685)
4(3659 3660 3687 3686)
4(3660 3661 3688 3687)
4(3661 3662 3689 3688)
4(3662 3663 3690 3689)
4(3663 3664 3691 3690)
4(3664 3665 3692 3691)
4(3665 3666 3693 3692)
4(3666 3667 3694 3693)
4(3667 3668 3695 3694)
4(3668 3669 3696 3695)
4(3669 3670 3697 3696)
4(3670 3671 3698 3697)
4(3672 3673 3700 3699)
4(3673 3674 3701 3700)
4(3674 3675 3702 3701)
4(3675 3676 3703 3702)
4(3676 3677 3704 3703)
4(3677 3678 3705 3704)
4(3678 3679 3706 3705)
4(3679 3680 3707 3706)
4(3680 3681 3708 3707)
4(3681 3682 3709 3708)
4(3682 3683 3710 3709)
4(3683 3684 3711 3710)
4(3684 3685 3712 3711)
4(3685 3686 3713 3712)
4(3686 3687 3714 3713)
4(3687 3688 3715 3714)
4(3688 3689 3716 3715)
4(3689 3690 3717 3716)
4(3690 3691 3718 3717)
4(3691 3692 3719 3718)
4(3692 3693 3720 3719)
4(3693 3694 3721 3720)
4(3694 3695 3722 3721)
4(3695 3696 3723 3722)
4(3696 3697 3724 3723)
4(3697 3698 3725 3724)
4(3699 3700 3727 3726)
4(3700 3701 3728 3727)
4(3701 3702 3729 3728)
4(3702 3703 3730 3729)
4(3703 3704 3731 3730)
4(3704 3705 3732 3731)
4(3705 3706 3733 3732)
4(3706 3707 3734 3733)
4(3707 3708 3735 3734)
4(3708 3709 3736 3735)
4(3709 3710 3737 3736)
4(3710 3711 3738 3737)
4(3711 3712 3739 3738)
4(3712 3713 3740 3739)
4(3713 3714 3741 3740)
4(3714 3715 3742 3741)
4(3715 3716 3743 3742)
4(3716 3717 3744 3743)
4(3717 3718 3745 3744)
4(3718 3719 3746 3745)
4(3719 3720 3747 3746)
4(3720 3721 3748 3747)
4(3721 3722 3749 3748)
4(3722 3723 3750 3749)
4(3723 3724 3751 3750)
4(3724 3725 3752 3751)
4(3726 3727 3754 3753)
4(3727 3728 3755 3754)
4(3728 3729 3756 3755)
4(3729 3730 3757 3756)
4(3730 3731 3758 3757)
4(3731 3732 3759 3758)
4(3732 3733 3760 3759)
4(3733 3734 3761 3760)
4(3734 3735 3762 3761)
4(3735 3736 3763 3762)
4(3736 3737 3764 3763)
4(3737 3738 3765 3764)
4(3738 3739 3766 3765)
4(3739 3740 3767 3766)
4(3740 3741 3768 3767)
4(3741 3742 3769 3768)
4(3742 3743 3770 3769)
4(3743 3744 3771 3770)
4(3744 3745 3772 3771)
4(3745 3746 3773 3772)
4(3746 3747 3774 3773)
4(3747 3748 3775 3774)
4(3748 3749 3776 3775)
4(3749 3750 3777 3776)
4(3750 3751 3778 3777)
4(3751 3752 3779 3778)
4(3753 3754 3781 3780)
4(3754 3755 3782 3781)
4(3755 3756 3783 3782)
4(3756 3757 3784 3783)
4(3757 3758 3785 3784)
4(3758 3759 3786 3785)
4(3759 3760 3787 3786)
4(3760 3761 3788 3787)
4(3761 3762 3789 3788)
4(3762 3763 3790 3789)
4(3763 3764 3791 3790)
4(3764 3765 3792 3791)
4(3765 3766 3793 3792)
4(3766 3767 3794 3793)
4(3767 3768 3795 3794)
4(3768 3769 3796 3795)
4(3769 3770 3797 3796)
4(3770 3771 3798 3797)
4(3771 3772 3799 3798)
4(3772 3773 3800 3799)
4(3773 3774 3801 3800)
4(3774 3775 3802 3801)
4(3775 3776 3803 3802)
4(3776 3777 3804 3803)
4(3777 3778 3805 3804)
4(3778 3779 3806 3805)
4(3780 3781 3808 3807)
4(3781 3782 3809 3808)
4(3782 3783 3810 3809)
4(3783 3784 3811 3810)
4(3784 3785 3812 3811)
4(3785 3786 3813 3812)
4(3786 3787 3814 3813)
4(3787 3788 3815 3814)
4(3788 3789 3816 3815)
4(3789 3790 3817 3816)
4(3790 3791 3818 3817)
4(3791 3792 3819 3818)
4(3792 3793 3820 3819)
4(3793 3794 3821 3820)
4(3794 3795 3822 3821)
4(3795 3796 3823 3822)
4(3796 3797 3824 3823)
4(3797 3798 3825 3824)
4(3798 3799 3826 3825)
4(3799 3800 3827 3826)
4(3800 3801 3828 3827)
4(3801 3802 3829 3828)
4(3802 3803 3830 3829)
4(3803 3804 3831 3830)
4(3804 3805 3832 3831)
4(3805 3806 3833 3832)
4(3807 3808 3835 3834)
4(3808 3809 3836 3835)
4(3809 3810 3837 3836)
4(3810 3811 3838 3837)
4(3811 3812 3839 3838)
4(3812 3813 3840 3839)
4(3813 3814 3841 3840)
4(3814 3815 3842 3841)
4(3815 3816 3843 3842)
4(3816 3817 3844 3843)
4(3817 3818 3845 3844)
4(3818 3819 3846 3845)
4(3819 3820 3847 3846)
4(3820 3821 3848 3847)
4(3821 3822 3849 3848)
4(3822 3823 3850 3849)
4(3823 3824 3851 3850)
4(3824 3825 3852 3851)
4(3825 3826 3853 3852)
4(3826 3827 3854 3853)
4(3827 3828 3855 3854)
4(3828 3829 3856 3855)
4(3829 3830 3857 3856)
4(3830 3831 3858 3857)
4(3831 3832 3859 3858)
4(3832 3833 3860 3859)
4(3834 3835 3862 3861)
4(3835 3836 3863 3862)
4(3836 3837 3864 3863)
4(3837 3838 3865 3864)
4(3838 3839 3866 3865)
4(3839 3840 3867 3866)
4(3840 3841 3868 3867)
4(3841 3842 3869 3868)
4(3842 3843 3870 3869)
4(3843 3844 3871 3870)
4(3844 3845 3872 3871)
4(3845 3846 3873 3872)
4(3846 3847 3874 3873)
4(3847 3848 3875 3874)
4(3848 3849 3876 3875)
4(3849 3850 3877 3876)
4(3850 3851 3878 3877)
4(3851 3852 3879 3878)
4(3852 3853 3880 3879)
4(3853 3854 3881 3880)
4(3854 3855 3882 3881)
4(3855 3856 3883 3882)
4(3856 3857 3884 3883)
4(3857 3858 3885 3884)
4(3858 3859 3886 3885)
4(3859 3860 3887 3886)
4(3861 3862 3889 3888)
4(3862 3863 3890 3889)
4(3863 3864 3891 3890)
4(3864 3865 3892 3891)
4(3865 3866 3893 3892)
4(3866 3867 3894 3893)
4(3867 3868 3895 3894)
4(3868 3869 3896 3895)
4(3869 3870 3897 3896)
4(3870 3871 3898 3897)
4(3871 3872 3899 3898)
4(3872 3873 3900 3899)
4(3873 3874 3901 3900)
4(3874 3875 3902 3901)
4(3875 3876 3903 3902)
4(3876 3877 3904 3903)
4(3877 3878 3905 3904)
4(3878 3879 3906 3905)
4(3879 3880 3907 3906)
4(3880 3881 3908 3907)
4(3881 3882 3909 3908)
4(3882 3883 3910 3909)
4(3883 3884 3911 3910)
4(3884 3885 3912 3911)
4(3885 3886 3913 3912)
4(3886 3887 3914 3913)
4(3888 3889 3916 3915)
4(3889 3890 3917 3916)
4(3890 3891 3918 3917)
4(3891 3892 3919 3918)
4(3892 3893 3920 3919)
4(3893 3894 3921 3920)
4(3894 3895 3922 3921)
4(3895 3896 3923 3922)
4(3896 3897 3924 3923)
4(3897 3898 3925 3924)
4(3898 3899 3926 3925)
4(3899 3900 3927 3926)
4(3900 3901 3928 3927)
4(3901 3902 3929 3928)
4(3902 3903 3930 3929)
4(3903 3904 3931 3930)
4(3904 3905 3932 3931)
4(3905 3906 3933 3932)
4(3906 3907 3934 3933)
4(3907 3908 3935 3934)
4(3908 3909 3936 3935)
4(3909 3910 3937 3936)
4(3910 3911 3938 3937)
4(3911 3912 3939 3938)
4(3912 3913 3940 3939)
4(3913 3914 3941 3940)
4(3915 3916 3943 3942)
4(3916 3917 3944 3943)
4(3917 3918 3945 3944)
4(3918 3919 3946 3945)
4(3919 3920 3947 3946)
4(3920 3921 3948 3947)
4(3921 3922 3949 3948)
4(3922 3923 3950 3949)
4(3923 3924 3951 3950)
4(3924 3925 3952 3951)
4(3925 3926 3953 3952)
4(3926 3927 3954 3953)
4(3927 3928 3955 3954)
4(3928 3929 3956 3955)
4(3929 3930 3957 3956)
4(3930 3931 3958 3957)
4(3931 3932 3959 3958)
4(3932 3933 3960 3959)
4(3933 3934 3961 3960)
4(3934 3935 3962 3961)
4(3935 3936 3963 3962)
4(3936 3937 3964 3963)
4(3937 3938 3965 3964)
4(3938 3939 3966 3965)
4(3939 3940 3967 3966)
4(3940 3941 3968 3967)
4(3942 3943 3970 3969)
4(3943 3944 3971 3970)
4(3944 3945 3972 3971)
4(3945 3946 3973 3972)
4(3946 3947 3974 3973)
4(3947 3948 3975 3974)
4(3948 3949 3976 3975)
4(3949 3950 3977 3976)
4(3950 3951 3978 3977)
4(3951 3952 3979 3978)
4(3952 3953 3980 3979)
4(3953 3954 3981 3980)
4(3954 3955 3982 3981)
4(3955 3956 3983 3982)
4(3956 3957 3984 3983)
4(3957 3958 3985 3984)
4(3958 3959 3986 3985)
4(3959 3960 3987 3986)
4(3960 3961 3988 3987)
4(3961 3962 3989 3988)
4(3962 3963 3990 3989)
4(3963 3964 3991 3990)
4(3964 3965 3992 3991)
4(3965 3966 3993 3992)
4(3966 3967 3994 3993)
4(3967 3968 3995 3994)
4(3969 3970 3997 3996)
4(3970 3971 3998 3997)
4(3971 3972 3999 3998)
4(3972 3973 4000 3999)
4(3973 3974 4001 4000)
4(3974 3975 4002 4001)
4(3975 3976 4003 4002)
4(3976 3977 4004 4003)
4(3977 3978 4005 4004)
4(3978 3979 4006 4005)
4(3979 3980 4007 4006)
4(3980 3981 4008 4007)
4(3981 3982 4009 4008)
4(3982 3983 4010 4009)
4(3983 3984 4011 4010)
4(3984 3985 4012 4011)
4(3985 3986 4013 4012)
4(3986 3987 4014 4013)
4(3987 3988 4015 4014)
4(3988 3989 4016 4015)
4(3989 3990 4017 4016)
4(3990 3991 4018 4017)
4(3991 3992 4019 4018)
4(3992 3993 4020 4019)
4(3993 3994 4021 4020)
4(3994 3995 4022 4021)
4(3996 3997 4024 4023)
4(3997 3998 4025 4024)
4(3998 3999 4026 4025)
4(3999 4000 4027 4026)
4(4000 4001 4028 4027)
4(4001 4002 4029 4028)
4(4002 4003 4030 4029)
4(4003 4004 4031 4030)
4(4004 4005 4032 4031)
4(4005 4006 4033 4032)
4(4006 4007 4034 4033)
4(4007 4008 4035 4034)
4(4008 4009 4036 4035)
4(4009 4010 4037 4036)
4(4010 4011 4038 4037)
4(4011 4012 4039 4038)
4(4012 4013 4040 4039)
4(4013 4014 4041 4040)
4(4014 4015 4042 4041)
4(4015 4016 4043 4042)
4(4016 4017 4044 4043)
4(4017 4018 4045 4044)
4(4018 4019 4046 4045)
4(4019 4020 4047 4046)
4(4020 4021 4048 4047)
4(4021 4022 4049 4048)
4(4023 4024 4051 4050)
4(4024 4025 4052 4051)
4(4025 4026 4053 4052)
4(4026 4027 4054 4053)
4(4027 4028 4055 4054)
4(4028 4029 4056 4055)
4(4029 4030 4057 4056)
4(4030 4031 4058 4057)
4(4031 4032 4059 4058)
4(4032 4033 4060 4059)
4(4033 4034 4061 4060)
4(4034 4035 4062 4061)
4(4035 4036 4063 4062)
4(4036 4037 4064 4063)
4(4037 4038 4065 4064)
4(4038 4039 4066 4065)
4(4039 4040 4067 4066)
4(4040 4041 4068 4067)
4(4041 4042 4069 4068)
4(4042 4043 4070 4069)
4(4043 4044 4071 4070)
4(4044 4045 4072 4071)
4(4045 4046 4073 4072)
4(4046 4047 4074 4073)
4(4047 4048 4075 4074)
4(4048 4049 4076 4075)
4(4050 4051 4078 4077)
4(4051 4052 4079 4078)
4(4052 4053 4080 4079)
4(4053 4054 4081 4080)
4(4054 4055 4082 4081)
4(4055 4056 4083 4082)
4(4056 4057 4084 4083)
4(4057 4058 4085 4084)
4(4058 4059 4086 4085)
4(4059 4060 4087 4086)
4(4060 4061 4088 4087)
4(4061 4062 4089 4088)
4(4062 4063 4090 4089)
4(4063 4064 4091 4090)
4(4064 4065 4092 4091)
4(4065 4066 4093 4092)
4(4066 4067 4094 4093)
4(4067 4068 4095 4094)
4(4068 4069 4096 4095)
4(4069 4070 4097 4096)
4(4070 4071 4098 4097)
4(4071 4072 4099 4098)
4(4072 4073 4100 4099)
4(4073 4074 4101 4100)
4(4074 4075 4102 4101)
4(4075 4076 4103 4102)
4(4077 4078 4105 4104)
4(4078 4079 4106 4105)
4(4079 4080 4107 4106)
4(4080 4081 4108 4107)
4(4081 4082 4109 4108)
4(4082 4083 4110 4109)
4(4083 4084 4111 4110)
4(4084 4085 4112 4111)
4(4085 4086 4113 4112)
4(4086 4087 4114 4113)
4(4087 4088 4115 4114)
4(4088 4089 4116 4115)
4(4089 4090 4117 4116)
4(4090 4091 4118 4117)
4(4091 4092 4119 4118)
4(4092 4093 4120 4119)
4(4093 4094 4121 4120)
4(4094 4095 4122 4121)
4(4095 4096 4123 4122)
4(4096 4097 4124 4123)
4(4097 4098 4125 4124)
4(4098 4099 4126 4125)
4(4099 4100 4127 4126)
4(4100 4101 4128 4127)
4(4101 4102 4129 4128)
4(4102 4103 4130 4129)
4(4104 4105 4132 4131)
4(4105 4106 4133 4132)
4(4106 4107 4134 4133)
4(4107 4108 4135 4134)
4(4108 4109 4136 4135)
4(4109 4110 4137 4136)
4(4110 4111 4138 4137)
4(4111 4112 4139 4138)
4(4112 4113 4140 4139)
4(4113 4114 4141 4140)
4(4114 4115 4142 4141)
4(4115 4116 4143 4142)
4(4116 4117 4144 4143)
4(4117 4118 4145 4144)
4(4118 4119 4146 4145)
4(4119 4120 4147 4146)
4(4120 4121 4148 4147)
4(4121 4122 4149 4148)
4(4122 4123 4150 4149)
4(4123 4124 4151 4150)
4(4124 4125 4152 4151)
4(4125 4126 4153 4152)
4(4126 4127 4154 4153)
4(4127 4128 4155 4154)
4(4128 4129 4156 4155)
4(4129 4130 4157 4156)
4(4131 4132 4159 4158)
4(4132 4133 4160 4159)
4(4133 4134 4161 4160)
4(4134 4135 4162 4161)
4(4135 4136 4163 4162)
4(4136 4137 4164 4163)
4(4137 4138 4165 4164)
4(4138 4139 4166 4165)
4(4139 4140 4167 4166)
4(4140 4141 4168 4167)
4(4141 4142 4169 4168)
4(4142 4143 4170 4169)
4(4143 4144 4171 4170)
4(4144 4145 4172 4171)
4(4145 4146 4173 4172)
4(4146 4147 4174 4173)
4(4147 4148 4175 4174)
4(4148 4149 4176 4175)
4(4149 4150 4177 4176)
4(4150 4151 4178 4177)
4(4151 4152 4179 4178)
4(4152 4153 4180 4179)
4(4153 4154 4181 4180)
4(4154 4155 4182 4181)
4(4155 4156 4183 4182)
4(4156 4157 4184 4183)
)


// ************************************************************************* //
