/*--------------------------------*- C++ -*----------------------------------*\
  =========                 |
  \\      /  F ield         | OpenFOAM: The Open Source CFD Toolbox
   \\    /   O peration     | Version:  v2606
    \\  /    A nd           | Website:  www.openfoam.com
     \\/     M anipulation  |
\*---------------------------------------------------------------------------*/
FoamFile
{
    version     2.0;
    format      ascii;
    class       dictionary;
    object      blockMeshDict;
}
// * * * * * * * * * * * * * * * * * * * * * * * * * * * * * * * * * * * * * //

// Background mesh for snappyHexMesh castellation, every block = 1 cell.
//
// The y-z cross-section contains only rectangles, right triangles (collapsed hexes,
// i.e. triangular prisms) and the slanted 0.3 mm channel parallelograms.
// Every block meets its neighbours face to face, so the mesh is conformal.
//
//   x = 0     to 0.010 : whole cross-section (lm_cps = strip + channel + reservoir, module = solid)
//   x = 0.010 to 0.018 : lm_cps = strip only, module = everything else (incl. solid behind the pocket)
//
// Zones: lm_cps, module (cellZones). Separate afterwards with
//     splitMeshRegions -cellZones -overwrite
// Triangular x-faces and all x end faces fall in defaultPatch "xFaces".
// Coordinates are in metres.
scale   1;

vertices
(
    (0 -0.03 -0.025)   // 0
    (0 0.03 -0.025)   // 1
    (0 0.03 -0.016433)   // 2
    (0 0.020274 -0.00045)   // 3
    (0 0.02 0)   // 4
    (0 -0.02 0)   // 5
    (0 -0.020274 -0.00045)   // 6
    (0 -0.03 -0.016433)   // 7
    (0 -0.000449 -0.00045)   // 8
    (0 -0.007781 -0.0125)   // 9
    (0 -0.007781 -0.02)   // 10
    (0 0.0125 -0.02)   // 11
    (0 0.0125 -0.013872)   // 12
    (0 0.008623 -0.0075)   // 13
    (0 0.001465 -0.0075)   // 14
    (0 -0.00643 -0.0197)   // 15
    (0 -0.00743 -0.0197)   // 16
    (0 -0.00743 -0.0125)   // 17
    (0 -0.000097 -0.00045)   // 18
    (0 -0.000449 0)   // 19
    (0 -0.000097 0)   // 20
    (0 -0.004387261 -0.0075)   // 21
    (0 0.001465 -0.00045)   // 22
    (0 0.001465 0)   // 23
    (0 -0.004738676 -0.0075)   // 24
    (0 -0.024564077 -0.0075)   // 25
    (0 0.024564077 -0.0075)   // 26
    (0 0.008623 -0.00045)   // 27
    (0 0.008623 0)   // 28
    (0 0.0125 -0.0075)   // 29
    (0 0.028441576 -0.013872)   // 30
    (0 0.0125 -0.00045)   // 31
    (0 0.0125 0)   // 32
    (0 0.0125 -0.025)   // 33
    (0 0.03 -0.02)   // 34
    (0 -0.03 -0.02)   // 35
    (0 -0.007781 -0.025)   // 36
    (0 -0.007781 -0.0075)   // 37
    (0 -0.007781 -0.00045)   // 38
    (0 -0.007781 0)   // 39
    (0 -0.027606685 -0.0125)   // 40
    (0 0.0125 -0.0197)   // 41
    (0 0.03 -0.0197)   // 42
    (0 -0.00643 -0.02)   // 43
    (0 -0.00643 -0.025)   // 44
    (0 -0.007781 -0.0197)   // 45
    (0 -0.03 -0.0197)   // 46
    (0 -0.00743 -0.02)   // 47
    (0 -0.00743 -0.025)   // 48
    (0 0.0125 -0.016433)   // 49
    (0 0.028441576 -0.016433)   // 50
    (0 0.028441576 -0.0197)   // 51
    (0 0.028441576 -0.02)   // 52
    (0 0.028441576 -0.025)   // 53
    (0 -0.004315823 -0.016433)   // 54
    (0 -0.00743 -0.016433)   // 55
    (0 -0.007781 -0.016433)   // 56
    (0 0.02 -0.00045)   // 57
    (0 0.02 -0.0075)   // 58
    (0 0.02 -0.013872)   // 59
    (0 0.02 -0.016433)   // 60
    (0 0.02 -0.0197)   // 61
    (0 0.02 -0.02)   // 62
    (0 0.02 -0.025)   // 63
    (0 0.020274 -0.0075)   // 64
    (0 0.020274 -0.013872)   // 65
    (0 0.020274 -0.016433)   // 66
    (0 0.020274 -0.0197)   // 67
    (0 0.020274 -0.02)   // 68
    (0 0.020274 -0.025)   // 69
    (0 -0.02 -0.00045)   // 70
    (0 -0.02 -0.0075)   // 71
    (0 -0.02 -0.0125)   // 72
    (0 -0.02 -0.016433)   // 73
    (0 -0.02 -0.0197)   // 74
    (0 -0.02 -0.02)   // 75
    (0 -0.02 -0.025)   // 76
    (0 -0.020274 -0.0075)   // 77
    (0 -0.020274 -0.0125)   // 78
    (0 -0.020274 -0.016433)   // 79
    (0 -0.020274 -0.0197)   // 80
    (0 -0.020274 -0.02)   // 81
    (0 -0.020274 -0.025)   // 82
    (0 -0.027606685 -0.016433)   // 83
    (0 -0.027606685 -0.0197)   // 84
    (0 -0.027606685 -0.02)   // 85
    (0 -0.027606685 -0.025)   // 86
    (0 -0.004738676 -0.00045)   // 87
    (0 -0.004738676 0)   // 88
    (0 -0.00265852 -0.013872)   // 89
    (0 0.008623 -0.013872)   // 90
    (0 0.008623 -0.016433)   // 91
    (0 -0.00743 -0.013872)   // 92
    (0 -0.007781 -0.013872)   // 93
    (0 -0.02 -0.013872)   // 94
    (0 0.008623 -0.0197)   // 95
    (0 0.008623 -0.02)   // 96
    (0 0.008623 -0.025)   // 97
    (0 -0.020274 -0.013872)   // 98
    (0 -0.027606685 -0.013872)   // 99
    (0 -0.028441576 -0.013872)   // 100
    (0 -0.028441576 -0.016433)   // 101
    (0 -0.028441576 -0.0197)   // 102
    (0 -0.028441576 -0.02)   // 103
    (0 -0.028441576 -0.025)   // 104
    (0 0.001465 -0.013872)   // 105
    (0 0.001465 -0.016433)   // 106
    (0 0.001465 -0.0197)   // 107
    (0 0.001465 -0.02)   // 108
    (0 0.001465 -0.025)   // 109
    (0 -0.004387261 -0.013872)   // 110
    (0 -0.004387261 -0.0125)   // 111
    (0 -0.001770656 -0.0125)   // 112
    (0 0.001465 -0.0125)   // 113
    (0 0.008623 -0.0125)   // 114
    (0 0.011665216 -0.0125)   // 115
    (0 0.0125 -0.0125)   // 116
    (0 0.02 -0.0125)   // 117
    (0 -0.004387261 -0.016433)   // 118
    (0 -0.004387261 -0.016543393)   // 119
    (0 -0.004387261 -0.0197)   // 120
    (0 -0.004387261 -0.02)   // 121
    (0 -0.004387261 -0.025)   // 122
    (0 0.020274 -0.0125)   // 123
    (0 0.027606685 -0.0125)   // 124
    (0 0.011665216 -0.013872)   // 125
    (0 0.011665216 -0.016433)   // 126
    (0 0.011665216 -0.0197)   // 127
    (0 0.011665216 -0.02)   // 128
    (0 0.011665216 -0.025)   // 129
    (0 0.011665216 -0.0075)   // 130
    (0 0.011665216 -0.00045)   // 131
    (0 0.011665216 0)   // 132
    (0 -0.001770656 -0.0075)   // 133
    (0 -0.001770656 -0.003200246)   // 134
    (0 -0.002122428 -0.003200246)   // 135
    (0 -0.004738676 -0.003200246)   // 136
    (0 -0.007781 -0.003200246)   // 137
    (0 -0.02 -0.003200246)   // 138
    (0 -0.020274 -0.003200246)   // 139
    (0 -0.021947584 -0.003200246)   // 140
    (0 -0.002122428 -0.00045)   // 141
    (0 -0.002122428 0)   // 142
    (0 -0.000097 -0.0075)   // 143
    (0 -0.000097 -0.003200246)   // 144
    (0 0.001465 -0.003200246)   // 145
    (0 0.008623 -0.003200246)   // 146
    (0 0.011665216 -0.003200246)   // 147
    (0 -0.000097 -0.00991373)   // 148
    (0 -0.000097 -0.0125)   // 149
    (0 0.0125 -0.003200246)   // 150
    (0 0.02 -0.003200246)   // 151
    (0 0.020274 -0.003200246)   // 152
    (0 0.021947584 -0.003200246)   // 153
    (0 -0.000097 -0.013872)   // 154
    (0 -0.000097 -0.016433)   // 155
    (0 -0.000097 -0.0197)   // 156
    (0 -0.000097 -0.02)   // 157
    (0 -0.000097 -0.025)   // 158
    (0 0.001465 -0.00991373)   // 159
    (0 0.008623 -0.00991373)   // 160
    (0 0.010091618 -0.00991373)   // 161
    (0 0.011665216 -0.00991373)   // 162
    (0 0.0125 -0.00991373)   // 163
    (0 0.02 -0.00991373)   // 164
    (0 0.020274 -0.00991373)   // 165
    (0 0.026032884 -0.00991373)   // 166
    (0 0.010091618 -0.0075)   // 167
    (0 0.010091618 -0.003200246)   // 168
    (0 0.010091618 -0.00045)   // 169
    (0 0.010091618 0)   // 170
    (0 -0.00643 -0.016433)   // 171
    (0 -0.00643 -0.016543393)   // 172
    (0 -0.00743 -0.016543393)   // 173
    (0 -0.007781 -0.016543393)   // 174
    (0 -0.02 -0.016543393)   // 175
    (0 -0.00643 -0.013872)   // 176
    (0 -0.00643 -0.0125)   // 177
    (0 -0.00643 -0.010856743)   // 178
    (0 -0.006781136 -0.010856743)   // 179
    (0 -0.007781 -0.010856743)   // 180
    (0 -0.02 -0.010856743)   // 181
    (0 -0.020274 -0.010856743)   // 182
    (0 -0.026606728 -0.010856743)   // 183
    (0 -0.020274 -0.016543393)   // 184
    (0 -0.027606685 -0.016543393)   // 185
    (0 -0.028441576 -0.016543393)   // 186
    (0 -0.03 -0.016543393)   // 187
    (0 -0.004387261 -0.010856743)   // 188
    (0 -0.001770656 -0.010856743)   // 189
    (0 -0.000707253 -0.010856743)   // 190
    (0 -0.000097 -0.010856743)   // 191
    (0 0.001465 -0.010856743)   // 192
    (0 0.008623 -0.010856743)   // 193
    (0 0.010665388 -0.010856743)   // 194
    (0 0.011665216 -0.010856743)   // 195
    (0 0.0125 -0.010856743)   // 196
    (0 0.02 -0.010856743)   // 197
    (0 0.020274 -0.010856743)   // 198
    (0 0.026606728 -0.010856743)   // 199
    (0 -0.006781136 -0.0075)   // 200
    (0 -0.006781136 -0.003200246)   // 201
    (0 -0.006781136 -0.00045)   // 202
    (0 -0.006781136 0)   // 203
    (0 -0.021947584 -0.0075)   // 204
    (0 -0.021947584 -0.010856743)   // 205
    (0 -0.021947584 -0.0125)   // 206
    (0 -0.021947584 -0.013872)   // 207
    (0 -0.021947584 -0.016433)   // 208
    (0 -0.021947584 -0.016543393)   // 209
    (0 -0.021947584 -0.0197)   // 210
    (0 -0.021947584 -0.02)   // 211
    (0 -0.021947584 -0.025)   // 212
    (0 -0.024564077 -0.010856743)   // 213
    (0 -0.024564077 -0.0125)   // 214
    (0 -0.024564077 -0.013872)   // 215
    (0 -0.024564077 -0.016433)   // 216
    (0 -0.024564077 -0.016543393)   // 217
    (0 -0.024564077 -0.0197)   // 218
    (0 -0.024564077 -0.02)   // 219
    (0 -0.024564077 -0.025)   // 220
    (0 0.024564077 -0.00991373)   // 221
    (0 0.024564077 -0.010856743)   // 222
    (0 0.024564077 -0.0125)   // 223
    (0 0.024564077 -0.013872)   // 224
    (0 0.024564077 -0.016433)   // 225
    (0 0.024564077 -0.0197)   // 226
    (0 0.024564077 -0.02)   // 227
    (0 0.024564077 -0.025)   // 228
    (0 0.021947584 -0.0075)   // 229
    (0 0.021947584 -0.00991373)   // 230
    (0 0.021947584 -0.010856743)   // 231
    (0 0.021947584 -0.0125)   // 232
    (0 0.021947584 -0.013872)   // 233
    (0 0.021947584 -0.016433)   // 234
    (0 0.021947584 -0.0197)   // 235
    (0 0.021947584 -0.02)   // 236
    (0 0.021947584 -0.025)   // 237
    (0 0.027606685 -0.013872)   // 238
    (0 0.027606685 -0.016433)   // 239
    (0 0.027606685 -0.0197)   // 240
    (0 0.027606685 -0.02)   // 241
    (0 0.027606685 -0.025)   // 242
    (0 -0.026606728 -0.0125)   // 243
    (0 -0.026606728 -0.013872)   // 244
    (0 -0.026606728 -0.016433)   // 245
    (0 -0.026606728 -0.016543393)   // 246
    (0 -0.026606728 -0.0197)   // 247
    (0 -0.026606728 -0.02)   // 248
    (0 -0.026606728 -0.025)   // 249
    (0 -0.004315823 -0.013872)   // 250
    (0 -0.004315823 -0.0125)   // 251
    (0 -0.004315823 -0.010856743)   // 252
    (0 -0.004315823 -0.0075)   // 253
    (0 -0.004315823 -0.007382608)   // 254
    (0 -0.004667247 -0.007382608)   // 255
    (0 -0.004738676 -0.007382608)   // 256
    (0 -0.006781136 -0.007382608)   // 257
    (0 -0.007781 -0.007382608)   // 258
    (0 -0.02 -0.007382608)   // 259
    (0 -0.020274 -0.007382608)   // 260
    (0 -0.021947584 -0.007382608)   // 261
    (0 -0.024492641 -0.007382608)   // 262
    (0 -0.024492641 -0.0075)   // 263
    (0 -0.024492641 -0.010856743)   // 264
    (0 -0.024492641 -0.0125)   // 265
    (0 -0.024492641 -0.013872)   // 266
    (0 -0.024492641 -0.016433)   // 267
    (0 -0.024492641 -0.016543393)   // 268
    (0 -0.024492641 -0.0197)   // 269
    (0 -0.024492641 -0.02)   // 270
    (0 -0.024492641 -0.025)   // 271
    (0 -0.004315823 -0.0197)   // 272
    (0 -0.004315823 -0.016543393)   // 273
    (0 -0.000097 -0.016543393)   // 274
    (0 0.001465 -0.016543393)   // 275
    (0 0.008623 -0.016543393)   // 276
    (0 0.011665216 -0.016543393)   // 277
    (0 0.0125 -0.016543393)   // 278
    (0 0.02 -0.016543393)   // 279
    (0 0.020274 -0.016543393)   // 280
    (0 0.021947584 -0.016543393)   // 281
    (0 -0.004315823 -0.02)   // 282
    (0 -0.004315823 -0.025)   // 283
    (0 0.024564077 -0.016543393)   // 284
    (0 0.027606685 -0.016543393)   // 285
    (0 0.028441576 -0.016543393)   // 286
    (0 0.03 -0.016543393)   // 287
    (0 -0.00265852 -0.016433)   // 288
    (0 -0.00265852 -0.016543393)   // 289
    (0 -0.00265852 -0.0197)   // 290
    (0 -0.00265852 -0.02)   // 291
    (0 -0.00265852 -0.025)   // 292
    (0 -0.00265852 -0.0125)   // 293
    (0 -0.00265852 -0.010856743)   // 294
    (0 -0.00265852 -0.0075)   // 295
    (0 -0.00265852 -0.004659234)   // 296
    (0 -0.00301017 -0.004659234)   // 297
    (0 -0.004738676 -0.004659234)   // 298
    (0 -0.006781136 -0.004659234)   // 299
    (0 -0.007781 -0.004659234)   // 300
    (0 -0.02 -0.004659234)   // 301
    (0 -0.020274 -0.004659234)   // 302
    (0 -0.021947584 -0.004659234)   // 303
    (0 -0.02283541 -0.004659234)   // 304
    (0 -0.001770656 -0.013872)   // 305
    (0 -0.001770656 -0.016433)   // 306
    (0 -0.001770656 -0.016543393)   // 307
    (0 -0.001770656 -0.0197)   // 308
    (0 -0.001770656 -0.02)   // 309
    (0 -0.001770656 -0.025)   // 310
    (0 -0.000707253 -0.0125)   // 311
    (0 -0.000707253 -0.013872)   // 312
    (0 -0.000707253 -0.016433)   // 313
    (0 -0.000707253 -0.016543393)   // 314
    (0 -0.000707253 -0.0197)   // 315
    (0 -0.000707253 -0.02)   // 316
    (0 -0.000707253 -0.025)   // 317
    (0 0.010665388 -0.0125)   // 318
    (0 0.010665388 -0.013872)   // 319
    (0 0.010665388 -0.016433)   // 320
    (0 0.010665388 -0.016543393)   // 321
    (0 0.010665388 -0.0197)   // 322
    (0 0.010665388 -0.02)   // 323
    (0 0.010665388 -0.025)   // 324
    (0 0.026606728 -0.0125)   // 325
    (0 0.026606728 -0.013872)   // 326
    (0 0.026606728 -0.016433)   // 327
    (0 0.026606728 -0.016543393)   // 328
    (0 0.026606728 -0.0197)   // 329
    (0 0.026606728 -0.02)   // 330
    (0 0.026606728 -0.025)   // 331
    (0 -0.001770656 -0.004659234)   // 332
    (0 -0.000097 -0.004659234)   // 333
    (0 0.001465 -0.004659234)   // 334
    (0 0.008623 -0.004659234)   // 335
    (0 0.010091618 -0.004659234)   // 336
    (0 0.011665216 -0.004659234)   // 337
    (0 0.0125 -0.004659234)   // 338
    (0 0.02 -0.004659234)   // 339
    (0 0.020274 -0.004659234)   // 340
    (0 0.021947584 -0.004659234)   // 341
    (0 0.02283541 -0.004659234)   // 342
    (0 0.02283541 -0.0075)   // 343
    (0 0.02283541 -0.00991373)   // 344
    (0 0.02283541 -0.010856743)   // 345
    (0 0.02283541 -0.0125)   // 346
    (0 0.02283541 -0.013872)   // 347
    (0 0.02283541 -0.016433)   // 348
    (0 0.02283541 -0.016543393)   // 349
    (0 0.02283541 -0.0197)   // 350
    (0 0.02283541 -0.02)   // 351
    (0 0.02283541 -0.025)   // 352
    (0 -0.000707253 -0.0075)   // 353
    (0 -0.000707253 -0.00991373)   // 354
    (0 -0.001770656 -0.00991373)   // 355
    (0 -0.00265852 -0.00991373)   // 356
    (0 -0.000707253 -0.004659234)   // 357
    (0 -0.000707253 -0.003200246)   // 358
    (0 -0.000707253 -0.001452803)   // 359
    (0 -0.00105917 -0.001452803)   // 360
    (0 -0.002122428 -0.001452803)   // 361
    (0 -0.004738676 -0.001452803)   // 362
    (0 -0.006781136 -0.001452803)   // 363
    (0 -0.007781 -0.001452803)   // 364
    (0 -0.02 -0.001452803)   // 365
    (0 -0.020274 -0.001452803)   // 366
    (0 -0.020884227 -0.001452803)   // 367
    (0 -0.004315823 -0.00991373)   // 368
    (0 -0.004387261 -0.00991373)   // 369
    (0 -0.005856131 -0.00991373)   // 370
    (0 -0.006207346 -0.00991373)   // 371
    (0 -0.006781136 -0.00991373)   // 372
    (0 -0.007781 -0.00991373)   // 373
    (0 -0.02 -0.00991373)   // 374
    (0 -0.020274 -0.00991373)   // 375
    (0 -0.021947584 -0.00991373)   // 376
    (0 -0.024492641 -0.00991373)   // 377
    (0 -0.024564077 -0.00991373)   // 378
    (0 -0.026032884 -0.00991373)   // 379
    (0 -0.00105917 -0.00045)   // 380
    (0 -0.00105917 0)   // 381
    (0 -0.000097 -0.001452803)   // 382
    (0 0.001465 -0.001452803)   // 383
    (0 0.008623 -0.001452803)   // 384
    (0 0.010091618 -0.001452803)   // 385
    (0 0.011665216 -0.001452803)   // 386
    (0 0.0125 -0.001452803)   // 387
    (0 0.02 -0.001452803)   // 388
    (0 0.020274 -0.001452803)   // 389
    (0 0.020884227 -0.001452803)   // 390
    (0 -0.006207346 -0.0075)   // 391
    (0 -0.006207346 -0.007382608)   // 392
    (0 -0.006207346 -0.004659234)   // 393
    (0 -0.006207346 -0.003200246)   // 394
    (0 -0.006207346 -0.001452803)   // 395
    (0 -0.006207346 -0.00045)   // 396
    (0 -0.006207346 0)   // 397
    (0 -0.00301017 -0.003200246)   // 398
    (0 -0.00301017 -0.001452803)   // 399
    (0 -0.00301017 -0.00045)   // 400
    (0 -0.00301017 0)   // 401
    (0 -0.020884227 -0.003200246)   // 402
    (0 -0.020884227 -0.004659234)   // 403
    (0 -0.020884227 -0.007382608)   // 404
    (0 -0.020884227 -0.0075)   // 405
    (0 -0.020884227 -0.00991373)   // 406
    (0 -0.020884227 -0.010856743)   // 407
    (0 -0.020884227 -0.0125)   // 408
    (0 -0.020884227 -0.013872)   // 409
    (0 -0.020884227 -0.016433)   // 410
    (0 -0.020884227 -0.016543393)   // 411
    (0 -0.020884227 -0.0197)   // 412
    (0 -0.020884227 -0.02)   // 413
    (0 -0.020884227 -0.025)   // 414
    (0 0.020884227 -0.003200246)   // 415
    (0 0.020884227 -0.004659234)   // 416
    (0 0.020884227 -0.0075)   // 417
    (0 0.020884227 -0.00991373)   // 418
    (0 0.020884227 -0.010856743)   // 419
    (0 0.020884227 -0.0125)   // 420
    (0 0.020884227 -0.013872)   // 421
    (0 0.020884227 -0.016433)   // 422
    (0 0.020884227 -0.016543393)   // 423
    (0 0.020884227 -0.0197)   // 424
    (0 0.020884227 -0.02)   // 425
    (0 0.020884227 -0.025)   // 426
    (0 0.010091618 -0.010856743)   // 427
    (0 0.010091618 -0.0125)   // 428
    (0 0.010091618 -0.013872)   // 429
    (0 0.010091618 -0.016433)   // 430
    (0 0.010091618 -0.016543393)   // 431
    (0 0.010091618 -0.0197)   // 432
    (0 0.010091618 -0.02)   // 433
    (0 0.010091618 -0.025)   // 434
    (0 0.010665388 -0.00991373)   // 435
    (0 0.010665388 -0.0075)   // 436
    (0 0.010665388 -0.004659234)   // 437
    (0 0.010665388 -0.003200246)   // 438
    (0 0.010665388 -0.001452803)   // 439
    (0 0.010665388 -0.00045)   // 440
    (0 0.010665388 0)   // 441
    (0 0.026032884 -0.010856743)   // 442
    (0 0.026032884 -0.0125)   // 443
    (0 0.026032884 -0.013872)   // 444
    (0 0.026032884 -0.016433)   // 445
    (0 0.026032884 -0.016543393)   // 446
    (0 0.026032884 -0.0197)   // 447
    (0 0.026032884 -0.02)   // 448
    (0 0.026032884 -0.025)   // 449
    (0 -0.005856131 -0.010856743)   // 450
    (0 -0.005856131 -0.0125)   // 451
    (0 -0.005856131 -0.013872)   // 452
    (0 -0.005856131 -0.016433)   // 453
    (0 -0.005856131 -0.016543393)   // 454
    (0 -0.005856131 -0.018813211)   // 455
    (0 -0.005856131 -0.0197)   // 456
    (0 -0.005856131 -0.02)   // 457
    (0 -0.005856131 -0.025)   // 458
    (0 -0.00643 -0.018813211)   // 459
    (0 -0.00743 -0.018813211)   // 460
    (0 -0.007781 -0.018813211)   // 461
    (0 -0.02 -0.018813211)   // 462
    (0 -0.020274 -0.018813211)   // 463
    (0 -0.020884227 -0.018813211)   // 464
    (0 -0.021947584 -0.018813211)   // 465
    (0 -0.024492641 -0.018813211)   // 466
    (0 -0.024564077 -0.018813211)   // 467
    (0 -0.026606728 -0.018813211)   // 468
    (0 -0.027606685 -0.018813211)   // 469
    (0 -0.028441576 -0.018813211)   // 470
    (0 -0.03 -0.018813211)   // 471
    (0 -0.004387261 -0.018813211)   // 472
    (0 -0.004315823 -0.018813211)   // 473
    (0 -0.00265852 -0.018813211)   // 474
    (0 -0.001770656 -0.018813211)   // 475
    (0 -0.000707253 -0.018813211)   // 476
    (0 -0.000097 -0.018813211)   // 477
    (0 0.001465 -0.018813211)   // 478
    (0 0.008623 -0.018813211)   // 479
    (0 0.010091618 -0.018813211)   // 480
    (0 0.010665388 -0.018813211)   // 481
    (0 0.011665216 -0.018813211)   // 482
    (0 0.0125 -0.018813211)   // 483
    (0 0.02 -0.018813211)   // 484
    (0 0.020274 -0.018813211)   // 485
    (0 0.020884227 -0.018813211)   // 486
    (0 0.021947584 -0.018813211)   // 487
    (0 0.02283541 -0.018813211)   // 488
    (0 0.024564077 -0.018813211)   // 489
    (0 0.026032884 -0.018813211)   // 490
    (0 0.026606728 -0.018813211)   // 491
    (0 0.027606685 -0.018813211)   // 492
    (0 0.028441576 -0.018813211)   // 493
    (0 0.03 -0.018813211)   // 494
    (0 -0.026032884 -0.010856743)   // 495
    (0 -0.026032884 -0.0125)   // 496
    (0 -0.026032884 -0.013872)   // 497
    (0 -0.026032884 -0.016433)   // 498
    (0 -0.026032884 -0.016543393)   // 499
    (0 -0.026032884 -0.018813211)   // 500
    (0 -0.026032884 -0.0197)   // 501
    (0 -0.026032884 -0.02)   // 502
    (0 -0.026032884 -0.025)   // 503
    (0 -0.00265852 -0.007382608)   // 504
    (0 -0.001770656 -0.007382608)   // 505
    (0 -0.000707253 -0.007382608)   // 506
    (0 -0.000097 -0.007382608)   // 507
    (0 0.001465 -0.007382608)   // 508
    (0 0.008623 -0.007382608)   // 509
    (0 0.010091618 -0.007382608)   // 510
    (0 0.010665388 -0.007382608)   // 511
    (0 0.011665216 -0.007382608)   // 512
    (0 0.0125 -0.007382608)   // 513
    (0 0.02 -0.007382608)   // 514
    (0 0.020274 -0.007382608)   // 515
    (0 0.020884227 -0.007382608)   // 516
    (0 0.021947584 -0.007382608)   // 517
    (0 0.02283541 -0.007382608)   // 518
    (0 0.024492641 -0.007382608)   // 519
    (0 0.024492641 -0.0075)   // 520
    (0 0.024492641 -0.00991373)   // 521
    (0 0.024492641 -0.010856743)   // 522
    (0 0.024492641 -0.0125)   // 523
    (0 0.024492641 -0.013872)   // 524
    (0 0.024492641 -0.016433)   // 525
    (0 0.024492641 -0.016543393)   // 526
    (0 0.024492641 -0.018813211)   // 527
    (0 0.024492641 -0.0197)   // 528
    (0 0.024492641 -0.02)   // 529
    (0 0.024492641 -0.025)   // 530
    (0 -0.004667247 -0.004659234)   // 531
    (0 -0.004667247 -0.003200246)   // 532
    (0 -0.004667247 -0.001452803)   // 533
    (0 -0.004667247 -0.00045)   // 534
    (0 -0.004667247 0)   // 535
    (0 -0.02283541 -0.007382608)   // 536
    (0 -0.02283541 -0.0075)   // 537
    (0 -0.02283541 -0.00991373)   // 538
    (0 -0.02283541 -0.010856743)   // 539
    (0 -0.02283541 -0.0125)   // 540
    (0 -0.02283541 -0.013872)   // 541
    (0 -0.02283541 -0.016433)   // 542
    (0 -0.02283541 -0.016543393)   // 543
    (0 -0.02283541 -0.018813211)   // 544
    (0 -0.02283541 -0.0197)   // 545
    (0 -0.02283541 -0.02)   // 546
    (0 -0.02283541 -0.025)   // 547
    (0.01 -0.03 -0.025)   // 548
    (0.01 0.03 -0.025)   // 549
    (0.01 0.03 -0.016433)   // 550
    (0.01 0.020274 -0.00045)   // 551
    (0.01 0.02 0)   // 552
    (0.01 -0.02 0)   // 553
    (0.01 -0.020274 -0.00045)   // 554
    (0.01 -0.03 -0.016433)   // 555
    (0.01 -0.000449 -0.00045)   // 556
    (0.01 -0.007781 -0.0125)   // 557
    (0.01 -0.007781 -0.02)   // 558
    (0.01 0.0125 -0.02)   // 559
    (0.01 0.0125 -0.013872)   // 560
    (0.01 0.008623 -0.0075)   // 561
    (0.01 0.001465 -0.0075)   // 562
    (0.01 -0.00643 -0.0197)   // 563
    (0.01 -0.00743 -0.0197)   // 564
    (0.01 -0.00743 -0.0125)   // 565
    (0.01 -0.000097 -0.00045)   // 566
    (0.01 -0.000449 0)   // 567
    (0.01 -0.000097 0)   // 568
    (0.01 -0.004387261 -0.0075)   // 569
    (0.01 0.001465 -0.00045)   // 570
    (0.01 0.001465 0)   // 571
    (0.01 -0.004738676 -0.0075)   // 572
    (0.01 -0.024564077 -0.0075)   // 573
    (0.01 0.024564077 -0.0075)   // 574
    (0.01 0.008623 -0.00045)   // 575
    (0.01 0.008623 0)   // 576
    (0.01 0.0125 -0.0075)   // 577
    (0.01 0.028441576 -0.013872)   // 578
    (0.01 0.0125 -0.00045)   // 579
    (0.01 0.0125 0)   // 580
    (0.01 0.0125 -0.025)   // 581
    (0.01 0.03 -0.02)   // 582
    (0.01 -0.03 -0.02)   // 583
    (0.01 -0.007781 -0.025)   // 584
    (0.01 -0.007781 -0.0075)   // 585
    (0.01 -0.007781 -0.00045)   // 586
    (0.01 -0.007781 0)   // 587
    (0.01 -0.027606685 -0.0125)   // 588
    (0.01 0.0125 -0.0197)   // 589
    (0.01 0.03 -0.0197)   // 590
    (0.01 -0.00643 -0.02)   // 591
    (0.01 -0.00643 -0.025)   // 592
    (0.01 -0.007781 -0.0197)   // 593
    (0.01 -0.03 -0.0197)   // 594
    (0.01 -0.00743 -0.02)   // 595
    (0.01 -0.00743 -0.025)   // 596
    (0.01 0.0125 -0.016433)   // 597
    (0.01 0.028441576 -0.016433)   // 598
    (0.01 0.028441576 -0.0197)   // 599
    (0.01 0.028441576 -0.02)   // 600
    (0.01 0.028441576 -0.025)   // 601
    (0.01 -0.004315823 -0.016433)   // 602
    (0.01 -0.00743 -0.016433)   // 603
    (0.01 -0.007781 -0.016433)   // 604
    (0.01 0.02 -0.00045)   // 605
    (0.01 0.02 -0.0075)   // 606
    (0.01 0.02 -0.013872)   // 607
    (0.01 0.02 -0.016433)   // 608
    (0.01 0.02 -0.0197)   // 609
    (0.01 0.02 -0.02)   // 610
    (0.01 0.02 -0.025)   // 611
    (0.01 0.020274 -0.0075)   // 612
    (0.01 0.020274 -0.013872)   // 613
    (0.01 0.020274 -0.016433)   // 614
    (0.01 0.020274 -0.0197)   // 615
    (0.01 0.020274 -0.02)   // 616
    (0.01 0.020274 -0.025)   // 617
    (0.01 -0.02 -0.00045)   // 618
    (0.01 -0.02 -0.0075)   // 619
    (0.01 -0.02 -0.0125)   // 620
    (0.01 -0.02 -0.016433)   // 621
    (0.01 -0.02 -0.0197)   // 622
    (0.01 -0.02 -0.02)   // 623
    (0.01 -0.02 -0.025)   // 624
    (0.01 -0.020274 -0.0075)   // 625
    (0.01 -0.020274 -0.0125)   // 626
    (0.01 -0.020274 -0.016433)   // 627
    (0.01 -0.020274 -0.0197)   // 628
    (0.01 -0.020274 -0.02)   // 629
    (0.01 -0.020274 -0.025)   // 630
    (0.01 -0.027606685 -0.016433)   // 631
    (0.01 -0.027606685 -0.0197)   // 632
    (0.01 -0.027606685 -0.02)   // 633
    (0.01 -0.027606685 -0.025)   // 634
    (0.01 -0.004738676 -0.00045)   // 635
    (0.01 -0.004738676 0)   // 636
    (0.01 -0.00265852 -0.013872)   // 637
    (0.01 0.008623 -0.013872)   // 638
    (0.01 0.008623 -0.016433)   // 639
    (0.01 -0.00743 -0.013872)   // 640
    (0.01 -0.007781 -0.013872)   // 641
    (0.01 -0.02 -0.013872)   // 642
    (0.01 0.008623 -0.0197)   // 643
    (0.01 0.008623 -0.02)   // 644
    (0.01 0.008623 -0.025)   // 645
    (0.01 -0.020274 -0.013872)   // 646
    (0.01 -0.027606685 -0.013872)   // 647
    (0.01 -0.028441576 -0.013872)   // 648
    (0.01 -0.028441576 -0.016433)   // 649
    (0.01 -0.028441576 -0.0197)   // 650
    (0.01 -0.028441576 -0.02)   // 651
    (0.01 -0.028441576 -0.025)   // 652
    (0.01 0.001465 -0.013872)   // 653
    (0.01 0.001465 -0.016433)   // 654
    (0.01 0.001465 -0.0197)   // 655
    (0.01 0.001465 -0.02)   // 656
    (0.01 0.001465 -0.025)   // 657
    (0.01 -0.004387261 -0.013872)   // 658
    (0.01 -0.004387261 -0.0125)   // 659
    (0.01 -0.001770656 -0.0125)   // 660
    (0.01 0.001465 -0.0125)   // 661
    (0.01 0.008623 -0.0125)   // 662
    (0.01 0.011665216 -0.0125)   // 663
    (0.01 0.0125 -0.0125)   // 664
    (0.01 0.02 -0.0125)   // 665
    (0.01 -0.004387261 -0.016433)   // 666
    (0.01 -0.004387261 -0.016543393)   // 667
    (0.01 -0.004387261 -0.0197)   // 668
    (0.01 -0.004387261 -0.02)   // 669
    (0.01 -0.004387261 -0.025)   // 670
    (0.01 0.020274 -0.0125)   // 671
    (0.01 0.027606685 -0.0125)   // 672
    (0.01 0.011665216 -0.013872)   // 673
    (0.01 0.011665216 -0.016433)   // 674
    (0.01 0.011665216 -0.0197)   // 675
    (0.01 0.011665216 -0.02)   // 676
    (0.01 0.011665216 -0.025)   // 677
    (0.01 0.011665216 -0.0075)   // 678
    (0.01 0.011665216 -0.00045)   // 679
    (0.01 0.011665216 0)   // 680
    (0.01 -0.001770656 -0.0075)   // 681
    (0.01 -0.001770656 -0.003200246)   // 682
    (0.01 -0.002122428 -0.003200246)   // 683
    (0.01 -0.004738676 -0.003200246)   // 684
    (0.01 -0.007781 -0.003200246)   // 685
    (0.01 -0.02 -0.003200246)   // 686
    (0.01 -0.020274 -0.003200246)   // 687
    (0.01 -0.021947584 -0.003200246)   // 688
    (0.01 -0.002122428 -0.00045)   // 689
    (0.01 -0.002122428 0)   // 690
    (0.01 -0.000097 -0.0075)   // 691
    (0.01 -0.000097 -0.003200246)   // 692
    (0.01 0.001465 -0.003200246)   // 693
    (0.01 0.008623 -0.003200246)   // 694
    (0.01 0.011665216 -0.003200246)   // 695
    (0.01 -0.000097 -0.00991373)   // 696
    (0.01 -0.000097 -0.0125)   // 697
    (0.01 0.0125 -0.003200246)   // 698
    (0.01 0.02 -0.003200246)   // 699
    (0.01 0.020274 -0.003200246)   // 700
    (0.01 0.021947584 -0.003200246)   // 701
    (0.01 -0.000097 -0.013872)   // 702
    (0.01 -0.000097 -0.016433)   // 703
    (0.01 -0.000097 -0.0197)   // 704
    (0.01 -0.000097 -0.02)   // 705
    (0.01 -0.000097 -0.025)   // 706
    (0.01 0.001465 -0.00991373)   // 707
    (0.01 0.008623 -0.00991373)   // 708
    (0.01 0.010091618 -0.00991373)   // 709
    (0.01 0.011665216 -0.00991373)   // 710
    (0.01 0.0125 -0.00991373)   // 711
    (0.01 0.02 -0.00991373)   // 712
    (0.01 0.020274 -0.00991373)   // 713
    (0.01 0.026032884 -0.00991373)   // 714
    (0.01 0.010091618 -0.0075)   // 715
    (0.01 0.010091618 -0.003200246)   // 716
    (0.01 0.010091618 -0.00045)   // 717
    (0.01 0.010091618 0)   // 718
    (0.01 -0.00643 -0.016433)   // 719
    (0.01 -0.00643 -0.016543393)   // 720
    (0.01 -0.00743 -0.016543393)   // 721
    (0.01 -0.007781 -0.016543393)   // 722
    (0.01 -0.02 -0.016543393)   // 723
    (0.01 -0.00643 -0.013872)   // 724
    (0.01 -0.00643 -0.0125)   // 725
    (0.01 -0.00643 -0.010856743)   // 726
    (0.01 -0.006781136 -0.010856743)   // 727
    (0.01 -0.007781 -0.010856743)   // 728
    (0.01 -0.02 -0.010856743)   // 729
    (0.01 -0.020274 -0.010856743)   // 730
    (0.01 -0.026606728 -0.010856743)   // 731
    (0.01 -0.020274 -0.016543393)   // 732
    (0.01 -0.027606685 -0.016543393)   // 733
    (0.01 -0.028441576 -0.016543393)   // 734
    (0.01 -0.03 -0.016543393)   // 735
    (0.01 -0.004387261 -0.010856743)   // 736
    (0.01 -0.001770656 -0.010856743)   // 737
    (0.01 -0.000707253 -0.010856743)   // 738
    (0.01 -0.000097 -0.010856743)   // 739
    (0.01 0.001465 -0.010856743)   // 740
    (0.01 0.008623 -0.010856743)   // 741
    (0.01 0.010665388 -0.010856743)   // 742
    (0.01 0.011665216 -0.010856743)   // 743
    (0.01 0.0125 -0.010856743)   // 744
    (0.01 0.02 -0.010856743)   // 745
    (0.01 0.020274 -0.010856743)   // 746
    (0.01 0.026606728 -0.010856743)   // 747
    (0.01 -0.006781136 -0.0075)   // 748
    (0.01 -0.006781136 -0.003200246)   // 749
    (0.01 -0.006781136 -0.00045)   // 750
    (0.01 -0.006781136 0)   // 751
    (0.01 -0.021947584 -0.0075)   // 752
    (0.01 -0.021947584 -0.010856743)   // 753
    (0.01 -0.021947584 -0.0125)   // 754
    (0.01 -0.021947584 -0.013872)   // 755
    (0.01 -0.021947584 -0.016433)   // 756
    (0.01 -0.021947584 -0.016543393)   // 757
    (0.01 -0.021947584 -0.0197)   // 758
    (0.01 -0.021947584 -0.02)   // 759
    (0.01 -0.021947584 -0.025)   // 760
    (0.01 -0.024564077 -0.010856743)   // 761
    (0.01 -0.024564077 -0.0125)   // 762
    (0.01 -0.024564077 -0.013872)   // 763
    (0.01 -0.024564077 -0.016433)   // 764
    (0.01 -0.024564077 -0.016543393)   // 765
    (0.01 -0.024564077 -0.0197)   // 766
    (0.01 -0.024564077 -0.02)   // 767
    (0.01 -0.024564077 -0.025)   // 768
    (0.01 0.024564077 -0.00991373)   // 769
    (0.01 0.024564077 -0.010856743)   // 770
    (0.01 0.024564077 -0.0125)   // 771
    (0.01 0.024564077 -0.013872)   // 772
    (0.01 0.024564077 -0.016433)   // 773
    (0.01 0.024564077 -0.0197)   // 774
    (0.01 0.024564077 -0.02)   // 775
    (0.01 0.024564077 -0.025)   // 776
    (0.01 0.021947584 -0.0075)   // 777
    (0.01 0.021947584 -0.00991373)   // 778
    (0.01 0.021947584 -0.010856743)   // 779
    (0.01 0.021947584 -0.0125)   // 780
    (0.01 0.021947584 -0.013872)   // 781
    (0.01 0.021947584 -0.016433)   // 782
    (0.01 0.021947584 -0.0197)   // 783
    (0.01 0.021947584 -0.02)   // 784
    (0.01 0.021947584 -0.025)   // 785
    (0.01 0.027606685 -0.013872)   // 786
    (0.01 0.027606685 -0.016433)   // 787
    (0.01 0.027606685 -0.0197)   // 788
    (0.01 0.027606685 -0.02)   // 789
    (0.01 0.027606685 -0.025)   // 790
    (0.01 -0.026606728 -0.0125)   // 791
    (0.01 -0.026606728 -0.013872)   // 792
    (0.01 -0.026606728 -0.016433)   // 793
    (0.01 -0.026606728 -0.016543393)   // 794
    (0.01 -0.026606728 -0.0197)   // 795
    (0.01 -0.026606728 -0.02)   // 796
    (0.01 -0.026606728 -0.025)   // 797
    (0.01 -0.004315823 -0.013872)   // 798
    (0.01 -0.004315823 -0.0125)   // 799
    (0.01 -0.004315823 -0.010856743)   // 800
    (0.01 -0.004315823 -0.0075)   // 801
    (0.01 -0.004315823 -0.007382608)   // 802
    (0.01 -0.004667247 -0.007382608)   // 803
    (0.01 -0.004738676 -0.007382608)   // 804
    (0.01 -0.006781136 -0.007382608)   // 805
    (0.01 -0.007781 -0.007382608)   // 806
    (0.01 -0.02 -0.007382608)   // 807
    (0.01 -0.020274 -0.007382608)   // 808
    (0.01 -0.021947584 -0.007382608)   // 809
    (0.01 -0.024492641 -0.007382608)   // 810
    (0.01 -0.024492641 -0.0075)   // 811
    (0.01 -0.024492641 -0.010856743)   // 812
    (0.01 -0.024492641 -0.0125)   // 813
    (0.01 -0.024492641 -0.013872)   // 814
    (0.01 -0.024492641 -0.016433)   // 815
    (0.01 -0.024492641 -0.016543393)   // 816
    (0.01 -0.024492641 -0.0197)   // 817
    (0.01 -0.024492641 -0.02)   // 818
    (0.01 -0.024492641 -0.025)   // 819
    (0.01 -0.004315823 -0.0197)   // 820
    (0.01 -0.004315823 -0.016543393)   // 821
    (0.01 -0.000097 -0.016543393)   // 822
    (0.01 0.001465 -0.016543393)   // 823
    (0.01 0.008623 -0.016543393)   // 824
    (0.01 0.011665216 -0.016543393)   // 825
    (0.01 0.0125 -0.016543393)   // 826
    (0.01 0.02 -0.016543393)   // 827
    (0.01 0.020274 -0.016543393)   // 828
    (0.01 0.021947584 -0.016543393)   // 829
    (0.01 -0.004315823 -0.02)   // 830
    (0.01 -0.004315823 -0.025)   // 831
    (0.01 0.024564077 -0.016543393)   // 832
    (0.01 0.027606685 -0.016543393)   // 833
    (0.01 0.028441576 -0.016543393)   // 834
    (0.01 0.03 -0.016543393)   // 835
    (0.01 -0.00265852 -0.016433)   // 836
    (0.01 -0.00265852 -0.016543393)   // 837
    (0.01 -0.00265852 -0.0197)   // 838
    (0.01 -0.00265852 -0.02)   // 839
    (0.01 -0.00265852 -0.025)   // 840
    (0.01 -0.00265852 -0.0125)   // 841
    (0.01 -0.00265852 -0.010856743)   // 842
    (0.01 -0.00265852 -0.0075)   // 843
    (0.01 -0.00265852 -0.004659234)   // 844
    (0.01 -0.00301017 -0.004659234)   // 845
    (0.01 -0.004738676 -0.004659234)   // 846
    (0.01 -0.006781136 -0.004659234)   // 847
    (0.01 -0.007781 -0.004659234)   // 848
    (0.01 -0.02 -0.004659234)   // 849
    (0.01 -0.020274 -0.004659234)   // 850
    (0.01 -0.021947584 -0.004659234)   // 851
    (0.01 -0.02283541 -0.004659234)   // 852
    (0.01 -0.001770656 -0.013872)   // 853
    (0.01 -0.001770656 -0.016433)   // 854
    (0.01 -0.001770656 -0.016543393)   // 855
    (0.01 -0.001770656 -0.0197)   // 856
    (0.01 -0.001770656 -0.02)   // 857
    (0.01 -0.001770656 -0.025)   // 858
    (0.01 -0.000707253 -0.0125)   // 859
    (0.01 -0.000707253 -0.013872)   // 860
    (0.01 -0.000707253 -0.016433)   // 861
    (0.01 -0.000707253 -0.016543393)   // 862
    (0.01 -0.000707253 -0.0197)   // 863
    (0.01 -0.000707253 -0.02)   // 864
    (0.01 -0.000707253 -0.025)   // 865
    (0.01 0.010665388 -0.0125)   // 866
    (0.01 0.010665388 -0.013872)   // 867
    (0.01 0.010665388 -0.016433)   // 868
    (0.01 0.010665388 -0.016543393)   // 869
    (0.01 0.010665388 -0.0197)   // 870
    (0.01 0.010665388 -0.02)   // 871
    (0.01 0.010665388 -0.025)   // 872
    (0.01 0.026606728 -0.0125)   // 873
    (0.01 0.026606728 -0.013872)   // 874
    (0.01 0.026606728 -0.016433)   // 875
    (0.01 0.026606728 -0.016543393)   // 876
    (0.01 0.026606728 -0.0197)   // 877
    (0.01 0.026606728 -0.02)   // 878
    (0.01 0.026606728 -0.025)   // 879
    (0.01 -0.001770656 -0.004659234)   // 880
    (0.01 -0.000097 -0.004659234)   // 881
    (0.01 0.001465 -0.004659234)   // 882
    (0.01 0.008623 -0.004659234)   // 883
    (0.01 0.010091618 -0.004659234)   // 884
    (0.01 0.011665216 -0.004659234)   // 885
    (0.01 0.0125 -0.004659234)   // 886
    (0.01 0.02 -0.004659234)   // 887
    (0.01 0.020274 -0.004659234)   // 888
    (0.01 0.021947584 -0.004659234)   // 889
    (0.01 0.02283541 -0.004659234)   // 890
    (0.01 0.02283541 -0.0075)   // 891
    (0.01 0.02283541 -0.00991373)   // 892
    (0.01 0.02283541 -0.010856743)   // 893
    (0.01 0.02283541 -0.0125)   // 894
    (0.01 0.02283541 -0.013872)   // 895
    (0.01 0.02283541 -0.016433)   // 896
    (0.01 0.02283541 -0.016543393)   // 897
    (0.01 0.02283541 -0.0197)   // 898
    (0.01 0.02283541 -0.02)   // 899
    (0.01 0.02283541 -0.025)   // 900
    (0.01 -0.000707253 -0.0075)   // 901
    (0.01 -0.000707253 -0.00991373)   // 902
    (0.01 -0.001770656 -0.00991373)   // 903
    (0.01 -0.00265852 -0.00991373)   // 904
    (0.01 -0.000707253 -0.004659234)   // 905
    (0.01 -0.000707253 -0.003200246)   // 906
    (0.01 -0.000707253 -0.001452803)   // 907
    (0.01 -0.00105917 -0.001452803)   // 908
    (0.01 -0.002122428 -0.001452803)   // 909
    (0.01 -0.004738676 -0.001452803)   // 910
    (0.01 -0.006781136 -0.001452803)   // 911
    (0.01 -0.007781 -0.001452803)   // 912
    (0.01 -0.02 -0.001452803)   // 913
    (0.01 -0.020274 -0.001452803)   // 914
    (0.01 -0.020884227 -0.001452803)   // 915
    (0.01 -0.004315823 -0.00991373)   // 916
    (0.01 -0.004387261 -0.00991373)   // 917
    (0.01 -0.005856131 -0.00991373)   // 918
    (0.01 -0.006207346 -0.00991373)   // 919
    (0.01 -0.006781136 -0.00991373)   // 920
    (0.01 -0.007781 -0.00991373)   // 921
    (0.01 -0.02 -0.00991373)   // 922
    (0.01 -0.020274 -0.00991373)   // 923
    (0.01 -0.021947584 -0.00991373)   // 924
    (0.01 -0.024492641 -0.00991373)   // 925
    (0.01 -0.024564077 -0.00991373)   // 926
    (0.01 -0.026032884 -0.00991373)   // 927
    (0.01 -0.00105917 -0.00045)   // 928
    (0.01 -0.00105917 0)   // 929
    (0.01 -0.000097 -0.001452803)   // 930
    (0.01 0.001465 -0.001452803)   // 931
    (0.01 0.008623 -0.001452803)   // 932
    (0.01 0.010091618 -0.001452803)   // 933
    (0.01 0.011665216 -0.001452803)   // 934
    (0.01 0.0125 -0.001452803)   // 935
    (0.01 0.02 -0.001452803)   // 936
    (0.01 0.020274 -0.001452803)   // 937
    (0.01 0.020884227 -0.001452803)   // 938
    (0.01 -0.006207346 -0.0075)   // 939
    (0.01 -0.006207346 -0.007382608)   // 940
    (0.01 -0.006207346 -0.004659234)   // 941
    (0.01 -0.006207346 -0.003200246)   // 942
    (0.01 -0.006207346 -0.001452803)   // 943
    (0.01 -0.006207346 -0.00045)   // 944
    (0.01 -0.006207346 0)   // 945
    (0.01 -0.00301017 -0.003200246)   // 946
    (0.01 -0.00301017 -0.001452803)   // 947
    (0.01 -0.00301017 -0.00045)   // 948
    (0.01 -0.00301017 0)   // 949
    (0.01 -0.020884227 -0.003200246)   // 950
    (0.01 -0.020884227 -0.004659234)   // 951
    (0.01 -0.020884227 -0.007382608)   // 952
    (0.01 -0.020884227 -0.0075)   // 953
    (0.01 -0.020884227 -0.00991373)   // 954
    (0.01 -0.020884227 -0.010856743)   // 955
    (0.01 -0.020884227 -0.0125)   // 956
    (0.01 -0.020884227 -0.013872)   // 957
    (0.01 -0.020884227 -0.016433)   // 958
    (0.01 -0.020884227 -0.016543393)   // 959
    (0.01 -0.020884227 -0.0197)   // 960
    (0.01 -0.020884227 -0.02)   // 961
    (0.01 -0.020884227 -0.025)   // 962
    (0.01 0.020884227 -0.003200246)   // 963
    (0.01 0.020884227 -0.004659234)   // 964
    (0.01 0.020884227 -0.0075)   // 965
    (0.01 0.020884227 -0.00991373)   // 966
    (0.01 0.020884227 -0.010856743)   // 967
    (0.01 0.020884227 -0.0125)   // 968
    (0.01 0.020884227 -0.013872)   // 969
    (0.01 0.020884227 -0.016433)   // 970
    (0.01 0.020884227 -0.016543393)   // 971
    (0.01 0.020884227 -0.0197)   // 972
    (0.01 0.020884227 -0.02)   // 973
    (0.01 0.020884227 -0.025)   // 974
    (0.01 0.010091618 -0.010856743)   // 975
    (0.01 0.010091618 -0.0125)   // 976
    (0.01 0.010091618 -0.013872)   // 977
    (0.01 0.010091618 -0.016433)   // 978
    (0.01 0.010091618 -0.016543393)   // 979
    (0.01 0.010091618 -0.0197)   // 980
    (0.01 0.010091618 -0.02)   // 981
    (0.01 0.010091618 -0.025)   // 982
    (0.01 0.010665388 -0.00991373)   // 983
    (0.01 0.010665388 -0.0075)   // 984
    (0.01 0.010665388 -0.004659234)   // 985
    (0.01 0.010665388 -0.003200246)   // 986
    (0.01 0.010665388 -0.001452803)   // 987
    (0.01 0.010665388 -0.00045)   // 988
    (0.01 0.010665388 0)   // 989
    (0.01 0.026032884 -0.010856743)   // 990
    (0.01 0.026032884 -0.0125)   // 991
    (0.01 0.026032884 -0.013872)   // 992
    (0.01 0.026032884 -0.016433)   // 993
    (0.01 0.026032884 -0.016543393)   // 994
    (0.01 0.026032884 -0.0197)   // 995
    (0.01 0.026032884 -0.02)   // 996
    (0.01 0.026032884 -0.025)   // 997
    (0.01 -0.005856131 -0.010856743)   // 998
    (0.01 -0.005856131 -0.0125)   // 999
    (0.01 -0.005856131 -0.013872)   // 1000
    (0.01 -0.005856131 -0.016433)   // 1001
    (0.01 -0.005856131 -0.016543393)   // 1002
    (0.01 -0.005856131 -0.018813211)   // 1003
    (0.01 -0.005856131 -0.0197)   // 1004
    (0.01 -0.005856131 -0.02)   // 1005
    (0.01 -0.005856131 -0.025)   // 1006
    (0.01 -0.00643 -0.018813211)   // 1007
    (0.01 -0.00743 -0.018813211)   // 1008
    (0.01 -0.007781 -0.018813211)   // 1009
    (0.01 -0.02 -0.018813211)   // 1010
    (0.01 -0.020274 -0.018813211)   // 1011
    (0.01 -0.020884227 -0.018813211)   // 1012
    (0.01 -0.021947584 -0.018813211)   // 1013
    (0.01 -0.024492641 -0.018813211)   // 1014
    (0.01 -0.024564077 -0.018813211)   // 1015
    (0.01 -0.026606728 -0.018813211)   // 1016
    (0.01 -0.027606685 -0.018813211)   // 1017
    (0.01 -0.028441576 -0.018813211)   // 1018
    (0.01 -0.03 -0.018813211)   // 1019
    (0.01 -0.004387261 -0.018813211)   // 1020
    (0.01 -0.004315823 -0.018813211)   // 1021
    (0.01 -0.00265852 -0.018813211)   // 1022
    (0.01 -0.001770656 -0.018813211)   // 1023
    (0.01 -0.000707253 -0.018813211)   // 1024
    (0.01 -0.000097 -0.018813211)   // 1025
    (0.01 0.001465 -0.018813211)   // 1026
    (0.01 0.008623 -0.018813211)   // 1027
    (0.01 0.010091618 -0.018813211)   // 1028
    (0.01 0.010665388 -0.018813211)   // 1029
    (0.01 0.011665216 -0.018813211)   // 1030
    (0.01 0.0125 -0.018813211)   // 1031
    (0.01 0.02 -0.018813211)   // 1032
    (0.01 0.020274 -0.018813211)   // 1033
    (0.01 0.020884227 -0.018813211)   // 1034
    (0.01 0.021947584 -0.018813211)   // 1035
    (0.01 0.02283541 -0.018813211)   // 1036
    (0.01 0.024564077 -0.018813211)   // 1037
    (0.01 0.026032884 -0.018813211)   // 1038
    (0.01 0.026606728 -0.018813211)   // 1039
    (0.01 0.027606685 -0.018813211)   // 1040
    (0.01 0.028441576 -0.018813211)   // 1041
    (0.01 0.03 -0.018813211)   // 1042
    (0.01 -0.026032884 -0.010856743)   // 1043
    (0.01 -0.026032884 -0.0125)   // 1044
    (0.01 -0.026032884 -0.013872)   // 1045
    (0.01 -0.026032884 -0.016433)   // 1046
    (0.01 -0.026032884 -0.016543393)   // 1047
    (0.01 -0.026032884 -0.018813211)   // 1048
    (0.01 -0.026032884 -0.0197)   // 1049
    (0.01 -0.026032884 -0.02)   // 1050
    (0.01 -0.026032884 -0.025)   // 1051
    (0.01 -0.00265852 -0.007382608)   // 1052
    (0.01 -0.001770656 -0.007382608)   // 1053
    (0.01 -0.000707253 -0.007382608)   // 1054
    (0.01 -0.000097 -0.007382608)   // 1055
    (0.01 0.001465 -0.007382608)   // 1056
    (0.01 0.008623 -0.007382608)   // 1057
    (0.01 0.010091618 -0.007382608)   // 1058
    (0.01 0.010665388 -0.007382608)   // 1059
    (0.01 0.011665216 -0.007382608)   // 1060
    (0.01 0.0125 -0.007382608)   // 1061
    (0.01 0.02 -0.007382608)   // 1062
    (0.01 0.020274 -0.007382608)   // 1063
    (0.01 0.020884227 -0.007382608)   // 1064
    (0.01 0.021947584 -0.007382608)   // 1065
    (0.01 0.02283541 -0.007382608)   // 1066
    (0.01 0.024492641 -0.007382608)   // 1067
    (0.01 0.024492641 -0.0075)   // 1068
    (0.01 0.024492641 -0.00991373)   // 1069
    (0.01 0.024492641 -0.010856743)   // 1070
    (0.01 0.024492641 -0.0125)   // 1071
    (0.01 0.024492641 -0.013872)   // 1072
    (0.01 0.024492641 -0.016433)   // 1073
    (0.01 0.024492641 -0.016543393)   // 1074
    (0.01 0.024492641 -0.018813211)   // 1075
    (0.01 0.024492641 -0.0197)   // 1076
    (0.01 0.024492641 -0.02)   // 1077
    (0.01 0.024492641 -0.025)   // 1078
    (0.01 -0.004667247 -0.004659234)   // 1079
    (0.01 -0.004667247 -0.003200246)   // 1080
    (0.01 -0.004667247 -0.001452803)   // 1081
    (0.01 -0.004667247 -0.00045)   // 1082
    (0.01 -0.004667247 0)   // 1083
    (0.01 -0.02283541 -0.007382608)   // 1084
    (0.01 -0.02283541 -0.0075)   // 1085
    (0.01 -0.02283541 -0.00991373)   // 1086
    (0.01 -0.02283541 -0.010856743)   // 1087
    (0.01 -0.02283541 -0.0125)   // 1088
    (0.01 -0.02283541 -0.013872)   // 1089
    (0.01 -0.02283541 -0.016433)   // 1090
    (0.01 -0.02283541 -0.016543393)   // 1091
    (0.01 -0.02283541 -0.018813211)   // 1092
    (0.01 -0.02283541 -0.0197)   // 1093
    (0.01 -0.02283541 -0.02)   // 1094
    (0.01 -0.02283541 -0.025)   // 1095
    (0.018 -0.03 -0.025)   // 1096
    (0.018 0.03 -0.025)   // 1097
    (0.018 0.03 -0.016433)   // 1098
    (0.018 0.020274 -0.00045)   // 1099
    (0.018 0.02 0)   // 1100
    (0.018 -0.02 0)   // 1101
    (0.018 -0.020274 -0.00045)   // 1102
    (0.018 -0.03 -0.016433)   // 1103
    (0.018 -0.000449 -0.00045)   // 1104
    (0.018 -0.007781 -0.0125)   // 1105
    (0.018 -0.007781 -0.02)   // 1106
    (0.018 0.0125 -0.02)   // 1107
    (0.018 0.0125 -0.013872)   // 1108
    (0.018 0.008623 -0.0075)   // 1109
    (0.018 0.001465 -0.0075)   // 1110
    (0.018 -0.00643 -0.0197)   // 1111
    (0.018 -0.00743 -0.0197)   // 1112
    (0.018 -0.00743 -0.0125)   // 1113
    (0.018 -0.000097 -0.00045)   // 1114
    (0.018 -0.000449 0)   // 1115
    (0.018 -0.000097 0)   // 1116
    (0.018 -0.004387261 -0.0075)   // 1117
    (0.018 0.001465 -0.00045)   // 1118
    (0.018 0.001465 0)   // 1119
    (0.018 -0.004738676 -0.0075)   // 1120
    (0.018 -0.024564077 -0.0075)   // 1121
    (0.018 0.024564077 -0.0075)   // 1122
    (0.018 0.008623 -0.00045)   // 1123
    (0.018 0.008623 0)   // 1124
    (0.018 0.0125 -0.0075)   // 1125
    (0.018 0.028441576 -0.013872)   // 1126
    (0.018 0.0125 -0.00045)   // 1127
    (0.018 0.0125 0)   // 1128
    (0.018 0.0125 -0.025)   // 1129
    (0.018 0.03 -0.02)   // 1130
    (0.018 -0.03 -0.02)   // 1131
    (0.018 -0.007781 -0.025)   // 1132
    (0.018 -0.007781 -0.0075)   // 1133
    (0.018 -0.007781 -0.00045)   // 1134
    (0.018 -0.007781 0)   // 1135
    (0.018 -0.027606685 -0.0125)   // 1136
    (0.018 0.0125 -0.0197)   // 1137
    (0.018 0.03 -0.0197)   // 1138
    (0.018 -0.00643 -0.02)   // 1139
    (0.018 -0.00643 -0.025)   // 1140
    (0.018 -0.007781 -0.0197)   // 1141
    (0.018 -0.03 -0.0197)   // 1142
    (0.018 -0.00743 -0.02)   // 1143
    (0.018 -0.00743 -0.025)   // 1144
    (0.018 0.0125 -0.016433)   // 1145
    (0.018 0.028441576 -0.016433)   // 1146
    (0.018 0.028441576 -0.0197)   // 1147
    (0.018 0.028441576 -0.02)   // 1148
    (0.018 0.028441576 -0.025)   // 1149
    (0.018 -0.004315823 -0.016433)   // 1150
    (0.018 -0.00743 -0.016433)   // 1151
    (0.018 -0.007781 -0.016433)   // 1152
    (0.018 0.02 -0.00045)   // 1153
    (0.018 0.02 -0.0075)   // 1154
    (0.018 0.02 -0.013872)   // 1155
    (0.018 0.02 -0.016433)   // 1156
    (0.018 0.02 -0.0197)   // 1157
    (0.018 0.02 -0.02)   // 1158
    (0.018 0.02 -0.025)   // 1159
    (0.018 0.020274 -0.0075)   // 1160
    (0.018 0.020274 -0.013872)   // 1161
    (0.018 0.020274 -0.016433)   // 1162
    (0.018 0.020274 -0.0197)   // 1163
    (0.018 0.020274 -0.02)   // 1164
    (0.018 0.020274 -0.025)   // 1165
    (0.018 -0.02 -0.00045)   // 1166
    (0.018 -0.02 -0.0075)   // 1167
    (0.018 -0.02 -0.0125)   // 1168
    (0.018 -0.02 -0.016433)   // 1169
    (0.018 -0.02 -0.0197)   // 1170
    (0.018 -0.02 -0.02)   // 1171
    (0.018 -0.02 -0.025)   // 1172
    (0.018 -0.020274 -0.0075)   // 1173
    (0.018 -0.020274 -0.0125)   // 1174
    (0.018 -0.020274 -0.016433)   // 1175
    (0.018 -0.020274 -0.0197)   // 1176
    (0.018 -0.020274 -0.02)   // 1177
    (0.018 -0.020274 -0.025)   // 1178
    (0.018 -0.027606685 -0.016433)   // 1179
    (0.018 -0.027606685 -0.0197)   // 1180
    (0.018 -0.027606685 -0.02)   // 1181
    (0.018 -0.027606685 -0.025)   // 1182
    (0.018 -0.004738676 -0.00045)   // 1183
    (0.018 -0.004738676 0)   // 1184
    (0.018 -0.00265852 -0.013872)   // 1185
    (0.018 0.008623 -0.013872)   // 1186
    (0.018 0.008623 -0.016433)   // 1187
    (0.018 -0.00743 -0.013872)   // 1188
    (0.018 -0.007781 -0.013872)   // 1189
    (0.018 -0.02 -0.013872)   // 1190
    (0.018 0.008623 -0.0197)   // 1191
    (0.018 0.008623 -0.02)   // 1192
    (0.018 0.008623 -0.025)   // 1193
    (0.018 -0.020274 -0.013872)   // 1194
    (0.018 -0.027606685 -0.013872)   // 1195
    (0.018 -0.028441576 -0.013872)   // 1196
    (0.018 -0.028441576 -0.016433)   // 1197
    (0.018 -0.028441576 -0.0197)   // 1198
    (0.018 -0.028441576 -0.02)   // 1199
    (0.018 -0.028441576 -0.025)   // 1200
    (0.018 0.001465 -0.013872)   // 1201
    (0.018 0.001465 -0.016433)   // 1202
    (0.018 0.001465 -0.0197)   // 1203
    (0.018 0.001465 -0.02)   // 1204
    (0.018 0.001465 -0.025)   // 1205
    (0.018 -0.004387261 -0.013872)   // 1206
    (0.018 -0.004387261 -0.0125)   // 1207
    (0.018 -0.001770656 -0.0125)   // 1208
    (0.018 0.001465 -0.0125)   // 1209
    (0.018 0.008623 -0.0125)   // 1210
    (0.018 0.011665216 -0.0125)   // 1211
    (0.018 0.0125 -0.0125)   // 1212
    (0.018 0.02 -0.0125)   // 1213
    (0.018 -0.004387261 -0.016433)   // 1214
    (0.018 -0.004387261 -0.016543393)   // 1215
    (0.018 -0.004387261 -0.0197)   // 1216
    (0.018 -0.004387261 -0.02)   // 1217
    (0.018 -0.004387261 -0.025)   // 1218
    (0.018 0.020274 -0.0125)   // 1219
    (0.018 0.027606685 -0.0125)   // 1220
    (0.018 0.011665216 -0.013872)   // 1221
    (0.018 0.011665216 -0.016433)   // 1222
    (0.018 0.011665216 -0.0197)   // 1223
    (0.018 0.011665216 -0.02)   // 1224
    (0.018 0.011665216 -0.025)   // 1225
    (0.018 0.011665216 -0.0075)   // 1226
    (0.018 0.011665216 -0.00045)   // 1227
    (0.018 0.011665216 0)   // 1228
    (0.018 -0.001770656 -0.0075)   // 1229
    (0.018 -0.001770656 -0.003200246)   // 1230
    (0.018 -0.002122428 -0.003200246)   // 1231
    (0.018 -0.004738676 -0.003200246)   // 1232
    (0.018 -0.007781 -0.003200246)   // 1233
    (0.018 -0.02 -0.003200246)   // 1234
    (0.018 -0.020274 -0.003200246)   // 1235
    (0.018 -0.021947584 -0.003200246)   // 1236
    (0.018 -0.002122428 -0.00045)   // 1237
    (0.018 -0.002122428 0)   // 1238
    (0.018 -0.000097 -0.0075)   // 1239
    (0.018 -0.000097 -0.003200246)   // 1240
    (0.018 0.001465 -0.003200246)   // 1241
    (0.018 0.008623 -0.003200246)   // 1242
    (0.018 0.011665216 -0.003200246)   // 1243
    (0.018 -0.000097 -0.00991373)   // 1244
    (0.018 -0.000097 -0.0125)   // 1245
    (0.018 0.0125 -0.003200246)   // 1246
    (0.018 0.02 -0.003200246)   // 1247
    (0.018 0.020274 -0.003200246)   // 1248
    (0.018 0.021947584 -0.003200246)   // 1249
    (0.018 -0.000097 -0.013872)   // 1250
    (0.018 -0.000097 -0.016433)   // 1251
    (0.018 -0.000097 -0.0197)   // 1252
    (0.018 -0.000097 -0.02)   // 1253
    (0.018 -0.000097 -0.025)   // 1254
    (0.018 0.001465 -0.00991373)   // 1255
    (0.018 0.008623 -0.00991373)   // 1256
    (0.018 0.010091618 -0.00991373)   // 1257
    (0.018 0.011665216 -0.00991373)   // 1258
    (0.018 0.0125 -0.00991373)   // 1259
    (0.018 0.02 -0.00991373)   // 1260
    (0.018 0.020274 -0.00991373)   // 1261
    (0.018 0.026032884 -0.00991373)   // 1262
    (0.018 0.010091618 -0.0075)   // 1263
    (0.018 0.010091618 -0.003200246)   // 1264
    (0.018 0.010091618 -0.00045)   // 1265
    (0.018 0.010091618 0)   // 1266
    (0.018 -0.00643 -0.016433)   // 1267
    (0.018 -0.00643 -0.016543393)   // 1268
    (0.018 -0.00743 -0.016543393)   // 1269
    (0.018 -0.007781 -0.016543393)   // 1270
    (0.018 -0.02 -0.016543393)   // 1271
    (0.018 -0.00643 -0.013872)   // 1272
    (0.018 -0.00643 -0.0125)   // 1273
    (0.018 -0.00643 -0.010856743)   // 1274
    (0.018 -0.006781136 -0.010856743)   // 1275
    (0.018 -0.007781 -0.010856743)   // 1276
    (0.018 -0.02 -0.010856743)   // 1277
    (0.018 -0.020274 -0.010856743)   // 1278
    (0.018 -0.026606728 -0.010856743)   // 1279
    (0.018 -0.020274 -0.016543393)   // 1280
    (0.018 -0.027606685 -0.016543393)   // 1281
    (0.018 -0.028441576 -0.016543393)   // 1282
    (0.018 -0.03 -0.016543393)   // 1283
    (0.018 -0.004387261 -0.010856743)   // 1284
    (0.018 -0.001770656 -0.010856743)   // 1285
    (0.018 -0.000707253 -0.010856743)   // 1286
    (0.018 -0.000097 -0.010856743)   // 1287
    (0.018 0.001465 -0.010856743)   // 1288
    (0.018 0.008623 -0.010856743)   // 1289
    (0.018 0.010665388 -0.010856743)   // 1290
    (0.018 0.011665216 -0.010856743)   // 1291
    (0.018 0.0125 -0.010856743)   // 1292
    (0.018 0.02 -0.010856743)   // 1293
    (0.018 0.020274 -0.010856743)   // 1294
    (0.018 0.026606728 -0.010856743)   // 1295
    (0.018 -0.006781136 -0.0075)   // 1296
    (0.018 -0.006781136 -0.003200246)   // 1297
    (0.018 -0.006781136 -0.00045)   // 1298
    (0.018 -0.006781136 0)   // 1299
    (0.018 -0.021947584 -0.0075)   // 1300
    (0.018 -0.021947584 -0.010856743)   // 1301
    (0.018 -0.021947584 -0.0125)   // 1302
    (0.018 -0.021947584 -0.013872)   // 1303
    (0.018 -0.021947584 -0.016433)   // 1304
    (0.018 -0.021947584 -0.016543393)   // 1305
    (0.018 -0.021947584 -0.0197)   // 1306
    (0.018 -0.021947584 -0.02)   // 1307
    (0.018 -0.021947584 -0.025)   // 1308
    (0.018 -0.024564077 -0.010856743)   // 1309
    (0.018 -0.024564077 -0.0125)   // 1310
    (0.018 -0.024564077 -0.013872)   // 1311
    (0.018 -0.024564077 -0.016433)   // 1312
    (0.018 -0.024564077 -0.016543393)   // 1313
    (0.018 -0.024564077 -0.0197)   // 1314
    (0.018 -0.024564077 -0.02)   // 1315
    (0.018 -0.024564077 -0.025)   // 1316
    (0.018 0.024564077 -0.00991373)   // 1317
    (0.018 0.024564077 -0.010856743)   // 1318
    (0.018 0.024564077 -0.0125)   // 1319
    (0.018 0.024564077 -0.013872)   // 1320
    (0.018 0.024564077 -0.016433)   // 1321
    (0.018 0.024564077 -0.0197)   // 1322
    (0.018 0.024564077 -0.02)   // 1323
    (0.018 0.024564077 -0.025)   // 1324
    (0.018 0.021947584 -0.0075)   // 1325
    (0.018 0.021947584 -0.00991373)   // 1326
    (0.018 0.021947584 -0.010856743)   // 1327
    (0.018 0.021947584 -0.0125)   // 1328
    (0.018 0.021947584 -0.013872)   // 1329
    (0.018 0.021947584 -0.016433)   // 1330
    (0.018 0.021947584 -0.0197)   // 1331
    (0.018 0.021947584 -0.02)   // 1332
    (0.018 0.021947584 -0.025)   // 1333
    (0.018 0.027606685 -0.013872)   // 1334
    (0.018 0.027606685 -0.016433)   // 1335
    (0.018 0.027606685 -0.0197)   // 1336
    (0.018 0.027606685 -0.02)   // 1337
    (0.018 0.027606685 -0.025)   // 1338
    (0.018 -0.026606728 -0.0125)   // 1339
    (0.018 -0.026606728 -0.013872)   // 1340
    (0.018 -0.026606728 -0.016433)   // 1341
    (0.018 -0.026606728 -0.016543393)   // 1342
    (0.018 -0.026606728 -0.0197)   // 1343
    (0.018 -0.026606728 -0.02)   // 1344
    (0.018 -0.026606728 -0.025)   // 1345
    (0.018 -0.004315823 -0.013872)   // 1346
    (0.018 -0.004315823 -0.0125)   // 1347
    (0.018 -0.004315823 -0.010856743)   // 1348
    (0.018 -0.004315823 -0.0075)   // 1349
    (0.018 -0.004315823 -0.007382608)   // 1350
    (0.018 -0.004667247 -0.007382608)   // 1351
    (0.018 -0.004738676 -0.007382608)   // 1352
    (0.018 -0.006781136 -0.007382608)   // 1353
    (0.018 -0.007781 -0.007382608)   // 1354
    (0.018 -0.02 -0.007382608)   // 1355
    (0.018 -0.020274 -0.007382608)   // 1356
    (0.018 -0.021947584 -0.007382608)   // 1357
    (0.018 -0.024492641 -0.007382608)   // 1358
    (0.018 -0.024492641 -0.0075)   // 1359
    (0.018 -0.024492641 -0.010856743)   // 1360
    (0.018 -0.024492641 -0.0125)   // 1361
    (0.018 -0.024492641 -0.013872)   // 1362
    (0.018 -0.024492641 -0.016433)   // 1363
    (0.018 -0.024492641 -0.016543393)   // 1364
    (0.018 -0.024492641 -0.0197)   // 1365
    (0.018 -0.024492641 -0.02)   // 1366
    (0.018 -0.024492641 -0.025)   // 1367
    (0.018 -0.004315823 -0.0197)   // 1368
    (0.018 -0.004315823 -0.016543393)   // 1369
    (0.018 -0.000097 -0.016543393)   // 1370
    (0.018 0.001465 -0.016543393)   // 1371
    (0.018 0.008623 -0.016543393)   // 1372
    (0.018 0.011665216 -0.016543393)   // 1373
    (0.018 0.0125 -0.016543393)   // 1374
    (0.018 0.02 -0.016543393)   // 1375
    (0.018 0.020274 -0.016543393)   // 1376
    (0.018 0.021947584 -0.016543393)   // 1377
    (0.018 -0.004315823 -0.02)   // 1378
    (0.018 -0.004315823 -0.025)   // 1379
    (0.018 0.024564077 -0.016543393)   // 1380
    (0.018 0.027606685 -0.016543393)   // 1381
    (0.018 0.028441576 -0.016543393)   // 1382
    (0.018 0.03 -0.016543393)   // 1383
    (0.018 -0.00265852 -0.016433)   // 1384
    (0.018 -0.00265852 -0.016543393)   // 1385
    (0.018 -0.00265852 -0.0197)   // 1386
    (0.018 -0.00265852 -0.02)   // 1387
    (0.018 -0.00265852 -0.025)   // 1388
    (0.018 -0.00265852 -0.0125)   // 1389
    (0.018 -0.00265852 -0.010856743)   // 1390
    (0.018 -0.00265852 -0.0075)   // 1391
    (0.018 -0.00265852 -0.004659234)   // 1392
    (0.018 -0.00301017 -0.004659234)   // 1393
    (0.018 -0.004738676 -0.004659234)   // 1394
    (0.018 -0.006781136 -0.004659234)   // 1395
    (0.018 -0.007781 -0.004659234)   // 1396
    (0.018 -0.02 -0.004659234)   // 1397
    (0.018 -0.020274 -0.004659234)   // 1398
    (0.018 -0.021947584 -0.004659234)   // 1399
    (0.018 -0.02283541 -0.004659234)   // 1400
    (0.018 -0.001770656 -0.013872)   // 1401
    (0.018 -0.001770656 -0.016433)   // 1402
    (0.018 -0.001770656 -0.016543393)   // 1403
    (0.018 -0.001770656 -0.0197)   // 1404
    (0.018 -0.001770656 -0.02)   // 1405
    (0.018 -0.001770656 -0.025)   // 1406
    (0.018 -0.000707253 -0.0125)   // 1407
    (0.018 -0.000707253 -0.013872)   // 1408
    (0.018 -0.000707253 -0.016433)   // 1409
    (0.018 -0.000707253 -0.016543393)   // 1410
    (0.018 -0.000707253 -0.0197)   // 1411
    (0.018 -0.000707253 -0.02)   // 1412
    (0.018 -0.000707253 -0.025)   // 1413
    (0.018 0.010665388 -0.0125)   // 1414
    (0.018 0.010665388 -0.013872)   // 1415
    (0.018 0.010665388 -0.016433)   // 1416
    (0.018 0.010665388 -0.016543393)   // 1417
    (0.018 0.010665388 -0.0197)   // 1418
    (0.018 0.010665388 -0.02)   // 1419
    (0.018 0.010665388 -0.025)   // 1420
    (0.018 0.026606728 -0.0125)   // 1421
    (0.018 0.026606728 -0.013872)   // 1422
    (0.018 0.026606728 -0.016433)   // 1423
    (0.018 0.026606728 -0.016543393)   // 1424
    (0.018 0.026606728 -0.0197)   // 1425
    (0.018 0.026606728 -0.02)   // 1426
    (0.018 0.026606728 -0.025)   // 1427
    (0.018 -0.001770656 -0.004659234)   // 1428
    (0.018 -0.000097 -0.004659234)   // 1429
    (0.018 0.001465 -0.004659234)   // 1430
    (0.018 0.008623 -0.004659234)   // 1431
    (0.018 0.010091618 -0.004659234)   // 1432
    (0.018 0.011665216 -0.004659234)   // 1433
    (0.018 0.0125 -0.004659234)   // 1434
    (0.018 0.02 -0.004659234)   // 1435
    (0.018 0.020274 -0.004659234)   // 1436
    (0.018 0.021947584 -0.004659234)   // 1437
    (0.018 0.02283541 -0.004659234)   // 1438
    (0.018 0.02283541 -0.0075)   // 1439
    (0.018 0.02283541 -0.00991373)   // 1440
    (0.018 0.02283541 -0.010856743)   // 1441
    (0.018 0.02283541 -0.0125)   // 1442
    (0.018 0.02283541 -0.013872)   // 1443
    (0.018 0.02283541 -0.016433)   // 1444
    (0.018 0.02283541 -0.016543393)   // 1445
    (0.018 0.02283541 -0.0197)   // 1446
    (0.018 0.02283541 -0.02)   // 1447
    (0.018 0.02283541 -0.025)   // 1448
    (0.018 -0.000707253 -0.0075)   // 1449
    (0.018 -0.000707253 -0.00991373)   // 1450
    (0.018 -0.001770656 -0.00991373)   // 1451
    (0.018 -0.00265852 -0.00991373)   // 1452
    (0.018 -0.000707253 -0.004659234)   // 1453
    (0.018 -0.000707253 -0.003200246)   // 1454
    (0.018 -0.000707253 -0.001452803)   // 1455
    (0.018 -0.00105917 -0.001452803)   // 1456
    (0.018 -0.002122428 -0.001452803)   // 1457
    (0.018 -0.004738676 -0.001452803)   // 1458
    (0.018 -0.006781136 -0.001452803)   // 1459
    (0.018 -0.007781 -0.001452803)   // 1460
    (0.018 -0.02 -0.001452803)   // 1461
    (0.018 -0.020274 -0.001452803)   // 1462
    (0.018 -0.020884227 -0.001452803)   // 1463
    (0.018 -0.004315823 -0.00991373)   // 1464
    (0.018 -0.004387261 -0.00991373)   // 1465
    (0.018 -0.005856131 -0.00991373)   // 1466
    (0.018 -0.006207346 -0.00991373)   // 1467
    (0.018 -0.006781136 -0.00991373)   // 1468
    (0.018 -0.007781 -0.00991373)   // 1469
    (0.018 -0.02 -0.00991373)   // 1470
    (0.018 -0.020274 -0.00991373)   // 1471
    (0.018 -0.021947584 -0.00991373)   // 1472
    (0.018 -0.024492641 -0.00991373)   // 1473
    (0.018 -0.024564077 -0.00991373)   // 1474
    (0.018 -0.026032884 -0.00991373)   // 1475
    (0.018 -0.00105917 -0.00045)   // 1476
    (0.018 -0.00105917 0)   // 1477
    (0.018 -0.000097 -0.001452803)   // 1478
    (0.018 0.001465 -0.001452803)   // 1479
    (0.018 0.008623 -0.001452803)   // 1480
    (0.018 0.010091618 -0.001452803)   // 1481
    (0.018 0.011665216 -0.001452803)   // 1482
    (0.018 0.0125 -0.001452803)   // 1483
    (0.018 0.02 -0.001452803)   // 1484
    (0.018 0.020274 -0.001452803)   // 1485
    (0.018 0.020884227 -0.001452803)   // 1486
    (0.018 -0.006207346 -0.0075)   // 1487
    (0.018 -0.006207346 -0.007382608)   // 1488
    (0.018 -0.006207346 -0.004659234)   // 1489
    (0.018 -0.006207346 -0.003200246)   // 1490
    (0.018 -0.006207346 -0.001452803)   // 1491
    (0.018 -0.006207346 -0.00045)   // 1492
    (0.018 -0.006207346 0)   // 1493
    (0.018 -0.00301017 -0.003200246)   // 1494
    (0.018 -0.00301017 -0.001452803)   // 1495
    (0.018 -0.00301017 -0.00045)   // 1496
    (0.018 -0.00301017 0)   // 1497
    (0.018 -0.020884227 -0.003200246)   // 1498
    (0.018 -0.020884227 -0.004659234)   // 1499
    (0.018 -0.020884227 -0.007382608)   // 1500
    (0.018 -0.020884227 -0.0075)   // 1501
    (0.018 -0.020884227 -0.00991373)   // 1502
    (0.018 -0.020884227 -0.010856743)   // 1503
    (0.018 -0.020884227 -0.0125)   // 1504
    (0.018 -0.020884227 -0.013872)   // 1505
    (0.018 -0.020884227 -0.016433)   // 1506
    (0.018 -0.020884227 -0.016543393)   // 1507
    (0.018 -0.020884227 -0.0197)   // 1508
    (0.018 -0.020884227 -0.02)   // 1509
    (0.018 -0.020884227 -0.025)   // 1510
    (0.018 0.020884227 -0.003200246)   // 1511
    (0.018 0.020884227 -0.004659234)   // 1512
    (0.018 0.020884227 -0.0075)   // 1513
    (0.018 0.020884227 -0.00991373)   // 1514
    (0.018 0.020884227 -0.010856743)   // 1515
    (0.018 0.020884227 -0.0125)   // 1516
    (0.018 0.020884227 -0.013872)   // 1517
    (0.018 0.020884227 -0.016433)   // 1518
    (0.018 0.020884227 -0.016543393)   // 1519
    (0.018 0.020884227 -0.0197)   // 1520
    (0.018 0.020884227 -0.02)   // 1521
    (0.018 0.020884227 -0.025)   // 1522
    (0.018 0.010091618 -0.010856743)   // 1523
    (0.018 0.010091618 -0.0125)   // 1524
    (0.018 0.010091618 -0.013872)   // 1525
    (0.018 0.010091618 -0.016433)   // 1526
    (0.018 0.010091618 -0.016543393)   // 1527
    (0.018 0.010091618 -0.0197)   // 1528
    (0.018 0.010091618 -0.02)   // 1529
    (0.018 0.010091618 -0.025)   // 1530
    (0.018 0.010665388 -0.00991373)   // 1531
    (0.018 0.010665388 -0.0075)   // 1532
    (0.018 0.010665388 -0.004659234)   // 1533
    (0.018 0.010665388 -0.003200246)   // 1534
    (0.018 0.010665388 -0.001452803)   // 1535
    (0.018 0.010665388 -0.00045)   // 1536
    (0.018 0.010665388 0)   // 1537
    (0.018 0.026032884 -0.010856743)   // 1538
    (0.018 0.026032884 -0.0125)   // 1539
    (0.018 0.026032884 -0.013872)   // 1540
    (0.018 0.026032884 -0.016433)   // 1541
    (0.018 0.026032884 -0.016543393)   // 1542
    (0.018 0.026032884 -0.0197)   // 1543
    (0.018 0.026032884 -0.02)   // 1544
    (0.018 0.026032884 -0.025)   // 1545
    (0.018 -0.005856131 -0.010856743)   // 1546
    (0.018 -0.005856131 -0.0125)   // 1547
    (0.018 -0.005856131 -0.013872)   // 1548
    (0.018 -0.005856131 -0.016433)   // 1549
    (0.018 -0.005856131 -0.016543393)   // 1550
    (0.018 -0.005856131 -0.018813211)   // 1551
    (0.018 -0.005856131 -0.0197)   // 1552
    (0.018 -0.005856131 -0.02)   // 1553
    (0.018 -0.005856131 -0.025)   // 1554
    (0.018 -0.00643 -0.018813211)   // 1555
    (0.018 -0.00743 -0.018813211)   // 1556
    (0.018 -0.007781 -0.018813211)   // 1557
    (0.018 -0.02 -0.018813211)   // 1558
    (0.018 -0.020274 -0.018813211)   // 1559
    (0.018 -0.020884227 -0.018813211)   // 1560
    (0.018 -0.021947584 -0.018813211)   // 1561
    (0.018 -0.024492641 -0.018813211)   // 1562
    (0.018 -0.024564077 -0.018813211)   // 1563
    (0.018 -0.026606728 -0.018813211)   // 1564
    (0.018 -0.027606685 -0.018813211)   // 1565
    (0.018 -0.028441576 -0.018813211)   // 1566
    (0.018 -0.03 -0.018813211)   // 1567
    (0.018 -0.004387261 -0.018813211)   // 1568
    (0.018 -0.004315823 -0.018813211)   // 1569
    (0.018 -0.00265852 -0.018813211)   // 1570
    (0.018 -0.001770656 -0.018813211)   // 1571
    (0.018 -0.000707253 -0.018813211)   // 1572
    (0.018 -0.000097 -0.018813211)   // 1573
    (0.018 0.001465 -0.018813211)   // 1574
    (0.018 0.008623 -0.018813211)   // 1575
    (0.018 0.010091618 -0.018813211)   // 1576
    (0.018 0.010665388 -0.018813211)   // 1577
    (0.018 0.011665216 -0.018813211)   // 1578
    (0.018 0.0125 -0.018813211)   // 1579
    (0.018 0.02 -0.018813211)   // 1580
    (0.018 0.020274 -0.018813211)   // 1581
    (0.018 0.020884227 -0.018813211)   // 1582
    (0.018 0.021947584 -0.018813211)   // 1583
    (0.018 0.02283541 -0.018813211)   // 1584
    (0.018 0.024564077 -0.018813211)   // 1585
    (0.018 0.026032884 -0.018813211)   // 1586
    (0.018 0.026606728 -0.018813211)   // 1587
    (0.018 0.027606685 -0.018813211)   // 1588
    (0.018 0.028441576 -0.018813211)   // 1589
    (0.018 0.03 -0.018813211)   // 1590
    (0.018 -0.026032884 -0.010856743)   // 1591
    (0.018 -0.026032884 -0.0125)   // 1592
    (0.018 -0.026032884 -0.013872)   // 1593
    (0.018 -0.026032884 -0.016433)   // 1594
    (0.018 -0.026032884 -0.016543393)   // 1595
    (0.018 -0.026032884 -0.018813211)   // 1596
    (0.018 -0.026032884 -0.0197)   // 1597
    (0.018 -0.026032884 -0.02)   // 1598
    (0.018 -0.026032884 -0.025)   // 1599
    (0.018 -0.00265852 -0.007382608)   // 1600
    (0.018 -0.001770656 -0.007382608)   // 1601
    (0.018 -0.000707253 -0.007382608)   // 1602
    (0.018 -0.000097 -0.007382608)   // 1603
    (0.018 0.001465 -0.007382608)   // 1604
    (0.018 0.008623 -0.007382608)   // 1605
    (0.018 0.010091618 -0.007382608)   // 1606
    (0.018 0.010665388 -0.007382608)   // 1607
    (0.018 0.011665216 -0.007382608)   // 1608
    (0.018 0.0125 -0.007382608)   // 1609
    (0.018 0.02 -0.007382608)   // 1610
    (0.018 0.020274 -0.007382608)   // 1611
    (0.018 0.020884227 -0.007382608)   // 1612
    (0.018 0.021947584 -0.007382608)   // 1613
    (0.018 0.02283541 -0.007382608)   // 1614
    (0.018 0.024492641 -0.007382608)   // 1615
    (0.018 0.024492641 -0.0075)   // 1616
    (0.018 0.024492641 -0.00991373)   // 1617
    (0.018 0.024492641 -0.010856743)   // 1618
    (0.018 0.024492641 -0.0125)   // 1619
    (0.018 0.024492641 -0.013872)   // 1620
    (0.018 0.024492641 -0.016433)   // 1621
    (0.018 0.024492641 -0.016543393)   // 1622
    (0.018 0.024492641 -0.018813211)   // 1623
    (0.018 0.024492641 -0.0197)   // 1624
    (0.018 0.024492641 -0.02)   // 1625
    (0.018 0.024492641 -0.025)   // 1626
    (0.018 -0.004667247 -0.004659234)   // 1627
    (0.018 -0.004667247 -0.003200246)   // 1628
    (0.018 -0.004667247 -0.001452803)   // 1629
    (0.018 -0.004667247 -0.00045)   // 1630
    (0.018 -0.004667247 0)   // 1631
    (0.018 -0.02283541 -0.007382608)   // 1632
    (0.018 -0.02283541 -0.0075)   // 1633
    (0.018 -0.02283541 -0.00991373)   // 1634
    (0.018 -0.02283541 -0.010856743)   // 1635
    (0.018 -0.02283541 -0.0125)   // 1636
    (0.018 -0.02283541 -0.013872)   // 1637
    (0.018 -0.02283541 -0.016433)   // 1638
    (0.018 -0.02283541 -0.016543393)   // 1639
    (0.018 -0.02283541 -0.018813211)   // 1640
    (0.018 -0.02283541 -0.0197)   // 1641
    (0.018 -0.02283541 -0.02)   // 1642
    (0.018 -0.02283541 -0.025)   // 1643
);

blocks
(

    // ======== zone lm_cps, x = 0 to 0.01 ========
    hex (3 4 57 57 551 552 605 605)  lm_cps  (1 1 1)  simpleGrading (1 1 1)
    hex (4 32 31 57 552 580 579 605)  lm_cps  (1 1 1)  simpleGrading (1 1 1)
    hex (5 6 70 70 553 554 618 618)  lm_cps  (1 1 1)  simpleGrading (1 1 1)
    hex (5 70 38 39 553 618 586 587)  lm_cps  (1 1 1)  simpleGrading (1 1 1)
    hex (8 18 20 19 556 566 568 567)  lm_cps  (1 1 1)  simpleGrading (1 1 1)
    hex (8 19 381 380 556 567 929 928)  lm_cps  (1 1 1)  simpleGrading (1 1 1)
    hex (8 360 359 18 556 908 907 566)  lm_cps  (1 1 1)  simpleGrading (1 1 1)
    hex (9 17 178 179 557 565 726 727)  lm_cps  (1 1 1)  simpleGrading (1 1 1)
    hex (9 93 92 17 557 641 640 565)  lm_cps  (1 1 1)  simpleGrading (1 1 1)
    hex (10 47 16 45 558 595 564 593)  lm_cps  (1 1 1)  simpleGrading (1 1 1)
    hex (11 41 127 128 559 589 675 676)  lm_cps  (1 1 1)  simpleGrading (1 1 1)
    hex (12 115 125 125 560 663 673 673)  lm_cps  (1 1 1)  simpleGrading (1 1 1)
    hex (12 125 126 49 560 673 674 597)  lm_cps  (1 1 1)  simpleGrading (1 1 1)
    hex (13 14 159 160 561 562 707 708)  lm_cps  (1 1 1)  simpleGrading (1 1 1)
    hex (13 160 161 161 561 708 709 709)  lm_cps  (1 1 1)  simpleGrading (1 1 1)
    hex (14 148 159 159 562 696 707 707)  lm_cps  (1 1 1)  simpleGrading (1 1 1)
    hex (15 16 47 43 563 564 595 591)  lm_cps  (1 1 1)  simpleGrading (1 1 1)
    hex (15 43 457 456 563 591 1005 1004)  lm_cps  (1 1 1)  simpleGrading (1 1 1)
    hex (15 456 455 455 563 1004 1003 1003)  lm_cps  (1 1 1)  simpleGrading (1 1 1)
    hex (16 460 461 45 564 1008 1009 593)  lm_cps  (1 1 1)  simpleGrading (1 1 1)
    hex (18 22 23 20 566 570 571 568)  lm_cps  (1 1 1)  simpleGrading (1 1 1)
    hex (21 24 371 370 569 572 919 918)  lm_cps  (1 1 1)  simpleGrading (1 1 1)
    hex (21 254 255 24 569 802 803 572)  lm_cps  (1 1 1)  simpleGrading (1 1 1)
    hex (22 27 28 23 570 575 576 571)  lm_cps  (1 1 1)  simpleGrading (1 1 1)
    hex (27 169 170 28 575 717 718 576)  lm_cps  (1 1 1)  simpleGrading (1 1 1)
    hex (31 32 132 131 579 580 680 679)  lm_cps  (1 1 1)  simpleGrading (1 1 1)
    hex (38 202 203 39 586 750 751 587)  lm_cps  (1 1 1)  simpleGrading (1 1 1)
    hex (41 483 482 127 589 1031 1030 675)  lm_cps  (1 1 1)  simpleGrading (1 1 1)
    hex (49 126 277 278 597 674 825 826)  lm_cps  (1 1 1)  simpleGrading (1 1 1)
    hex (54 119 273 273 602 667 821 821)  lm_cps  (1 1 1)  simpleGrading (1 1 1)
    hex (54 273 289 288 602 821 837 836)  lm_cps  (1 1 1)  simpleGrading (1 1 1)
    hex (54 288 89 89 602 836 637 637)  lm_cps  (1 1 1)  simpleGrading (1 1 1)
    hex (55 56 174 173 603 604 722 721)  lm_cps  (1 1 1)  simpleGrading (1 1 1)
    hex (55 92 93 56 603 640 641 604)  lm_cps  (1 1 1)  simpleGrading (1 1 1)
    hex (87 88 397 396 635 636 945 944)  lm_cps  (1 1 1)  simpleGrading (1 1 1)
    hex (87 534 535 88 635 1082 1083 636)  lm_cps  (1 1 1)  simpleGrading (1 1 1)
    hex (89 288 306 305 637 836 854 853)  lm_cps  (1 1 1)  simpleGrading (1 1 1)
    hex (89 305 112 112 637 853 660 660)  lm_cps  (1 1 1)  simpleGrading (1 1 1)
    hex (90 91 430 429 638 639 978 977)  lm_cps  (1 1 1)  simpleGrading (1 1 1)
    hex (90 105 106 91 638 653 654 639)  lm_cps  (1 1 1)  simpleGrading (1 1 1)
    hex (90 114 113 105 638 662 661 653)  lm_cps  (1 1 1)  simpleGrading (1 1 1)
    hex (90 429 428 114 638 977 976 662)  lm_cps  (1 1 1)  simpleGrading (1 1 1)
    hex (91 106 275 276 639 654 823 824)  lm_cps  (1 1 1)  simpleGrading (1 1 1)
    hex (91 276 431 430 639 824 979 978)  lm_cps  (1 1 1)  simpleGrading (1 1 1)
    hex (95 96 433 432 643 644 981 980)  lm_cps  (1 1 1)  simpleGrading (1 1 1)
    hex (95 107 108 96 643 655 656 644)  lm_cps  (1 1 1)  simpleGrading (1 1 1)
    hex (95 432 480 479 643 980 1028 1027)  lm_cps  (1 1 1)  simpleGrading (1 1 1)
    hex (95 479 478 107 643 1027 1026 655)  lm_cps  (1 1 1)  simpleGrading (1 1 1)
    hex (105 113 149 154 653 661 697 702)  lm_cps  (1 1 1)  simpleGrading (1 1 1)
    hex (105 154 155 106 653 702 703 654)  lm_cps  (1 1 1)  simpleGrading (1 1 1)
    hex (106 155 274 275 654 703 822 823)  lm_cps  (1 1 1)  simpleGrading (1 1 1)
    hex (107 156 157 108 655 704 705 656)  lm_cps  (1 1 1)  simpleGrading (1 1 1)
    hex (107 478 477 156 655 1026 1025 704)  lm_cps  (1 1 1)  simpleGrading (1 1 1)
    hex (112 305 312 311 660 853 860 859)  lm_cps  (1 1 1)  simpleGrading (1 1 1)
    hex (112 311 190 190 660 859 738 738)  lm_cps  (1 1 1)  simpleGrading (1 1 1)
    hex (113 114 193 192 661 662 741 740)  lm_cps  (1 1 1)  simpleGrading (1 1 1)
    hex (113 192 191 149 661 740 739 697)  lm_cps  (1 1 1)  simpleGrading (1 1 1)
    hex (114 428 427 193 662 976 975 741)  lm_cps  (1 1 1)  simpleGrading (1 1 1)
    hex (115 194 318 318 663 742 866 866)  lm_cps  (1 1 1)  simpleGrading (1 1 1)
    hex (115 318 319 125 663 866 867 673)  lm_cps  (1 1 1)  simpleGrading (1 1 1)
    hex (119 455 472 472 667 1003 1020 1020)  lm_cps  (1 1 1)  simpleGrading (1 1 1)
    hex (119 472 473 273 667 1020 1021 821)  lm_cps  (1 1 1)  simpleGrading (1 1 1)
    hex (120 121 282 272 668 669 830 820)  lm_cps  (1 1 1)  simpleGrading (1 1 1)
    hex (120 272 473 472 668 820 1021 1020)  lm_cps  (1 1 1)  simpleGrading (1 1 1)
    hex (120 456 457 121 668 1004 1005 669)  lm_cps  (1 1 1)  simpleGrading (1 1 1)
    hex (120 472 455 456 668 1020 1003 1004)  lm_cps  (1 1 1)  simpleGrading (1 1 1)
    hex (125 319 320 126 673 867 868 674)  lm_cps  (1 1 1)  simpleGrading (1 1 1)
    hex (126 320 321 277 674 868 869 825)  lm_cps  (1 1 1)  simpleGrading (1 1 1)
    hex (127 322 323 128 675 870 871 676)  lm_cps  (1 1 1)  simpleGrading (1 1 1)
    hex (127 482 481 322 675 1030 1029 870)  lm_cps  (1 1 1)  simpleGrading (1 1 1)
    hex (131 132 441 440 679 680 989 988)  lm_cps  (1 1 1)  simpleGrading (1 1 1)
    hex (134 135 297 296 682 683 845 844)  lm_cps  (1 1 1)  simpleGrading (1 1 1)
    hex (134 359 360 135 682 907 908 683)  lm_cps  (1 1 1)  simpleGrading (1 1 1)
    hex (141 142 401 400 689 690 949 948)  lm_cps  (1 1 1)  simpleGrading (1 1 1)
    hex (141 380 381 142 689 928 929 690)  lm_cps  (1 1 1)  simpleGrading (1 1 1)
    hex (148 190 191 191 696 738 739 739)  lm_cps  (1 1 1)  simpleGrading (1 1 1)
    hex (148 191 192 159 696 739 740 707)  lm_cps  (1 1 1)  simpleGrading (1 1 1)
    hex (149 191 190 311 697 739 738 859)  lm_cps  (1 1 1)  simpleGrading (1 1 1)
    hex (149 311 312 154 697 859 860 702)  lm_cps  (1 1 1)  simpleGrading (1 1 1)
    hex (154 312 313 155 702 860 861 703)  lm_cps  (1 1 1)  simpleGrading (1 1 1)
    hex (155 313 314 274 703 861 862 822)  lm_cps  (1 1 1)  simpleGrading (1 1 1)
    hex (156 315 316 157 704 863 864 705)  lm_cps  (1 1 1)  simpleGrading (1 1 1)
    hex (156 477 476 315 704 1025 1024 863)  lm_cps  (1 1 1)  simpleGrading (1 1 1)
    hex (159 192 193 160 707 740 741 708)  lm_cps  (1 1 1)  simpleGrading (1 1 1)
    hex (160 193 427 161 708 741 975 709)  lm_cps  (1 1 1)  simpleGrading (1 1 1)
    hex (161 427 194 194 709 975 742 742)  lm_cps  (1 1 1)  simpleGrading (1 1 1)
    hex (169 440 441 170 717 988 989 718)  lm_cps  (1 1 1)  simpleGrading (1 1 1)
    hex (173 174 461 460 721 722 1009 1008)  lm_cps  (1 1 1)  simpleGrading (1 1 1)
    hex (178 370 371 179 726 918 919 727)  lm_cps  (1 1 1)  simpleGrading (1 1 1)
    hex (194 427 428 318 742 975 976 866)  lm_cps  (1 1 1)  simpleGrading (1 1 1)
    hex (202 396 397 203 750 944 945 751)  lm_cps  (1 1 1)  simpleGrading (1 1 1)
    hex (254 296 297 255 802 844 845 803)  lm_cps  (1 1 1)  simpleGrading (1 1 1)
    hex (272 282 291 290 820 830 839 838)  lm_cps  (1 1 1)  simpleGrading (1 1 1)
    hex (272 290 474 473 820 838 1022 1021)  lm_cps  (1 1 1)  simpleGrading (1 1 1)
    hex (273 473 474 289 821 1021 1022 837)  lm_cps  (1 1 1)  simpleGrading (1 1 1)
    hex (274 314 476 477 822 862 1024 1025)  lm_cps  (1 1 1)  simpleGrading (1 1 1)
    hex (274 477 478 275 822 1025 1026 823)  lm_cps  (1 1 1)  simpleGrading (1 1 1)
    hex (275 478 479 276 823 1026 1027 824)  lm_cps  (1 1 1)  simpleGrading (1 1 1)
    hex (276 479 480 431 824 1027 1028 979)  lm_cps  (1 1 1)  simpleGrading (1 1 1)
    hex (277 321 481 482 825 869 1029 1030)  lm_cps  (1 1 1)  simpleGrading (1 1 1)
    hex (277 482 483 278 825 1030 1031 826)  lm_cps  (1 1 1)  simpleGrading (1 1 1)
    hex (288 289 307 306 836 837 855 854)  lm_cps  (1 1 1)  simpleGrading (1 1 1)
    hex (289 474 475 307 837 1022 1023 855)  lm_cps  (1 1 1)  simpleGrading (1 1 1)
    hex (290 291 309 308 838 839 857 856)  lm_cps  (1 1 1)  simpleGrading (1 1 1)
    hex (290 308 475 474 838 856 1023 1022)  lm_cps  (1 1 1)  simpleGrading (1 1 1)
    hex (305 306 313 312 853 854 861 860)  lm_cps  (1 1 1)  simpleGrading (1 1 1)
    hex (306 307 314 313 854 855 862 861)  lm_cps  (1 1 1)  simpleGrading (1 1 1)
    hex (307 475 476 314 855 1023 1024 862)  lm_cps  (1 1 1)  simpleGrading (1 1 1)
    hex (308 309 316 315 856 857 864 863)  lm_cps  (1 1 1)  simpleGrading (1 1 1)
    hex (308 315 476 475 856 863 1024 1023)  lm_cps  (1 1 1)  simpleGrading (1 1 1)
    hex (318 428 429 319 866 976 977 867)  lm_cps  (1 1 1)  simpleGrading (1 1 1)
    hex (319 429 430 320 867 977 978 868)  lm_cps  (1 1 1)  simpleGrading (1 1 1)
    hex (320 430 431 321 868 978 979 869)  lm_cps  (1 1 1)  simpleGrading (1 1 1)
    hex (321 431 480 481 869 979 1028 1029)  lm_cps  (1 1 1)  simpleGrading (1 1 1)
    hex (322 432 433 323 870 980 981 871)  lm_cps  (1 1 1)  simpleGrading (1 1 1)
    hex (322 481 480 432 870 1029 1028 980)  lm_cps  (1 1 1)  simpleGrading (1 1 1)
    hex (400 401 535 534 948 949 1083 1082)  lm_cps  (1 1 1)  simpleGrading (1 1 1)

    // ======== zone lm_cps, x = 0.01 to 0.018 ========
    hex (551 552 605 605 1099 1100 1153 1153)  lm_cps  (1 1 1)  simpleGrading (1 1 1)
    hex (552 580 579 605 1100 1128 1127 1153)  lm_cps  (1 1 1)  simpleGrading (1 1 1)
    hex (553 554 618 618 1101 1102 1166 1166)  lm_cps  (1 1 1)  simpleGrading (1 1 1)
    hex (553 618 586 587 1101 1166 1134 1135)  lm_cps  (1 1 1)  simpleGrading (1 1 1)
    hex (556 566 568 567 1104 1114 1116 1115)  lm_cps  (1 1 1)  simpleGrading (1 1 1)
    hex (556 567 929 928 1104 1115 1477 1476)  lm_cps  (1 1 1)  simpleGrading (1 1 1)
    hex (566 570 571 568 1114 1118 1119 1116)  lm_cps  (1 1 1)  simpleGrading (1 1 1)
    hex (570 575 576 571 1118 1123 1124 1119)  lm_cps  (1 1 1)  simpleGrading (1 1 1)
    hex (575 717 718 576 1123 1265 1266 1124)  lm_cps  (1 1 1)  simpleGrading (1 1 1)
    hex (579 580 680 679 1127 1128 1228 1227)  lm_cps  (1 1 1)  simpleGrading (1 1 1)
    hex (586 750 751 587 1134 1298 1299 1135)  lm_cps  (1 1 1)  simpleGrading (1 1 1)
    hex (635 636 945 944 1183 1184 1493 1492)  lm_cps  (1 1 1)  simpleGrading (1 1 1)
    hex (635 1082 1083 636 1183 1630 1631 1184)  lm_cps  (1 1 1)  simpleGrading (1 1 1)
    hex (679 680 989 988 1227 1228 1537 1536)  lm_cps  (1 1 1)  simpleGrading (1 1 1)
    hex (689 690 949 948 1237 1238 1497 1496)  lm_cps  (1 1 1)  simpleGrading (1 1 1)
    hex (689 928 929 690 1237 1476 1477 1238)  lm_cps  (1 1 1)  simpleGrading (1 1 1)
    hex (717 988 989 718 1265 1536 1537 1266)  lm_cps  (1 1 1)  simpleGrading (1 1 1)
    hex (750 944 945 751 1298 1492 1493 1299)  lm_cps  (1 1 1)  simpleGrading (1 1 1)
    hex (948 949 1083 1082 1496 1497 1631 1630)  lm_cps  (1 1 1)  simpleGrading (1 1 1)

    // ======== zone module, x = 0 to 0.01 ========
    hex (0 104 103 35 548 652 651 583)  module  (1 1 1)  simpleGrading (1 1 1)
    hex (1 34 52 53 549 582 600 601)  module  (1 1 1)  simpleGrading (1 1 1)
    hex (2 30 50 50 550 578 598 598)  module  (1 1 1)  simpleGrading (1 1 1)
    hex (2 50 286 287 550 598 834 835)  module  (1 1 1)  simpleGrading (1 1 1)
    hex (3 57 388 389 551 605 936 937)  module  (1 1 1)  simpleGrading (1 1 1)
    hex (3 389 390 390 551 937 938 938)  module  (1 1 1)  simpleGrading (1 1 1)
    hex (6 366 365 70 554 914 913 618)  module  (1 1 1)  simpleGrading (1 1 1)
    hex (6 367 366 366 554 915 914 914)  module  (1 1 1)  simpleGrading (1 1 1)
    hex (7 101 100 100 555 649 648 648)  module  (1 1 1)  simpleGrading (1 1 1)
    hex (7 187 186 101 555 735 734 649)  module  (1 1 1)  simpleGrading (1 1 1)
    hex (8 380 360 360 556 928 908 908)  module  (1 1 1)  simpleGrading (1 1 1)
    hex (9 72 94 93 557 620 642 641)  module  (1 1 1)  simpleGrading (1 1 1)
    hex (9 179 180 180 557 727 728 728)  module  (1 1 1)  simpleGrading (1 1 1)
    hex (9 180 181 72 557 728 729 620)  module  (1 1 1)  simpleGrading (1 1 1)
    hex (10 36 48 47 558 584 596 595)  module  (1 1 1)  simpleGrading (1 1 1)
    hex (10 45 74 75 558 593 622 623)  module  (1 1 1)  simpleGrading (1 1 1)
    hex (10 75 76 36 558 623 624 584)  module  (1 1 1)  simpleGrading (1 1 1)
    hex (11 33 63 62 559 581 611 610)  module  (1 1 1)  simpleGrading (1 1 1)
    hex (11 62 61 41 559 610 609 589)  module  (1 1 1)  simpleGrading (1 1 1)
    hex (11 128 129 33 559 676 677 581)  module  (1 1 1)  simpleGrading (1 1 1)
    hex (12 49 60 59 560 597 608 607)  module  (1 1 1)  simpleGrading (1 1 1)
    hex (12 59 117 116 560 607 665 664)  module  (1 1 1)  simpleGrading (1 1 1)
    hex (12 116 115 115 560 664 663 663)  module  (1 1 1)  simpleGrading (1 1 1)
    hex (13 161 167 167 561 709 715 715)  module  (1 1 1)  simpleGrading (1 1 1)
    hex (13 167 510 509 561 715 1058 1057)  module  (1 1 1)  simpleGrading (1 1 1)
    hex (13 509 508 14 561 1057 1056 562)  module  (1 1 1)  simpleGrading (1 1 1)
    hex (14 143 148 148 562 691 696 696)  module  (1 1 1)  simpleGrading (1 1 1)
    hex (14 508 507 143 562 1056 1055 691)  module  (1 1 1)  simpleGrading (1 1 1)
    hex (15 455 459 459 563 1003 1007 1007)  module  (1 1 1)  simpleGrading (1 1 1)
    hex (15 459 460 16 563 1007 1008 564)  module  (1 1 1)  simpleGrading (1 1 1)
    hex (17 92 176 177 565 640 724 725)  module  (1 1 1)  simpleGrading (1 1 1)
    hex (17 177 178 178 565 725 726 726)  module  (1 1 1)  simpleGrading (1 1 1)
    hex (18 359 382 382 566 907 930 930)  module  (1 1 1)  simpleGrading (1 1 1)
    hex (18 382 383 22 566 930 931 570)  module  (1 1 1)  simpleGrading (1 1 1)
    hex (21 253 254 254 569 801 802 802)  module  (1 1 1)  simpleGrading (1 1 1)
    hex (21 369 368 253 569 917 916 801)  module  (1 1 1)  simpleGrading (1 1 1)
    hex (21 370 369 369 569 918 917 917)  module  (1 1 1)  simpleGrading (1 1 1)
    hex (22 383 384 27 570 931 932 575)  module  (1 1 1)  simpleGrading (1 1 1)
    hex (24 255 256 256 572 803 804 804)  module  (1 1 1)  simpleGrading (1 1 1)
    hex (24 256 392 391 572 804 940 939)  module  (1 1 1)  simpleGrading (1 1 1)
    hex (24 391 371 371 572 939 919 919)  module  (1 1 1)  simpleGrading (1 1 1)
    hex (25 263 262 262 573 811 810 810)  module  (1 1 1)  simpleGrading (1 1 1)
    hex (25 378 377 263 573 926 925 811)  module  (1 1 1)  simpleGrading (1 1 1)
    hex (25 379 378 378 573 927 926 926)  module  (1 1 1)  simpleGrading (1 1 1)
    hex (26 221 166 166 574 769 714 714)  module  (1 1 1)  simpleGrading (1 1 1)
    hex (26 519 520 520 574 1067 1068 1068)  module  (1 1 1)  simpleGrading (1 1 1)
    hex (26 520 521 221 574 1068 1069 769)  module  (1 1 1)  simpleGrading (1 1 1)
    hex (27 384 385 169 575 932 933 717)  module  (1 1 1)  simpleGrading (1 1 1)
    hex (29 58 514 513 577 606 1062 1061)  module  (1 1 1)  simpleGrading (1 1 1)
    hex (29 130 162 163 577 678 710 711)  module  (1 1 1)  simpleGrading (1 1 1)
    hex (29 163 164 58 577 711 712 606)  module  (1 1 1)  simpleGrading (1 1 1)
    hex (29 513 512 130 577 1061 1060 678)  module  (1 1 1)  simpleGrading (1 1 1)
    hex (30 124 238 238 578 672 786 786)  module  (1 1 1)  simpleGrading (1 1 1)
    hex (30 238 239 50 578 786 787 598)  module  (1 1 1)  simpleGrading (1 1 1)
    hex (31 131 386 387 579 679 934 935)  module  (1 1 1)  simpleGrading (1 1 1)
    hex (31 387 388 57 579 935 936 605)  module  (1 1 1)  simpleGrading (1 1 1)
    hex (34 42 51 52 582 590 599 600)  module  (1 1 1)  simpleGrading (1 1 1)
    hex (35 103 102 46 583 651 650 594)  module  (1 1 1)  simpleGrading (1 1 1)
    hex (37 71 374 373 585 619 922 921)  module  (1 1 1)  simpleGrading (1 1 1)
    hex (37 200 257 258 585 748 805 806)  module  (1 1 1)  simpleGrading (1 1 1)
    hex (37 258 259 71 585 806 807 619)  module  (1 1 1)  simpleGrading (1 1 1)
    hex (37 373 372 200 585 921 920 748)  module  (1 1 1)  simpleGrading (1 1 1)
    hex (38 70 365 364 586 618 913 912)  module  (1 1 1)  simpleGrading (1 1 1)
    hex (38 364 363 202 586 912 911 750)  module  (1 1 1)  simpleGrading (1 1 1)
    hex (40 99 244 243 588 647 792 791)  module  (1 1 1)  simpleGrading (1 1 1)
    hex (40 100 99 99 588 648 647 647)  module  (1 1 1)  simpleGrading (1 1 1)
    hex (40 243 183 183 588 791 731 731)  module  (1 1 1)  simpleGrading (1 1 1)
    hex (41 61 484 483 589 609 1032 1031)  module  (1 1 1)  simpleGrading (1 1 1)
    hex (42 494 493 51 590 1042 1041 599)  module  (1 1 1)  simpleGrading (1 1 1)
    hex (43 44 458 457 591 592 1006 1005)  module  (1 1 1)  simpleGrading (1 1 1)
    hex (43 47 48 44 591 595 596 592)  module  (1 1 1)  simpleGrading (1 1 1)
    hex (45 461 462 74 593 1009 1010 622)  module  (1 1 1)  simpleGrading (1 1 1)
    hex (46 102 470 471 594 650 1018 1019)  module  (1 1 1)  simpleGrading (1 1 1)
    hex (49 278 279 60 597 826 827 608)  module  (1 1 1)  simpleGrading (1 1 1)
    hex (50 239 285 286 598 787 833 834)  module  (1 1 1)  simpleGrading (1 1 1)
    hex (51 240 241 52 599 788 789 600)  module  (1 1 1)  simpleGrading (1 1 1)
    hex (51 493 492 240 599 1041 1040 788)  module  (1 1 1)  simpleGrading (1 1 1)
    hex (52 241 242 53 600 789 790 601)  module  (1 1 1)  simpleGrading (1 1 1)
    hex (54 89 250 250 602 637 798 798)  module  (1 1 1)  simpleGrading (1 1 1)
    hex (54 118 119 119 602 666 667 667)  module  (1 1 1)  simpleGrading (1 1 1)
    hex (54 250 110 118 602 798 658 666)  module  (1 1 1)  simpleGrading (1 1 1)
    hex (55 171 176 92 603 719 724 640)  module  (1 1 1)  simpleGrading (1 1 1)
    hex (55 173 172 171 603 721 720 719)  module  (1 1 1)  simpleGrading (1 1 1)
    hex (56 73 175 174 604 621 723 722)  module  (1 1 1)  simpleGrading (1 1 1)
    hex (56 93 94 73 604 641 642 621)  module  (1 1 1)  simpleGrading (1 1 1)
    hex (58 64 515 514 606 612 1063 1062)  module  (1 1 1)  simpleGrading (1 1 1)
    hex (58 164 165 64 606 712 713 612)  module  (1 1 1)  simpleGrading (1 1 1)
    hex (59 60 66 65 607 608 614 613)  module  (1 1 1)  simpleGrading (1 1 1)
    hex (59 65 123 117 607 613 671 665)  module  (1 1 1)  simpleGrading (1 1 1)
    hex (60 279 280 66 608 827 828 614)  module  (1 1 1)  simpleGrading (1 1 1)
    hex (61 62 68 67 609 610 616 615)  module  (1 1 1)  simpleGrading (1 1 1)
    hex (61 67 485 484 609 615 1033 1032)  module  (1 1 1)  simpleGrading (1 1 1)
    hex (62 63 69 68 610 611 617 616)  module  (1 1 1)  simpleGrading (1 1 1)
    hex (64 165 418 417 612 713 966 965)  module  (1 1 1)  simpleGrading (1 1 1)
    hex (64 417 516 515 612 965 1064 1063)  module  (1 1 1)  simpleGrading (1 1 1)
    hex (65 66 422 421 613 614 970 969)  module  (1 1 1)  simpleGrading (1 1 1)
    hex (65 421 420 123 613 969 968 671)  module  (1 1 1)  simpleGrading (1 1 1)
    hex (66 280 423 422 614 828 971 970)  module  (1 1 1)  simpleGrading (1 1 1)
    hex (67 68 425 424 615 616 973 972)  module  (1 1 1)  simpleGrading (1 1 1)
    hex (67 424 486 485 615 972 1034 1033)  module  (1 1 1)  simpleGrading (1 1 1)
    hex (68 69 426 425 616 617 974 973)  module  (1 1 1)  simpleGrading (1 1 1)
    hex (71 77 375 374 619 625 923 922)  module  (1 1 1)  simpleGrading (1 1 1)
    hex (71 259 260 77 619 807 808 625)  module  (1 1 1)  simpleGrading (1 1 1)
    hex (72 78 98 94 620 626 646 642)  module  (1 1 1)  simpleGrading (1 1 1)
    hex (72 181 182 78 620 729 730 626)  module  (1 1 1)  simpleGrading (1 1 1)
    hex (73 79 184 175 621 627 732 723)  module  (1 1 1)  simpleGrading (1 1 1)
    hex (73 94 98 79 621 642 646 627)  module  (1 1 1)  simpleGrading (1 1 1)
    hex (74 80 81 75 622 628 629 623)  module  (1 1 1)  simpleGrading (1 1 1)
    hex (74 462 463 80 622 1010 1011 628)  module  (1 1 1)  simpleGrading (1 1 1)
    hex (75 81 82 76 623 629 630 624)  module  (1 1 1)  simpleGrading (1 1 1)
    hex (77 260 404 405 625 808 952 953)  module  (1 1 1)  simpleGrading (1 1 1)
    hex (77 405 406 375 625 953 954 923)  module  (1 1 1)  simpleGrading (1 1 1)
    hex (78 182 407 408 626 730 955 956)  module  (1 1 1)  simpleGrading (1 1 1)
    hex (78 408 409 98 626 956 957 646)  module  (1 1 1)  simpleGrading (1 1 1)
    hex (79 98 409 410 627 646 957 958)  module  (1 1 1)  simpleGrading (1 1 1)
    hex (79 410 411 184 627 958 959 732)  module  (1 1 1)  simpleGrading (1 1 1)
    hex (80 412 413 81 628 960 961 629)  module  (1 1 1)  simpleGrading (1 1 1)
    hex (80 463 464 412 628 1011 1012 960)  module  (1 1 1)  simpleGrading (1 1 1)
    hex (81 413 414 82 629 961 962 630)  module  (1 1 1)  simpleGrading (1 1 1)
    hex (83 99 100 101 631 647 648 649)  module  (1 1 1)  simpleGrading (1 1 1)
    hex (83 101 186 185 631 649 734 733)  module  (1 1 1)  simpleGrading (1 1 1)
    hex (83 185 246 245 631 733 794 793)  module  (1 1 1)  simpleGrading (1 1 1)
    hex (83 245 244 99 631 793 792 647)  module  (1 1 1)  simpleGrading (1 1 1)
    hex (84 85 248 247 632 633 796 795)  module  (1 1 1)  simpleGrading (1 1 1)
    hex (84 102 103 85 632 650 651 633)  module  (1 1 1)  simpleGrading (1 1 1)
    hex (84 247 468 469 632 795 1016 1017)  module  (1 1 1)  simpleGrading (1 1 1)
    hex (84 469 470 102 632 1017 1018 650)  module  (1 1 1)  simpleGrading (1 1 1)
    hex (85 86 249 248 633 634 797 796)  module  (1 1 1)  simpleGrading (1 1 1)
    hex (85 103 104 86 633 651 652 634)  module  (1 1 1)  simpleGrading (1 1 1)
    hex (87 362 533 534 635 910 1081 1082)  module  (1 1 1)  simpleGrading (1 1 1)
    hex (87 396 395 362 635 944 943 910)  module  (1 1 1)  simpleGrading (1 1 1)
    hex (89 112 293 293 637 660 841 841)  module  (1 1 1)  simpleGrading (1 1 1)
    hex (89 293 251 250 637 841 799 798)  module  (1 1 1)  simpleGrading (1 1 1)
    hex (96 97 434 433 644 645 982 981)  module  (1 1 1)  simpleGrading (1 1 1)
    hex (96 108 109 97 644 656 657 645)  module  (1 1 1)  simpleGrading (1 1 1)
    hex (108 157 158 109 656 705 706 657)  module  (1 1 1)  simpleGrading (1 1 1)
    hex (110 111 451 452 658 659 999 1000)  module  (1 1 1)  simpleGrading (1 1 1)
    hex (110 250 251 111 658 798 799 659)  module  (1 1 1)  simpleGrading (1 1 1)
    hex (110 452 453 118 658 1000 1001 666)  module  (1 1 1)  simpleGrading (1 1 1)
    hex (111 188 450 451 659 736 998 999)  module  (1 1 1)  simpleGrading (1 1 1)
    hex (111 251 252 188 659 799 800 736)  module  (1 1 1)  simpleGrading (1 1 1)
    hex (112 189 294 293 660 737 842 841)  module  (1 1 1)  simpleGrading (1 1 1)
    hex (112 190 189 189 660 738 737 737)  module  (1 1 1)  simpleGrading (1 1 1)
    hex (115 116 196 195 663 664 744 743)  module  (1 1 1)  simpleGrading (1 1 1)
    hex (115 195 194 194 663 743 742 742)  module  (1 1 1)  simpleGrading (1 1 1)
    hex (116 117 197 196 664 665 745 744)  module  (1 1 1)  simpleGrading (1 1 1)
    hex (117 123 198 197 665 671 746 745)  module  (1 1 1)  simpleGrading (1 1 1)
    hex (118 453 454 119 666 1001 1002 667)  module  (1 1 1)  simpleGrading (1 1 1)
    hex (119 454 455 455 667 1002 1003 1003)  module  (1 1 1)  simpleGrading (1 1 1)
    hex (121 122 283 282 669 670 831 830)  module  (1 1 1)  simpleGrading (1 1 1)
    hex (121 457 458 122 669 1005 1006 670)  module  (1 1 1)  simpleGrading (1 1 1)
    hex (123 420 419 198 671 968 967 746)  module  (1 1 1)  simpleGrading (1 1 1)
    hex (124 199 325 325 672 747 873 873)  module  (1 1 1)  simpleGrading (1 1 1)
    hex (124 325 326 238 672 873 874 786)  module  (1 1 1)  simpleGrading (1 1 1)
    hex (128 323 324 129 676 871 872 677)  module  (1 1 1)  simpleGrading (1 1 1)
    hex (130 436 435 162 678 984 983 710)  module  (1 1 1)  simpleGrading (1 1 1)
    hex (130 512 511 436 678 1060 1059 984)  module  (1 1 1)  simpleGrading (1 1 1)
    hex (131 440 439 386 679 988 987 934)  module  (1 1 1)  simpleGrading (1 1 1)
    hex (133 295 356 355 681 843 904 903)  module  (1 1 1)  simpleGrading (1 1 1)
    hex (133 353 506 505 681 901 1054 1053)  module  (1 1 1)  simpleGrading (1 1 1)
    hex (133 355 354 353 681 903 902 901)  module  (1 1 1)  simpleGrading (1 1 1)
    hex (133 505 504 295 681 1053 1052 843)  module  (1 1 1)  simpleGrading (1 1 1)
    hex (134 296 332 332 682 844 880 880)  module  (1 1 1)  simpleGrading (1 1 1)
    hex (134 332 357 358 682 880 905 906)  module  (1 1 1)  simpleGrading (1 1 1)
    hex (134 358 359 359 682 906 907 907)  module  (1 1 1)  simpleGrading (1 1 1)
    hex (135 360 361 361 683 908 909 909)  module  (1 1 1)  simpleGrading (1 1 1)
    hex (135 361 399 398 683 909 947 946)  module  (1 1 1)  simpleGrading (1 1 1)
    hex (135 398 297 297 683 946 845 845)  module  (1 1 1)  simpleGrading (1 1 1)
    hex (136 298 531 532 684 846 1079 1080)  module  (1 1 1)  simpleGrading (1 1 1)
    hex (136 362 395 394 684 910 943 942)  module  (1 1 1)  simpleGrading (1 1 1)
    hex (136 394 393 298 684 942 941 846)  module  (1 1 1)  simpleGrading (1 1 1)
    hex (136 532 533 362 684 1080 1081 910)  module  (1 1 1)  simpleGrading (1 1 1)
    hex (137 138 301 300 685 686 849 848)  module  (1 1 1)  simpleGrading (1 1 1)
    hex (137 201 363 364 685 749 911 912)  module  (1 1 1)  simpleGrading (1 1 1)
    hex (137 300 299 201 685 848 847 749)  module  (1 1 1)  simpleGrading (1 1 1)
    hex (137 364 365 138 685 912 913 686)  module  (1 1 1)  simpleGrading (1 1 1)
    hex (138 139 302 301 686 687 850 849)  module  (1 1 1)  simpleGrading (1 1 1)
    hex (138 365 366 139 686 913 914 687)  module  (1 1 1)  simpleGrading (1 1 1)
    hex (139 366 367 402 687 914 915 950)  module  (1 1 1)  simpleGrading (1 1 1)
    hex (139 402 403 302 687 950 951 850)  module  (1 1 1)  simpleGrading (1 1 1)
    hex (140 303 403 402 688 851 951 950)  module  (1 1 1)  simpleGrading (1 1 1)
    hex (140 304 303 303 688 852 851 851)  module  (1 1 1)  simpleGrading (1 1 1)
    hex (140 402 367 367 688 950 915 915)  module  (1 1 1)  simpleGrading (1 1 1)
    hex (141 361 360 380 689 909 908 928)  module  (1 1 1)  simpleGrading (1 1 1)
    hex (141 400 399 361 689 948 947 909)  module  (1 1 1)  simpleGrading (1 1 1)
    hex (143 353 354 148 691 901 902 696)  module  (1 1 1)  simpleGrading (1 1 1)
    hex (143 507 506 353 691 1055 1054 901)  module  (1 1 1)  simpleGrading (1 1 1)
    hex (144 145 383 382 692 693 931 930)  module  (1 1 1)  simpleGrading (1 1 1)
    hex (144 333 334 145 692 881 882 693)  module  (1 1 1)  simpleGrading (1 1 1)
    hex (144 358 357 333 692 906 905 881)  module  (1 1 1)  simpleGrading (1 1 1)
    hex (144 382 359 358 692 930 907 906)  module  (1 1 1)  simpleGrading (1 1 1)
    hex (145 146 384 383 693 694 932 931)  module  (1 1 1)  simpleGrading (1 1 1)
    hex (145 334 335 146 693 882 883 694)  module  (1 1 1)  simpleGrading (1 1 1)
    hex (146 168 385 384 694 716 933 932)  module  (1 1 1)  simpleGrading (1 1 1)
    hex (146 335 336 168 694 883 884 716)  module  (1 1 1)  simpleGrading (1 1 1)
    hex (147 150 387 386 695 698 935 934)  module  (1 1 1)  simpleGrading (1 1 1)
    hex (147 337 338 150 695 885 886 698)  module  (1 1 1)  simpleGrading (1 1 1)
    hex (147 386 439 438 695 934 987 986)  module  (1 1 1)  simpleGrading (1 1 1)
    hex (147 438 437 337 695 986 985 885)  module  (1 1 1)  simpleGrading (1 1 1)
    hex (148 354 190 190 696 902 738 738)  module  (1 1 1)  simpleGrading (1 1 1)
    hex (150 151 388 387 698 699 936 935)  module  (1 1 1)  simpleGrading (1 1 1)
    hex (150 338 339 151 698 886 887 699)  module  (1 1 1)  simpleGrading (1 1 1)
    hex (151 152 389 388 699 700 937 936)  module  (1 1 1)  simpleGrading (1 1 1)
    hex (151 339 340 152 699 887 888 700)  module  (1 1 1)  simpleGrading (1 1 1)
    hex (152 340 416 415 700 888 964 963)  module  (1 1 1)  simpleGrading (1 1 1)
    hex (152 415 390 389 700 963 938 937)  module  (1 1 1)  simpleGrading (1 1 1)
    hex (153 341 342 342 701 889 890 890)  module  (1 1 1)  simpleGrading (1 1 1)
    hex (153 390 415 415 701 938 963 963)  module  (1 1 1)  simpleGrading (1 1 1)
    hex (153 415 416 341 701 963 964 889)  module  (1 1 1)  simpleGrading (1 1 1)
    hex (157 316 317 158 705 864 865 706)  module  (1 1 1)  simpleGrading (1 1 1)
    hex (161 194 435 435 709 742 983 983)  module  (1 1 1)  simpleGrading (1 1 1)
    hex (161 435 436 167 709 983 984 715)  module  (1 1 1)  simpleGrading (1 1 1)
    hex (162 195 196 163 710 743 744 711)  module  (1 1 1)  simpleGrading (1 1 1)
    hex (162 435 194 195 710 983 742 743)  module  (1 1 1)  simpleGrading (1 1 1)
    hex (163 196 197 164 711 744 745 712)  module  (1 1 1)  simpleGrading (1 1 1)
    hex (164 197 198 165 712 745 746 713)  module  (1 1 1)  simpleGrading (1 1 1)
    hex (165 198 419 418 713 746 967 966)  module  (1 1 1)  simpleGrading (1 1 1)
    hex (166 221 222 442 714 769 770 990)  module  (1 1 1)  simpleGrading (1 1 1)
    hex (166 442 199 199 714 990 747 747)  module  (1 1 1)  simpleGrading (1 1 1)
    hex (167 436 511 510 715 984 1059 1058)  module  (1 1 1)  simpleGrading (1 1 1)
    hex (168 336 437 438 716 884 985 986)  module  (1 1 1)  simpleGrading (1 1 1)
    hex (168 438 439 385 716 986 987 933)  module  (1 1 1)  simpleGrading (1 1 1)
    hex (169 385 439 440 717 933 987 988)  module  (1 1 1)  simpleGrading (1 1 1)
    hex (171 172 454 453 719 720 1002 1001)  module  (1 1 1)  simpleGrading (1 1 1)
    hex (171 453 452 176 719 1001 1000 724)  module  (1 1 1)  simpleGrading (1 1 1)
    hex (172 173 460 459 720 721 1008 1007)  module  (1 1 1)  simpleGrading (1 1 1)
    hex (172 459 455 454 720 1007 1003 1002)  module  (1 1 1)  simpleGrading (1 1 1)
    hex (174 175 462 461 722 723 1010 1009)  module  (1 1 1)  simpleGrading (1 1 1)
    hex (175 184 463 462 723 732 1011 1010)  module  (1 1 1)  simpleGrading (1 1 1)
    hex (176 452 451 177 724 1000 999 725)  module  (1 1 1)  simpleGrading (1 1 1)
    hex (177 451 450 178 725 999 998 726)  module  (1 1 1)  simpleGrading (1 1 1)
    hex (178 450 370 370 726 998 918 918)  module  (1 1 1)  simpleGrading (1 1 1)
    hex (179 371 372 372 727 919 920 920)  module  (1 1 1)  simpleGrading (1 1 1)
    hex (179 372 373 180 727 920 921 728)  module  (1 1 1)  simpleGrading (1 1 1)
    hex (180 373 374 181 728 921 922 729)  module  (1 1 1)  simpleGrading (1 1 1)
    hex (181 374 375 182 729 922 923 730)  module  (1 1 1)  simpleGrading (1 1 1)
    hex (182 375 406 407 730 923 954 955)  module  (1 1 1)  simpleGrading (1 1 1)
    hex (183 243 496 495 731 791 1044 1043)  module  (1 1 1)  simpleGrading (1 1 1)
    hex (183 495 379 379 731 1043 927 927)  module  (1 1 1)  simpleGrading (1 1 1)
    hex (184 411 464 463 732 959 1012 1011)  module  (1 1 1)  simpleGrading (1 1 1)
    hex (185 186 470 469 733 734 1018 1017)  module  (1 1 1)  simpleGrading (1 1 1)
    hex (185 469 468 246 733 1017 1016 794)  module  (1 1 1)  simpleGrading (1 1 1)
    hex (186 187 471 470 734 735 1019 1018)  module  (1 1 1)  simpleGrading (1 1 1)
    hex (188 252 368 369 736 800 916 917)  module  (1 1 1)  simpleGrading (1 1 1)
    hex (188 369 370 450 736 917 918 998)  module  (1 1 1)  simpleGrading (1 1 1)
    hex (189 190 354 355 737 738 902 903)  module  (1 1 1)  simpleGrading (1 1 1)
    hex (189 355 356 294 737 903 904 842)  module  (1 1 1)  simpleGrading (1 1 1)
    hex (199 442 443 325 747 990 991 873)  module  (1 1 1)  simpleGrading (1 1 1)
    hex (200 372 371 391 748 920 919 939)  module  (1 1 1)  simpleGrading (1 1 1)
    hex (200 391 392 257 748 939 940 805)  module  (1 1 1)  simpleGrading (1 1 1)
    hex (201 299 393 394 749 847 941 942)  module  (1 1 1)  simpleGrading (1 1 1)
    hex (201 394 395 363 749 942 943 911)  module  (1 1 1)  simpleGrading (1 1 1)
    hex (202 363 395 396 750 911 943 944)  module  (1 1 1)  simpleGrading (1 1 1)
    hex (204 261 536 537 752 809 1084 1085)  module  (1 1 1)  simpleGrading (1 1 1)
    hex (204 376 406 405 752 924 954 953)  module  (1 1 1)  simpleGrading (1 1 1)
    hex (204 405 404 261 752 953 952 809)  module  (1 1 1)  simpleGrading (1 1 1)
    hex (204 537 538 376 752 1085 1086 924)  module  (1 1 1)  simpleGrading (1 1 1)
    hex (205 206 408 407 753 754 956 955)  module  (1 1 1)  simpleGrading (1 1 1)
    hex (205 376 538 539 753 924 1086 1087)  module  (1 1 1)  simpleGrading (1 1 1)
    hex (205 407 406 376 753 955 954 924)  module  (1 1 1)  simpleGrading (1 1 1)
    hex (205 539 540 206 753 1087 1088 754)  module  (1 1 1)  simpleGrading (1 1 1)
    hex (206 207 409 408 754 755 957 956)  module  (1 1 1)  simpleGrading (1 1 1)
    hex (206 540 541 207 754 1088 1089 755)  module  (1 1 1)  simpleGrading (1 1 1)
    hex (207 208 410 409 755 756 958 957)  module  (1 1 1)  simpleGrading (1 1 1)
    hex (207 541 542 208 755 1089 1090 756)  module  (1 1 1)  simpleGrading (1 1 1)
    hex (208 209 411 410 756 757 959 958)  module  (1 1 1)  simpleGrading (1 1 1)
    hex (208 542 543 209 756 1090 1091 757)  module  (1 1 1)  simpleGrading (1 1 1)
    hex (209 465 464 411 757 1013 1012 959)  module  (1 1 1)  simpleGrading (1 1 1)
    hex (209 543 544 465 757 1091 1092 1013)  module  (1 1 1)  simpleGrading (1 1 1)
    hex (210 211 413 412 758 759 961 960)  module  (1 1 1)  simpleGrading (1 1 1)
    hex (210 412 464 465 758 960 1012 1013)  module  (1 1 1)  simpleGrading (1 1 1)
    hex (210 465 544 545 758 1013 1092 1093)  module  (1 1 1)  simpleGrading (1 1 1)
    hex (210 545 546 211 758 1093 1094 759)  module  (1 1 1)  simpleGrading (1 1 1)
    hex (211 212 414 413 759 760 962 961)  module  (1 1 1)  simpleGrading (1 1 1)
    hex (211 546 547 212 759 1094 1095 760)  module  (1 1 1)  simpleGrading (1 1 1)
    hex (213 214 265 264 761 762 813 812)  module  (1 1 1)  simpleGrading (1 1 1)
    hex (213 264 377 378 761 812 925 926)  module  (1 1 1)  simpleGrading (1 1 1)
    hex (213 378 379 495 761 926 927 1043)  module  (1 1 1)  simpleGrading (1 1 1)
    hex (213 495 496 214 761 1043 1044 762)  module  (1 1 1)  simpleGrading (1 1 1)
    hex (214 215 266 265 762 763 814 813)  module  (1 1 1)  simpleGrading (1 1 1)
    hex (214 496 497 215 762 1044 1045 763)  module  (1 1 1)  simpleGrading (1 1 1)
    hex (215 216 267 266 763 764 815 814)  module  (1 1 1)  simpleGrading (1 1 1)
    hex (215 497 498 216 763 1045 1046 764)  module  (1 1 1)  simpleGrading (1 1 1)
    hex (216 217 268 267 764 765 816 815)  module  (1 1 1)  simpleGrading (1 1 1)
    hex (216 498 499 217 764 1046 1047 765)  module  (1 1 1)  simpleGrading (1 1 1)
    hex (217 467 466 268 765 1015 1014 816)  module  (1 1 1)  simpleGrading (1 1 1)
    hex (217 499 500 467 765 1047 1048 1015)  module  (1 1 1)  simpleGrading (1 1 1)
    hex (218 219 270 269 766 767 818 817)  module  (1 1 1)  simpleGrading (1 1 1)
    hex (218 269 466 467 766 817 1014 1015)  module  (1 1 1)  simpleGrading (1 1 1)
    hex (218 467 500 501 766 1015 1048 1049)  module  (1 1 1)  simpleGrading (1 1 1)
    hex (218 501 502 219 766 1049 1050 767)  module  (1 1 1)  simpleGrading (1 1 1)
    hex (219 220 271 270 767 768 819 818)  module  (1 1 1)  simpleGrading (1 1 1)
    hex (219 502 503 220 767 1050 1051 768)  module  (1 1 1)  simpleGrading (1 1 1)
    hex (221 521 522 222 769 1069 1070 770)  module  (1 1 1)  simpleGrading (1 1 1)
    hex (222 223 443 442 770 771 991 990)  module  (1 1 1)  simpleGrading (1 1 1)
    hex (222 522 523 223 770 1070 1071 771)  module  (1 1 1)  simpleGrading (1 1 1)
    hex (223 224 444 443 771 772 992 991)  module  (1 1 1)  simpleGrading (1 1 1)
    hex (223 523 524 224 771 1071 1072 772)  module  (1 1 1)  simpleGrading (1 1 1)
    hex (224 225 445 444 772 773 993 992)  module  (1 1 1)  simpleGrading (1 1 1)
    hex (224 524 525 225 772 1072 1073 773)  module  (1 1 1)  simpleGrading (1 1 1)
    hex (225 284 446 445 773 832 994 993)  module  (1 1 1)  simpleGrading (1 1 1)
    hex (225 525 526 284 773 1073 1074 832)  module  (1 1 1)  simpleGrading (1 1 1)
    hex (226 227 448 447 774 775 996 995)  module  (1 1 1)  simpleGrading (1 1 1)
    hex (226 447 490 489 774 995 1038 1037)  module  (1 1 1)  simpleGrading (1 1 1)
    hex (226 489 527 528 774 1037 1075 1076)  module  (1 1 1)  simpleGrading (1 1 1)
    hex (226 528 529 227 774 1076 1077 775)  module  (1 1 1)  simpleGrading (1 1 1)
    hex (227 228 449 448 775 776 997 996)  module  (1 1 1)  simpleGrading (1 1 1)
    hex (227 529 530 228 775 1077 1078 776)  module  (1 1 1)  simpleGrading (1 1 1)
    hex (229 230 344 343 777 778 892 891)  module  (1 1 1)  simpleGrading (1 1 1)
    hex (229 343 518 517 777 891 1066 1065)  module  (1 1 1)  simpleGrading (1 1 1)
    hex (229 417 418 230 777 965 966 778)  module  (1 1 1)  simpleGrading (1 1 1)
    hex (229 517 516 417 777 1065 1064 965)  module  (1 1 1)  simpleGrading (1 1 1)
    hex (230 231 345 344 778 779 893 892)  module  (1 1 1)  simpleGrading (1 1 1)
    hex (230 418 419 231 778 966 967 779)  module  (1 1 1)  simpleGrading (1 1 1)
    hex (231 232 346 345 779 780 894 893)  module  (1 1 1)  simpleGrading (1 1 1)
    hex (231 419 420 232 779 967 968 780)  module  (1 1 1)  simpleGrading (1 1 1)
    hex (232 233 347 346 780 781 895 894)  module  (1 1 1)  simpleGrading (1 1 1)
    hex (232 420 421 233 780 968 969 781)  module  (1 1 1)  simpleGrading (1 1 1)
    hex (233 234 348 347 781 782 896 895)  module  (1 1 1)  simpleGrading (1 1 1)
    hex (233 421 422 234 781 969 970 782)  module  (1 1 1)  simpleGrading (1 1 1)
    hex (234 281 349 348 782 829 897 896)  module  (1 1 1)  simpleGrading (1 1 1)
    hex (234 422 423 281 782 970 971 829)  module  (1 1 1)  simpleGrading (1 1 1)
    hex (235 236 351 350 783 784 899 898)  module  (1 1 1)  simpleGrading (1 1 1)
    hex (235 350 488 487 783 898 1036 1035)  module  (1 1 1)  simpleGrading (1 1 1)
    hex (235 424 425 236 783 972 973 784)  module  (1 1 1)  simpleGrading (1 1 1)
    hex (235 487 486 424 783 1035 1034 972)  module  (1 1 1)  simpleGrading (1 1 1)
    hex (236 237 352 351 784 785 900 899)  module  (1 1 1)  simpleGrading (1 1 1)
    hex (236 425 426 237 784 973 974 785)  module  (1 1 1)  simpleGrading (1 1 1)
    hex (238 326 327 239 786 874 875 787)  module  (1 1 1)  simpleGrading (1 1 1)
    hex (239 327 328 285 787 875 876 833)  module  (1 1 1)  simpleGrading (1 1 1)
    hex (240 329 330 241 788 877 878 789)  module  (1 1 1)  simpleGrading (1 1 1)
    hex (240 492 491 329 788 1040 1039 877)  module  (1 1 1)  simpleGrading (1 1 1)
    hex (241 330 331 242 789 878 879 790)  module  (1 1 1)  simpleGrading (1 1 1)
    hex (243 244 497 496 791 792 1045 1044)  module  (1 1 1)  simpleGrading (1 1 1)
    hex (244 245 498 497 792 793 1046 1045)  module  (1 1 1)  simpleGrading (1 1 1)
    hex (245 246 499 498 793 794 1047 1046)  module  (1 1 1)  simpleGrading (1 1 1)
    hex (246 468 500 499 794 1016 1048 1047)  module  (1 1 1)  simpleGrading (1 1 1)
    hex (247 248 502 501 795 796 1050 1049)  module  (1 1 1)  simpleGrading (1 1 1)
    hex (247 501 500 468 795 1049 1048 1016)  module  (1 1 1)  simpleGrading (1 1 1)
    hex (248 249 503 502 796 797 1051 1050)  module  (1 1 1)  simpleGrading (1 1 1)
    hex (251 293 294 252 799 841 842 800)  module  (1 1 1)  simpleGrading (1 1 1)
    hex (252 294 356 368 800 842 904 916)  module  (1 1 1)  simpleGrading (1 1 1)
    hex (253 295 504 254 801 843 1052 802)  module  (1 1 1)  simpleGrading (1 1 1)
    hex (253 368 356 295 801 916 904 843)  module  (1 1 1)  simpleGrading (1 1 1)
    hex (254 504 296 296 802 1052 844 844)  module  (1 1 1)  simpleGrading (1 1 1)
    hex (255 297 531 531 803 845 1079 1079)  module  (1 1 1)  simpleGrading (1 1 1)
    hex (255 531 298 256 803 1079 846 804)  module  (1 1 1)  simpleGrading (1 1 1)
    hex (256 298 393 392 804 846 941 940)  module  (1 1 1)  simpleGrading (1 1 1)
    hex (257 299 300 258 805 847 848 806)  module  (1 1 1)  simpleGrading (1 1 1)
    hex (257 392 393 299 805 940 941 847)  module  (1 1 1)  simpleGrading (1 1 1)
    hex (258 300 301 259 806 848 849 807)  module  (1 1 1)  simpleGrading (1 1 1)
    hex (259 301 302 260 807 849 850 808)  module  (1 1 1)  simpleGrading (1 1 1)
    hex (260 302 403 404 808 850 951 952)  module  (1 1 1)  simpleGrading (1 1 1)
    hex (261 303 304 536 809 851 852 1084)  module  (1 1 1)  simpleGrading (1 1 1)
    hex (261 404 403 303 809 952 951 851)  module  (1 1 1)  simpleGrading (1 1 1)
    hex (262 263 537 536 810 811 1085 1084)  module  (1 1 1)  simpleGrading (1 1 1)
    hex (262 536 304 304 810 1084 852 852)  module  (1 1 1)  simpleGrading (1 1 1)
    hex (263 377 538 537 811 925 1086 1085)  module  (1 1 1)  simpleGrading (1 1 1)
    hex (264 265 540 539 812 813 1088 1087)  module  (1 1 1)  simpleGrading (1 1 1)
    hex (264 539 538 377 812 1087 1086 925)  module  (1 1 1)  simpleGrading (1 1 1)
    hex (265 266 541 540 813 814 1089 1088)  module  (1 1 1)  simpleGrading (1 1 1)
    hex (266 267 542 541 814 815 1090 1089)  module  (1 1 1)  simpleGrading (1 1 1)
    hex (267 268 543 542 815 816 1091 1090)  module  (1 1 1)  simpleGrading (1 1 1)
    hex (268 466 544 543 816 1014 1092 1091)  module  (1 1 1)  simpleGrading (1 1 1)
    hex (269 270 546 545 817 818 1094 1093)  module  (1 1 1)  simpleGrading (1 1 1)
    hex (269 545 544 466 817 1093 1092 1014)  module  (1 1 1)  simpleGrading (1 1 1)
    hex (270 271 547 546 818 819 1095 1094)  module  (1 1 1)  simpleGrading (1 1 1)
    hex (278 483 484 279 826 1031 1032 827)  module  (1 1 1)  simpleGrading (1 1 1)
    hex (279 484 485 280 827 1032 1033 828)  module  (1 1 1)  simpleGrading (1 1 1)
    hex (280 485 486 423 828 1033 1034 971)  module  (1 1 1)  simpleGrading (1 1 1)
    hex (281 423 486 487 829 971 1034 1035)  module  (1 1 1)  simpleGrading (1 1 1)
    hex (281 487 488 349 829 1035 1036 897)  module  (1 1 1)  simpleGrading (1 1 1)
    hex (282 283 292 291 830 831 840 839)  module  (1 1 1)  simpleGrading (1 1 1)
    hex (284 489 490 446 832 1037 1038 994)  module  (1 1 1)  simpleGrading (1 1 1)
    hex (284 526 527 489 832 1074 1075 1037)  module  (1 1 1)  simpleGrading (1 1 1)
    hex (285 328 491 492 833 876 1039 1040)  module  (1 1 1)  simpleGrading (1 1 1)
    hex (285 492 493 286 833 1040 1041 834)  module  (1 1 1)  simpleGrading (1 1 1)
    hex (286 493 494 287 834 1041 1042 835)  module  (1 1 1)  simpleGrading (1 1 1)
    hex (291 292 310 309 839 840 858 857)  module  (1 1 1)  simpleGrading (1 1 1)
    hex (296 504 505 332 844 1052 1053 880)  module  (1 1 1)  simpleGrading (1 1 1)
    hex (297 398 532 531 845 946 1080 1079)  module  (1 1 1)  simpleGrading (1 1 1)
    hex (309 310 317 316 857 858 865 864)  module  (1 1 1)  simpleGrading (1 1 1)
    hex (323 433 434 324 871 981 982 872)  module  (1 1 1)  simpleGrading (1 1 1)
    hex (325 443 444 326 873 991 992 874)  module  (1 1 1)  simpleGrading (1 1 1)
    hex (326 444 445 327 874 992 993 875)  module  (1 1 1)  simpleGrading (1 1 1)
    hex (327 445 446 328 875 993 994 876)  module  (1 1 1)  simpleGrading (1 1 1)
    hex (328 446 490 491 876 994 1038 1039)  module  (1 1 1)  simpleGrading (1 1 1)
    hex (329 447 448 330 877 995 996 878)  module  (1 1 1)  simpleGrading (1 1 1)
    hex (329 491 490 447 877 1039 1038 995)  module  (1 1 1)  simpleGrading (1 1 1)
    hex (330 448 449 331 878 996 997 879)  module  (1 1 1)  simpleGrading (1 1 1)
    hex (332 505 506 357 880 1053 1054 905)  module  (1 1 1)  simpleGrading (1 1 1)
    hex (333 357 506 507 881 905 1054 1055)  module  (1 1 1)  simpleGrading (1 1 1)
    hex (333 507 508 334 881 1055 1056 882)  module  (1 1 1)  simpleGrading (1 1 1)
    hex (334 508 509 335 882 1056 1057 883)  module  (1 1 1)  simpleGrading (1 1 1)
    hex (335 509 510 336 883 1057 1058 884)  module  (1 1 1)  simpleGrading (1 1 1)
    hex (336 510 511 437 884 1058 1059 985)  module  (1 1 1)  simpleGrading (1 1 1)
    hex (337 437 511 512 885 985 1059 1060)  module  (1 1 1)  simpleGrading (1 1 1)
    hex (337 512 513 338 885 1060 1061 886)  module  (1 1 1)  simpleGrading (1 1 1)
    hex (338 513 514 339 886 1061 1062 887)  module  (1 1 1)  simpleGrading (1 1 1)
    hex (339 514 515 340 887 1062 1063 888)  module  (1 1 1)  simpleGrading (1 1 1)
    hex (340 515 516 416 888 1063 1064 964)  module  (1 1 1)  simpleGrading (1 1 1)
    hex (341 416 516 517 889 964 1064 1065)  module  (1 1 1)  simpleGrading (1 1 1)
    hex (341 517 518 342 889 1065 1066 890)  module  (1 1 1)  simpleGrading (1 1 1)
    hex (342 518 519 519 890 1066 1067 1067)  module  (1 1 1)  simpleGrading (1 1 1)
    hex (343 344 521 520 891 892 1069 1068)  module  (1 1 1)  simpleGrading (1 1 1)
    hex (343 520 519 518 891 1068 1067 1066)  module  (1 1 1)  simpleGrading (1 1 1)
    hex (344 345 522 521 892 893 1070 1069)  module  (1 1 1)  simpleGrading (1 1 1)
    hex (345 346 523 522 893 894 1071 1070)  module  (1 1 1)  simpleGrading (1 1 1)
    hex (346 347 524 523 894 895 1072 1071)  module  (1 1 1)  simpleGrading (1 1 1)
    hex (347 348 525 524 895 896 1073 1072)  module  (1 1 1)  simpleGrading (1 1 1)
    hex (348 349 526 525 896 897 1074 1073)  module  (1 1 1)  simpleGrading (1 1 1)
    hex (349 488 527 526 897 1036 1075 1074)  module  (1 1 1)  simpleGrading (1 1 1)
    hex (350 351 529 528 898 899 1077 1076)  module  (1 1 1)  simpleGrading (1 1 1)
    hex (350 528 527 488 898 1076 1075 1036)  module  (1 1 1)  simpleGrading (1 1 1)
    hex (351 352 530 529 899 900 1078 1077)  module  (1 1 1)  simpleGrading (1 1 1)
    hex (398 399 533 532 946 947 1081 1080)  module  (1 1 1)  simpleGrading (1 1 1)
    hex (399 400 534 533 947 948 1082 1081)  module  (1 1 1)  simpleGrading (1 1 1)

    // ======== zone module, x = 0.01 to 0.018 ========
    hex (548 652 651 583 1096 1200 1199 1131)  module  (1 1 1)  simpleGrading (1 1 1)
    hex (549 582 600 601 1097 1130 1148 1149)  module  (1 1 1)  simpleGrading (1 1 1)
    hex (550 578 598 598 1098 1126 1146 1146)  module  (1 1 1)  simpleGrading (1 1 1)
    hex (550 598 834 835 1098 1146 1382 1383)  module  (1 1 1)  simpleGrading (1 1 1)
    hex (551 605 936 937 1099 1153 1484 1485)  module  (1 1 1)  simpleGrading (1 1 1)
    hex (551 937 938 938 1099 1485 1486 1486)  module  (1 1 1)  simpleGrading (1 1 1)
    hex (554 914 913 618 1102 1462 1461 1166)  module  (1 1 1)  simpleGrading (1 1 1)
    hex (554 915 914 914 1102 1463 1462 1462)  module  (1 1 1)  simpleGrading (1 1 1)
    hex (555 649 648 648 1103 1197 1196 1196)  module  (1 1 1)  simpleGrading (1 1 1)
    hex (555 735 734 649 1103 1283 1282 1197)  module  (1 1 1)  simpleGrading (1 1 1)
    hex (556 908 907 566 1104 1456 1455 1114)  module  (1 1 1)  simpleGrading (1 1 1)
    hex (556 928 908 908 1104 1476 1456 1456)  module  (1 1 1)  simpleGrading (1 1 1)
    hex (557 565 726 727 1105 1113 1274 1275)  module  (1 1 1)  simpleGrading (1 1 1)
    hex (557 620 642 641 1105 1168 1190 1189)  module  (1 1 1)  simpleGrading (1 1 1)
    hex (557 641 640 565 1105 1189 1188 1113)  module  (1 1 1)  simpleGrading (1 1 1)
    hex (557 727 728 728 1105 1275 1276 1276)  module  (1 1 1)  simpleGrading (1 1 1)
    hex (557 728 729 620 1105 1276 1277 1168)  module  (1 1 1)  simpleGrading (1 1 1)
    hex (558 584 596 595 1106 1132 1144 1143)  module  (1 1 1)  simpleGrading (1 1 1)
    hex (558 593 622 623 1106 1141 1170 1171)  module  (1 1 1)  simpleGrading (1 1 1)
    hex (558 595 564 593 1106 1143 1112 1141)  module  (1 1 1)  simpleGrading (1 1 1)
    hex (558 623 624 584 1106 1171 1172 1132)  module  (1 1 1)  simpleGrading (1 1 1)
    hex (559 581 611 610 1107 1129 1159 1158)  module  (1 1 1)  simpleGrading (1 1 1)
    hex (559 589 675 676 1107 1137 1223 1224)  module  (1 1 1)  simpleGrading (1 1 1)
    hex (559 610 609 589 1107 1158 1157 1137)  module  (1 1 1)  simpleGrading (1 1 1)
    hex (559 676 677 581 1107 1224 1225 1129)  module  (1 1 1)  simpleGrading (1 1 1)
    hex (560 597 608 607 1108 1145 1156 1155)  module  (1 1 1)  simpleGrading (1 1 1)
    hex (560 607 665 664 1108 1155 1213 1212)  module  (1 1 1)  simpleGrading (1 1 1)
    hex (560 663 673 673 1108 1211 1221 1221)  module  (1 1 1)  simpleGrading (1 1 1)
    hex (560 664 663 663 1108 1212 1211 1211)  module  (1 1 1)  simpleGrading (1 1 1)
    hex (560 673 674 597 1108 1221 1222 1145)  module  (1 1 1)  simpleGrading (1 1 1)
    hex (561 562 707 708 1109 1110 1255 1256)  module  (1 1 1)  simpleGrading (1 1 1)
    hex (561 708 709 709 1109 1256 1257 1257)  module  (1 1 1)  simpleGrading (1 1 1)
    hex (561 709 715 715 1109 1257 1263 1263)  module  (1 1 1)  simpleGrading (1 1 1)
    hex (561 715 1058 1057 1109 1263 1606 1605)  module  (1 1 1)  simpleGrading (1 1 1)
    hex (561 1057 1056 562 1109 1605 1604 1110)  module  (1 1 1)  simpleGrading (1 1 1)
    hex (562 691 696 696 1110 1239 1244 1244)  module  (1 1 1)  simpleGrading (1 1 1)
    hex (562 696 707 707 1110 1244 1255 1255)  module  (1 1 1)  simpleGrading (1 1 1)
    hex (562 1056 1055 691 1110 1604 1603 1239)  module  (1 1 1)  simpleGrading (1 1 1)
    hex (563 564 595 591 1111 1112 1143 1139)  module  (1 1 1)  simpleGrading (1 1 1)
    hex (563 591 1005 1004 1111 1139 1553 1552)  module  (1 1 1)  simpleGrading (1 1 1)
    hex (563 1003 1007 1007 1111 1551 1555 1555)  module  (1 1 1)  simpleGrading (1 1 1)
    hex (563 1004 1003 1003 1111 1552 1551 1551)  module  (1 1 1)  simpleGrading (1 1 1)
    hex (563 1007 1008 564 1111 1555 1556 1112)  module  (1 1 1)  simpleGrading (1 1 1)
    hex (564 1008 1009 593 1112 1556 1557 1141)  module  (1 1 1)  simpleGrading (1 1 1)
    hex (565 640 724 725 1113 1188 1272 1273)  module  (1 1 1)  simpleGrading (1 1 1)
    hex (565 725 726 726 1113 1273 1274 1274)  module  (1 1 1)  simpleGrading (1 1 1)
    hex (566 907 930 930 1114 1455 1478 1478)  module  (1 1 1)  simpleGrading (1 1 1)
    hex (566 930 931 570 1114 1478 1479 1118)  module  (1 1 1)  simpleGrading (1 1 1)
    hex (569 572 919 918 1117 1120 1467 1466)  module  (1 1 1)  simpleGrading (1 1 1)
    hex (569 801 802 802 1117 1349 1350 1350)  module  (1 1 1)  simpleGrading (1 1 1)
    hex (569 802 803 572 1117 1350 1351 1120)  module  (1 1 1)  simpleGrading (1 1 1)
    hex (569 917 916 801 1117 1465 1464 1349)  module  (1 1 1)  simpleGrading (1 1 1)
    hex (569 918 917 917 1117 1466 1465 1465)  module  (1 1 1)  simpleGrading (1 1 1)
    hex (570 931 932 575 1118 1479 1480 1123)  module  (1 1 1)  simpleGrading (1 1 1)
    hex (572 803 804 804 1120 1351 1352 1352)  module  (1 1 1)  simpleGrading (1 1 1)
    hex (572 804 940 939 1120 1352 1488 1487)  module  (1 1 1)  simpleGrading (1 1 1)
    hex (572 939 919 919 1120 1487 1467 1467)  module  (1 1 1)  simpleGrading (1 1 1)
    hex (573 811 810 810 1121 1359 1358 1358)  module  (1 1 1)  simpleGrading (1 1 1)
    hex (573 926 925 811 1121 1474 1473 1359)  module  (1 1 1)  simpleGrading (1 1 1)
    hex (573 927 926 926 1121 1475 1474 1474)  module  (1 1 1)  simpleGrading (1 1 1)
    hex (574 769 714 714 1122 1317 1262 1262)  module  (1 1 1)  simpleGrading (1 1 1)
    hex (574 1067 1068 1068 1122 1615 1616 1616)  module  (1 1 1)  simpleGrading (1 1 1)
    hex (574 1068 1069 769 1122 1616 1617 1317)  module  (1 1 1)  simpleGrading (1 1 1)
    hex (575 932 933 717 1123 1480 1481 1265)  module  (1 1 1)  simpleGrading (1 1 1)
    hex (577 606 1062 1061 1125 1154 1610 1609)  module  (1 1 1)  simpleGrading (1 1 1)
    hex (577 678 710 711 1125 1226 1258 1259)  module  (1 1 1)  simpleGrading (1 1 1)
    hex (577 711 712 606 1125 1259 1260 1154)  module  (1 1 1)  simpleGrading (1 1 1)
    hex (577 1061 1060 678 1125 1609 1608 1226)  module  (1 1 1)  simpleGrading (1 1 1)
    hex (578 672 786 786 1126 1220 1334 1334)  module  (1 1 1)  simpleGrading (1 1 1)
    hex (578 786 787 598 1126 1334 1335 1146)  module  (1 1 1)  simpleGrading (1 1 1)
    hex (579 679 934 935 1127 1227 1482 1483)  module  (1 1 1)  simpleGrading (1 1 1)
    hex (579 935 936 605 1127 1483 1484 1153)  module  (1 1 1)  simpleGrading (1 1 1)
    hex (582 590 599 600 1130 1138 1147 1148)  module  (1 1 1)  simpleGrading (1 1 1)
    hex (583 651 650 594 1131 1199 1198 1142)  module  (1 1 1)  simpleGrading (1 1 1)
    hex (585 619 922 921 1133 1167 1470 1469)  module  (1 1 1)  simpleGrading (1 1 1)
    hex (585 748 805 806 1133 1296 1353 1354)  module  (1 1 1)  simpleGrading (1 1 1)
    hex (585 806 807 619 1133 1354 1355 1167)  module  (1 1 1)  simpleGrading (1 1 1)
    hex (585 921 920 748 1133 1469 1468 1296)  module  (1 1 1)  simpleGrading (1 1 1)
    hex (586 618 913 912 1134 1166 1461 1460)  module  (1 1 1)  simpleGrading (1 1 1)
    hex (586 912 911 750 1134 1460 1459 1298)  module  (1 1 1)  simpleGrading (1 1 1)
    hex (588 647 792 791 1136 1195 1340 1339)  module  (1 1 1)  simpleGrading (1 1 1)
    hex (588 648 647 647 1136 1196 1195 1195)  module  (1 1 1)  simpleGrading (1 1 1)
    hex (588 791 731 731 1136 1339 1279 1279)  module  (1 1 1)  simpleGrading (1 1 1)
    hex (589 609 1032 1031 1137 1157 1580 1579)  module  (1 1 1)  simpleGrading (1 1 1)
    hex (589 1031 1030 675 1137 1579 1578 1223)  module  (1 1 1)  simpleGrading (1 1 1)
    hex (590 1042 1041 599 1138 1590 1589 1147)  module  (1 1 1)  simpleGrading (1 1 1)
    hex (591 592 1006 1005 1139 1140 1554 1553)  module  (1 1 1)  simpleGrading (1 1 1)
    hex (591 595 596 592 1139 1143 1144 1140)  module  (1 1 1)  simpleGrading (1 1 1)
    hex (593 1009 1010 622 1141 1557 1558 1170)  module  (1 1 1)  simpleGrading (1 1 1)
    hex (594 650 1018 1019 1142 1198 1566 1567)  module  (1 1 1)  simpleGrading (1 1 1)
    hex (597 674 825 826 1145 1222 1373 1374)  module  (1 1 1)  simpleGrading (1 1 1)
    hex (597 826 827 608 1145 1374 1375 1156)  module  (1 1 1)  simpleGrading (1 1 1)
    hex (598 787 833 834 1146 1335 1381 1382)  module  (1 1 1)  simpleGrading (1 1 1)
    hex (599 788 789 600 1147 1336 1337 1148)  module  (1 1 1)  simpleGrading (1 1 1)
    hex (599 1041 1040 788 1147 1589 1588 1336)  module  (1 1 1)  simpleGrading (1 1 1)
    hex (600 789 790 601 1148 1337 1338 1149)  module  (1 1 1)  simpleGrading (1 1 1)
    hex (602 637 798 798 1150 1185 1346 1346)  module  (1 1 1)  simpleGrading (1 1 1)
    hex (602 666 667 667 1150 1214 1215 1215)  module  (1 1 1)  simpleGrading (1 1 1)
    hex (602 667 821 821 1150 1215 1369 1369)  module  (1 1 1)  simpleGrading (1 1 1)
    hex (602 798 658 666 1150 1346 1206 1214)  module  (1 1 1)  simpleGrading (1 1 1)
    hex (602 821 837 836 1150 1369 1385 1384)  module  (1 1 1)  simpleGrading (1 1 1)
    hex (602 836 637 637 1150 1384 1185 1185)  module  (1 1 1)  simpleGrading (1 1 1)
    hex (603 604 722 721 1151 1152 1270 1269)  module  (1 1 1)  simpleGrading (1 1 1)
    hex (603 640 641 604 1151 1188 1189 1152)  module  (1 1 1)  simpleGrading (1 1 1)
    hex (603 719 724 640 1151 1267 1272 1188)  module  (1 1 1)  simpleGrading (1 1 1)
    hex (603 721 720 719 1151 1269 1268 1267)  module  (1 1 1)  simpleGrading (1 1 1)
    hex (604 621 723 722 1152 1169 1271 1270)  module  (1 1 1)  simpleGrading (1 1 1)
    hex (604 641 642 621 1152 1189 1190 1169)  module  (1 1 1)  simpleGrading (1 1 1)
    hex (606 612 1063 1062 1154 1160 1611 1610)  module  (1 1 1)  simpleGrading (1 1 1)
    hex (606 712 713 612 1154 1260 1261 1160)  module  (1 1 1)  simpleGrading (1 1 1)
    hex (607 608 614 613 1155 1156 1162 1161)  module  (1 1 1)  simpleGrading (1 1 1)
    hex (607 613 671 665 1155 1161 1219 1213)  module  (1 1 1)  simpleGrading (1 1 1)
    hex (608 827 828 614 1156 1375 1376 1162)  module  (1 1 1)  simpleGrading (1 1 1)
    hex (609 610 616 615 1157 1158 1164 1163)  module  (1 1 1)  simpleGrading (1 1 1)
    hex (609 615 1033 1032 1157 1163 1581 1580)  module  (1 1 1)  simpleGrading (1 1 1)
    hex (610 611 617 616 1158 1159 1165 1164)  module  (1 1 1)  simpleGrading (1 1 1)
    hex (612 713 966 965 1160 1261 1514 1513)  module  (1 1 1)  simpleGrading (1 1 1)
    hex (612 965 1064 1063 1160 1513 1612 1611)  module  (1 1 1)  simpleGrading (1 1 1)
    hex (613 614 970 969 1161 1162 1518 1517)  module  (1 1 1)  simpleGrading (1 1 1)
    hex (613 969 968 671 1161 1517 1516 1219)  module  (1 1 1)  simpleGrading (1 1 1)
    hex (614 828 971 970 1162 1376 1519 1518)  module  (1 1 1)  simpleGrading (1 1 1)
    hex (615 616 973 972 1163 1164 1521 1520)  module  (1 1 1)  simpleGrading (1 1 1)
    hex (615 972 1034 1033 1163 1520 1582 1581)  module  (1 1 1)  simpleGrading (1 1 1)
    hex (616 617 974 973 1164 1165 1522 1521)  module  (1 1 1)  simpleGrading (1 1 1)
    hex (619 625 923 922 1167 1173 1471 1470)  module  (1 1 1)  simpleGrading (1 1 1)
    hex (619 807 808 625 1167 1355 1356 1173)  module  (1 1 1)  simpleGrading (1 1 1)
    hex (620 626 646 642 1168 1174 1194 1190)  module  (1 1 1)  simpleGrading (1 1 1)
    hex (620 729 730 626 1168 1277 1278 1174)  module  (1 1 1)  simpleGrading (1 1 1)
    hex (621 627 732 723 1169 1175 1280 1271)  module  (1 1 1)  simpleGrading (1 1 1)
    hex (621 642 646 627 1169 1190 1194 1175)  module  (1 1 1)  simpleGrading (1 1 1)
    hex (622 628 629 623 1170 1176 1177 1171)  module  (1 1 1)  simpleGrading (1 1 1)
    hex (622 1010 1011 628 1170 1558 1559 1176)  module  (1 1 1)  simpleGrading (1 1 1)
    hex (623 629 630 624 1171 1177 1178 1172)  module  (1 1 1)  simpleGrading (1 1 1)
    hex (625 808 952 953 1173 1356 1500 1501)  module  (1 1 1)  simpleGrading (1 1 1)
    hex (625 953 954 923 1173 1501 1502 1471)  module  (1 1 1)  simpleGrading (1 1 1)
    hex (626 730 955 956 1174 1278 1503 1504)  module  (1 1 1)  simpleGrading (1 1 1)
    hex (626 956 957 646 1174 1504 1505 1194)  module  (1 1 1)  simpleGrading (1 1 1)
    hex (627 646 957 958 1175 1194 1505 1506)  module  (1 1 1)  simpleGrading (1 1 1)
    hex (627 958 959 732 1175 1506 1507 1280)  module  (1 1 1)  simpleGrading (1 1 1)
    hex (628 960 961 629 1176 1508 1509 1177)  module  (1 1 1)  simpleGrading (1 1 1)
    hex (628 1011 1012 960 1176 1559 1560 1508)  module  (1 1 1)  simpleGrading (1 1 1)
    hex (629 961 962 630 1177 1509 1510 1178)  module  (1 1 1)  simpleGrading (1 1 1)
    hex (631 647 648 649 1179 1195 1196 1197)  module  (1 1 1)  simpleGrading (1 1 1)
    hex (631 649 734 733 1179 1197 1282 1281)  module  (1 1 1)  simpleGrading (1 1 1)
    hex (631 733 794 793 1179 1281 1342 1341)  module  (1 1 1)  simpleGrading (1 1 1)
    hex (631 793 792 647 1179 1341 1340 1195)  module  (1 1 1)  simpleGrading (1 1 1)
    hex (632 633 796 795 1180 1181 1344 1343)  module  (1 1 1)  simpleGrading (1 1 1)
    hex (632 650 651 633 1180 1198 1199 1181)  module  (1 1 1)  simpleGrading (1 1 1)
    hex (632 795 1016 1017 1180 1343 1564 1565)  module  (1 1 1)  simpleGrading (1 1 1)
    hex (632 1017 1018 650 1180 1565 1566 1198)  module  (1 1 1)  simpleGrading (1 1 1)
    hex (633 634 797 796 1181 1182 1345 1344)  module  (1 1 1)  simpleGrading (1 1 1)
    hex (633 651 652 634 1181 1199 1200 1182)  module  (1 1 1)  simpleGrading (1 1 1)
    hex (635 910 1081 1082 1183 1458 1629 1630)  module  (1 1 1)  simpleGrading (1 1 1)
    hex (635 944 943 910 1183 1492 1491 1458)  module  (1 1 1)  simpleGrading (1 1 1)
    hex (637 660 841 841 1185 1208 1389 1389)  module  (1 1 1)  simpleGrading (1 1 1)
    hex (637 836 854 853 1185 1384 1402 1401)  module  (1 1 1)  simpleGrading (1 1 1)
    hex (637 841 799 798 1185 1389 1347 1346)  module  (1 1 1)  simpleGrading (1 1 1)
    hex (637 853 660 660 1185 1401 1208 1208)  module  (1 1 1)  simpleGrading (1 1 1)
    hex (638 639 978 977 1186 1187 1526 1525)  module  (1 1 1)  simpleGrading (1 1 1)
    hex (638 653 654 639 1186 1201 1202 1187)  module  (1 1 1)  simpleGrading (1 1 1)
    hex (638 662 661 653 1186 1210 1209 1201)  module  (1 1 1)  simpleGrading (1 1 1)
    hex (638 977 976 662 1186 1525 1524 1210)  module  (1 1 1)  simpleGrading (1 1 1)
    hex (639 654 823 824 1187 1202 1371 1372)  module  (1 1 1)  simpleGrading (1 1 1)
    hex (639 824 979 978 1187 1372 1527 1526)  module  (1 1 1)  simpleGrading (1 1 1)
    hex (643 644 981 980 1191 1192 1529 1528)  module  (1 1 1)  simpleGrading (1 1 1)
    hex (643 655 656 644 1191 1203 1204 1192)  module  (1 1 1)  simpleGrading (1 1 1)
    hex (643 980 1028 1027 1191 1528 1576 1575)  module  (1 1 1)  simpleGrading (1 1 1)
    hex (643 1027 1026 655 1191 1575 1574 1203)  module  (1 1 1)  simpleGrading (1 1 1)
    hex (644 645 982 981 1192 1193 1530 1529)  module  (1 1 1)  simpleGrading (1 1 1)
    hex (644 656 657 645 1192 1204 1205 1193)  module  (1 1 1)  simpleGrading (1 1 1)
    hex (653 661 697 702 1201 1209 1245 1250)  module  (1 1 1)  simpleGrading (1 1 1)
    hex (653 702 703 654 1201 1250 1251 1202)  module  (1 1 1)  simpleGrading (1 1 1)
    hex (654 703 822 823 1202 1251 1370 1371)  module  (1 1 1)  simpleGrading (1 1 1)
    hex (655 704 705 656 1203 1252 1253 1204)  module  (1 1 1)  simpleGrading (1 1 1)
    hex (655 1026 1025 704 1203 1574 1573 1252)  module  (1 1 1)  simpleGrading (1 1 1)
    hex (656 705 706 657 1204 1253 1254 1205)  module  (1 1 1)  simpleGrading (1 1 1)
    hex (658 659 999 1000 1206 1207 1547 1548)  module  (1 1 1)  simpleGrading (1 1 1)
    hex (658 798 799 659 1206 1346 1347 1207)  module  (1 1 1)  simpleGrading (1 1 1)
    hex (658 1000 1001 666 1206 1548 1549 1214)  module  (1 1 1)  simpleGrading (1 1 1)
    hex (659 736 998 999 1207 1284 1546 1547)  module  (1 1 1)  simpleGrading (1 1 1)
    hex (659 799 800 736 1207 1347 1348 1284)  module  (1 1 1)  simpleGrading (1 1 1)
    hex (660 737 842 841 1208 1285 1390 1389)  module  (1 1 1)  simpleGrading (1 1 1)
    hex (660 738 737 737 1208 1286 1285 1285)  module  (1 1 1)  simpleGrading (1 1 1)
    hex (660 853 860 859 1208 1401 1408 1407)  module  (1 1 1)  simpleGrading (1 1 1)
    hex (660 859 738 738 1208 1407 1286 1286)  module  (1 1 1)  simpleGrading (1 1 1)
    hex (661 662 741 740 1209 1210 1289 1288)  module  (1 1 1)  simpleGrading (1 1 1)
    hex (661 740 739 697 1209 1288 1287 1245)  module  (1 1 1)  simpleGrading (1 1 1)
    hex (662 976 975 741 1210 1524 1523 1289)  module  (1 1 1)  simpleGrading (1 1 1)
    hex (663 664 744 743 1211 1212 1292 1291)  module  (1 1 1)  simpleGrading (1 1 1)
    hex (663 742 866 866 1211 1290 1414 1414)  module  (1 1 1)  simpleGrading (1 1 1)
    hex (663 743 742 742 1211 1291 1290 1290)  module  (1 1 1)  simpleGrading (1 1 1)
    hex (663 866 867 673 1211 1414 1415 1221)  module  (1 1 1)  simpleGrading (1 1 1)
    hex (664 665 745 744 1212 1213 1293 1292)  module  (1 1 1)  simpleGrading (1 1 1)
    hex (665 671 746 745 1213 1219 1294 1293)  module  (1 1 1)  simpleGrading (1 1 1)
    hex (666 1001 1002 667 1214 1549 1550 1215)  module  (1 1 1)  simpleGrading (1 1 1)
    hex (667 1002 1003 1003 1215 1550 1551 1551)  module  (1 1 1)  simpleGrading (1 1 1)
    hex (667 1003 1020 1020 1215 1551 1568 1568)  module  (1 1 1)  simpleGrading (1 1 1)
    hex (667 1020 1021 821 1215 1568 1569 1369)  module  (1 1 1)  simpleGrading (1 1 1)
    hex (668 669 830 820 1216 1217 1378 1368)  module  (1 1 1)  simpleGrading (1 1 1)
    hex (668 820 1021 1020 1216 1368 1569 1568)  module  (1 1 1)  simpleGrading (1 1 1)
    hex (668 1004 1005 669 1216 1552 1553 1217)  module  (1 1 1)  simpleGrading (1 1 1)
    hex (668 1020 1003 1004 1216 1568 1551 1552)  module  (1 1 1)  simpleGrading (1 1 1)
    hex (669 670 831 830 1217 1218 1379 1378)  module  (1 1 1)  simpleGrading (1 1 1)
    hex (669 1005 1006 670 1217 1553 1554 1218)  module  (1 1 1)  simpleGrading (1 1 1)
    hex (671 968 967 746 1219 1516 1515 1294)  module  (1 1 1)  simpleGrading (1 1 1)
    hex (672 747 873 873 1220 1295 1421 1421)  module  (1 1 1)  simpleGrading (1 1 1)
    hex (672 873 874 786 1220 1421 1422 1334)  module  (1 1 1)  simpleGrading (1 1 1)
    hex (673 867 868 674 1221 1415 1416 1222)  module  (1 1 1)  simpleGrading (1 1 1)
    hex (674 868 869 825 1222 1416 1417 1373)  module  (1 1 1)  simpleGrading (1 1 1)
    hex (675 870 871 676 1223 1418 1419 1224)  module  (1 1 1)  simpleGrading (1 1 1)
    hex (675 1030 1029 870 1223 1578 1577 1418)  module  (1 1 1)  simpleGrading (1 1 1)
    hex (676 871 872 677 1224 1419 1420 1225)  module  (1 1 1)  simpleGrading (1 1 1)
    hex (678 984 983 710 1226 1532 1531 1258)  module  (1 1 1)  simpleGrading (1 1 1)
    hex (678 1060 1059 984 1226 1608 1607 1532)  module  (1 1 1)  simpleGrading (1 1 1)
    hex (679 988 987 934 1227 1536 1535 1482)  module  (1 1 1)  simpleGrading (1 1 1)
    hex (681 843 904 903 1229 1391 1452 1451)  module  (1 1 1)  simpleGrading (1 1 1)
    hex (681 901 1054 1053 1229 1449 1602 1601)  module  (1 1 1)  simpleGrading (1 1 1)
    hex (681 903 902 901 1229 1451 1450 1449)  module  (1 1 1)  simpleGrading (1 1 1)
    hex (681 1053 1052 843 1229 1601 1600 1391)  module  (1 1 1)  simpleGrading (1 1 1)
    hex (682 683 845 844 1230 1231 1393 1392)  module  (1 1 1)  simpleGrading (1 1 1)
    hex (682 844 880 880 1230 1392 1428 1428)  module  (1 1 1)  simpleGrading (1 1 1)
    hex (682 880 905 906 1230 1428 1453 1454)  module  (1 1 1)  simpleGrading (1 1 1)
    hex (682 906 907 907 1230 1454 1455 1455)  module  (1 1 1)  simpleGrading (1 1 1)
    hex (682 907 908 683 1230 1455 1456 1231)  module  (1 1 1)  simpleGrading (1 1 1)
    hex (683 908 909 909 1231 1456 1457 1457)  module  (1 1 1)  simpleGrading (1 1 1)
    hex (683 909 947 946 1231 1457 1495 1494)  module  (1 1 1)  simpleGrading (1 1 1)
    hex (683 946 845 845 1231 1494 1393 1393)  module  (1 1 1)  simpleGrading (1 1 1)
    hex (684 846 1079 1080 1232 1394 1627 1628)  module  (1 1 1)  simpleGrading (1 1 1)
    hex (684 910 943 942 1232 1458 1491 1490)  module  (1 1 1)  simpleGrading (1 1 1)
    hex (684 942 941 846 1232 1490 1489 1394)  module  (1 1 1)  simpleGrading (1 1 1)
    hex (684 1080 1081 910 1232 1628 1629 1458)  module  (1 1 1)  simpleGrading (1 1 1)
    hex (685 686 849 848 1233 1234 1397 1396)  module  (1 1 1)  simpleGrading (1 1 1)
    hex (685 749 911 912 1233 1297 1459 1460)  module  (1 1 1)  simpleGrading (1 1 1)
    hex (685 848 847 749 1233 1396 1395 1297)  module  (1 1 1)  simpleGrading (1 1 1)
    hex (685 912 913 686 1233 1460 1461 1234)  module  (1 1 1)  simpleGrading (1 1 1)
    hex (686 687 850 849 1234 1235 1398 1397)  module  (1 1 1)  simpleGrading (1 1 1)
    hex (686 913 914 687 1234 1461 1462 1235)  module  (1 1 1)  simpleGrading (1 1 1)
    hex (687 914 915 950 1235 1462 1463 1498)  module  (1 1 1)  simpleGrading (1 1 1)
    hex (687 950 951 850 1235 1498 1499 1398)  module  (1 1 1)  simpleGrading (1 1 1)
    hex (688 851 951 950 1236 1399 1499 1498)  module  (1 1 1)  simpleGrading (1 1 1)
    hex (688 852 851 851 1236 1400 1399 1399)  module  (1 1 1)  simpleGrading (1 1 1)
    hex (688 950 915 915 1236 1498 1463 1463)  module  (1 1 1)  simpleGrading (1 1 1)
    hex (689 909 908 928 1237 1457 1456 1476)  module  (1 1 1)  simpleGrading (1 1 1)
    hex (689 948 947 909 1237 1496 1495 1457)  module  (1 1 1)  simpleGrading (1 1 1)
    hex (691 901 902 696 1239 1449 1450 1244)  module  (1 1 1)  simpleGrading (1 1 1)
    hex (691 1055 1054 901 1239 1603 1602 1449)  module  (1 1 1)  simpleGrading (1 1 1)
    hex (692 693 931 930 1240 1241 1479 1478)  module  (1 1 1)  simpleGrading (1 1 1)
    hex (692 881 882 693 1240 1429 1430 1241)  module  (1 1 1)  simpleGrading (1 1 1)
    hex (692 906 905 881 1240 1454 1453 1429)  module  (1 1 1)  simpleGrading (1 1 1)
    hex (692 930 907 906 1240 1478 1455 1454)  module  (1 1 1)  simpleGrading (1 1 1)
    hex (693 694 932 931 1241 1242 1480 1479)  module  (1 1 1)  simpleGrading (1 1 1)
    hex (693 882 883 694 1241 1430 1431 1242)  module  (1 1 1)  simpleGrading (1 1 1)
    hex (694 716 933 932 1242 1264 1481 1480)  module  (1 1 1)  simpleGrading (1 1 1)
    hex (694 883 884 716 1242 1431 1432 1264)  module  (1 1 1)  simpleGrading (1 1 1)
    hex (695 698 935 934 1243 1246 1483 1482)  module  (1 1 1)  simpleGrading (1 1 1)
    hex (695 885 886 698 1243 1433 1434 1246)  module  (1 1 1)  simpleGrading (1 1 1)
    hex (695 934 987 986 1243 1482 1535 1534)  module  (1 1 1)  simpleGrading (1 1 1)
    hex (695 986 985 885 1243 1534 1533 1433)  module  (1 1 1)  simpleGrading (1 1 1)
    hex (696 738 739 739 1244 1286 1287 1287)  module  (1 1 1)  simpleGrading (1 1 1)
    hex (696 739 740 707 1244 1287 1288 1255)  module  (1 1 1)  simpleGrading (1 1 1)
    hex (696 902 738 738 1244 1450 1286 1286)  module  (1 1 1)  simpleGrading (1 1 1)
    hex (697 739 738 859 1245 1287 1286 1407)  module  (1 1 1)  simpleGrading (1 1 1)
    hex (697 859 860 702 1245 1407 1408 1250)  module  (1 1 1)  simpleGrading (1 1 1)
    hex (698 699 936 935 1246 1247 1484 1483)  module  (1 1 1)  simpleGrading (1 1 1)
    hex (698 886 887 699 1246 1434 1435 1247)  module  (1 1 1)  simpleGrading (1 1 1)
    hex (699 700 937 936 1247 1248 1485 1484)  module  (1 1 1)  simpleGrading (1 1 1)
    hex (699 887 888 700 1247 1435 1436 1248)  module  (1 1 1)  simpleGrading (1 1 1)
    hex (700 888 964 963 1248 1436 1512 1511)  module  (1 1 1)  simpleGrading (1 1 1)
    hex (700 963 938 937 1248 1511 1486 1485)  module  (1 1 1)  simpleGrading (1 1 1)
    hex (701 889 890 890 1249 1437 1438 1438)  module  (1 1 1)  simpleGrading (1 1 1)
    hex (701 938 963 963 1249 1486 1511 1511)  module  (1 1 1)  simpleGrading (1 1 1)
    hex (701 963 964 889 1249 1511 1512 1437)  module  (1 1 1)  simpleGrading (1 1 1)
    hex (702 860 861 703 1250 1408 1409 1251)  module  (1 1 1)  simpleGrading (1 1 1)
    hex (703 861 862 822 1251 1409 1410 1370)  module  (1 1 1)  simpleGrading (1 1 1)
    hex (704 863 864 705 1252 1411 1412 1253)  module  (1 1 1)  simpleGrading (1 1 1)
    hex (704 1025 1024 863 1252 1573 1572 1411)  module  (1 1 1)  simpleGrading (1 1 1)
    hex (705 864 865 706 1253 1412 1413 1254)  module  (1 1 1)  simpleGrading (1 1 1)
    hex (707 740 741 708 1255 1288 1289 1256)  module  (1 1 1)  simpleGrading (1 1 1)
    hex (708 741 975 709 1256 1289 1523 1257)  module  (1 1 1)  simpleGrading (1 1 1)
    hex (709 742 983 983 1257 1290 1531 1531)  module  (1 1 1)  simpleGrading (1 1 1)
    hex (709 975 742 742 1257 1523 1290 1290)  module  (1 1 1)  simpleGrading (1 1 1)
    hex (709 983 984 715 1257 1531 1532 1263)  module  (1 1 1)  simpleGrading (1 1 1)
    hex (710 743 744 711 1258 1291 1292 1259)  module  (1 1 1)  simpleGrading (1 1 1)
    hex (710 983 742 743 1258 1531 1290 1291)  module  (1 1 1)  simpleGrading (1 1 1)
    hex (711 744 745 712 1259 1292 1293 1260)  module  (1 1 1)  simpleGrading (1 1 1)
    hex (712 745 746 713 1260 1293 1294 1261)  module  (1 1 1)  simpleGrading (1 1 1)
    hex (713 746 967 966 1261 1294 1515 1514)  module  (1 1 1)  simpleGrading (1 1 1)
    hex (714 769 770 990 1262 1317 1318 1538)  module  (1 1 1)  simpleGrading (1 1 1)
    hex (714 990 747 747 1262 1538 1295 1295)  module  (1 1 1)  simpleGrading (1 1 1)
    hex (715 984 1059 1058 1263 1532 1607 1606)  module  (1 1 1)  simpleGrading (1 1 1)
    hex (716 884 985 986 1264 1432 1533 1534)  module  (1 1 1)  simpleGrading (1 1 1)
    hex (716 986 987 933 1264 1534 1535 1481)  module  (1 1 1)  simpleGrading (1 1 1)
    hex (717 933 987 988 1265 1481 1535 1536)  module  (1 1 1)  simpleGrading (1 1 1)
    hex (719 720 1002 1001 1267 1268 1550 1549)  module  (1 1 1)  simpleGrading (1 1 1)
    hex (719 1001 1000 724 1267 1549 1548 1272)  module  (1 1 1)  simpleGrading (1 1 1)
    hex (720 721 1008 1007 1268 1269 1556 1555)  module  (1 1 1)  simpleGrading (1 1 1)
    hex (720 1007 1003 1002 1268 1555 1551 1550)  module  (1 1 1)  simpleGrading (1 1 1)
    hex (721 722 1009 1008 1269 1270 1557 1556)  module  (1 1 1)  simpleGrading (1 1 1)
    hex (722 723 1010 1009 1270 1271 1558 1557)  module  (1 1 1)  simpleGrading (1 1 1)
    hex (723 732 1011 1010 1271 1280 1559 1558)  module  (1 1 1)  simpleGrading (1 1 1)
    hex (724 1000 999 725 1272 1548 1547 1273)  module  (1 1 1)  simpleGrading (1 1 1)
    hex (725 999 998 726 1273 1547 1546 1274)  module  (1 1 1)  simpleGrading (1 1 1)
    hex (726 918 919 727 1274 1466 1467 1275)  module  (1 1 1)  simpleGrading (1 1 1)
    hex (726 998 918 918 1274 1546 1466 1466)  module  (1 1 1)  simpleGrading (1 1 1)
    hex (727 919 920 920 1275 1467 1468 1468)  module  (1 1 1)  simpleGrading (1 1 1)
    hex (727 920 921 728 1275 1468 1469 1276)  module  (1 1 1)  simpleGrading (1 1 1)
    hex (728 921 922 729 1276 1469 1470 1277)  module  (1 1 1)  simpleGrading (1 1 1)
    hex (729 922 923 730 1277 1470 1471 1278)  module  (1 1 1)  simpleGrading (1 1 1)
    hex (730 923 954 955 1278 1471 1502 1503)  module  (1 1 1)  simpleGrading (1 1 1)
    hex (731 791 1044 1043 1279 1339 1592 1591)  module  (1 1 1)  simpleGrading (1 1 1)
    hex (731 1043 927 927 1279 1591 1475 1475)  module  (1 1 1)  simpleGrading (1 1 1)
    hex (732 959 1012 1011 1280 1507 1560 1559)  module  (1 1 1)  simpleGrading (1 1 1)
    hex (733 734 1018 1017 1281 1282 1566 1565)  module  (1 1 1)  simpleGrading (1 1 1)
    hex (733 1017 1016 794 1281 1565 1564 1342)  module  (1 1 1)  simpleGrading (1 1 1)
    hex (734 735 1019 1018 1282 1283 1567 1566)  module  (1 1 1)  simpleGrading (1 1 1)
    hex (736 800 916 917 1284 1348 1464 1465)  module  (1 1 1)  simpleGrading (1 1 1)
    hex (736 917 918 998 1284 1465 1466 1546)  module  (1 1 1)  simpleGrading (1 1 1)
    hex (737 738 902 903 1285 1286 1450 1451)  module  (1 1 1)  simpleGrading (1 1 1)
    hex (737 903 904 842 1285 1451 1452 1390)  module  (1 1 1)  simpleGrading (1 1 1)
    hex (742 975 976 866 1290 1523 1524 1414)  module  (1 1 1)  simpleGrading (1 1 1)
    hex (747 990 991 873 1295 1538 1539 1421)  module  (1 1 1)  simpleGrading (1 1 1)
    hex (748 920 919 939 1296 1468 1467 1487)  module  (1 1 1)  simpleGrading (1 1 1)
    hex (748 939 940 805 1296 1487 1488 1353)  module  (1 1 1)  simpleGrading (1 1 1)
    hex (749 847 941 942 1297 1395 1489 1490)  module  (1 1 1)  simpleGrading (1 1 1)
    hex (749 942 943 911 1297 1490 1491 1459)  module  (1 1 1)  simpleGrading (1 1 1)
    hex (750 911 943 944 1298 1459 1491 1492)  module  (1 1 1)  simpleGrading (1 1 1)
    hex (752 809 1084 1085 1300 1357 1632 1633)  module  (1 1 1)  simpleGrading (1 1 1)
    hex (752 924 954 953 1300 1472 1502 1501)  module  (1 1 1)  simpleGrading (1 1 1)
    hex (752 953 952 809 1300 1501 1500 1357)  module  (1 1 1)  simpleGrading (1 1 1)
    hex (752 1085 1086 924 1300 1633 1634 1472)  module  (1 1 1)  simpleGrading (1 1 1)
    hex (753 754 956 955 1301 1302 1504 1503)  module  (1 1 1)  simpleGrading (1 1 1)
    hex (753 924 1086 1087 1301 1472 1634 1635)  module  (1 1 1)  simpleGrading (1 1 1)
    hex (753 955 954 924 1301 1503 1502 1472)  module  (1 1 1)  simpleGrading (1 1 1)
    hex (753 1087 1088 754 1301 1635 1636 1302)  module  (1 1 1)  simpleGrading (1 1 1)
    hex (754 755 957 956 1302 1303 1505 1504)  module  (1 1 1)  simpleGrading (1 1 1)
    hex (754 1088 1089 755 1302 1636 1637 1303)  module  (1 1 1)  simpleGrading (1 1 1)
    hex (755 756 958 957 1303 1304 1506 1505)  module  (1 1 1)  simpleGrading (1 1 1)
    hex (755 1089 1090 756 1303 1637 1638 1304)  module  (1 1 1)  simpleGrading (1 1 1)
    hex (756 757 959 958 1304 1305 1507 1506)  module  (1 1 1)  simpleGrading (1 1 1)
    hex (756 1090 1091 757 1304 1638 1639 1305)  module  (1 1 1)  simpleGrading (1 1 1)
    hex (757 1013 1012 959 1305 1561 1560 1507)  module  (1 1 1)  simpleGrading (1 1 1)
    hex (757 1091 1092 1013 1305 1639 1640 1561)  module  (1 1 1)  simpleGrading (1 1 1)
    hex (758 759 961 960 1306 1307 1509 1508)  module  (1 1 1)  simpleGrading (1 1 1)
    hex (758 960 1012 1013 1306 1508 1560 1561)  module  (1 1 1)  simpleGrading (1 1 1)
    hex (758 1013 1092 1093 1306 1561 1640 1641)  module  (1 1 1)  simpleGrading (1 1 1)
    hex (758 1093 1094 759 1306 1641 1642 1307)  module  (1 1 1)  simpleGrading (1 1 1)
    hex (759 760 962 961 1307 1308 1510 1509)  module  (1 1 1)  simpleGrading (1 1 1)
    hex (759 1094 1095 760 1307 1642 1643 1308)  module  (1 1 1)  simpleGrading (1 1 1)
    hex (761 762 813 812 1309 1310 1361 1360)  module  (1 1 1)  simpleGrading (1 1 1)
    hex (761 812 925 926 1309 1360 1473 1474)  module  (1 1 1)  simpleGrading (1 1 1)
    hex (761 926 927 1043 1309 1474 1475 1591)  module  (1 1 1)  simpleGrading (1 1 1)
    hex (761 1043 1044 762 1309 1591 1592 1310)  module  (1 1 1)  simpleGrading (1 1 1)
    hex (762 763 814 813 1310 1311 1362 1361)  module  (1 1 1)  simpleGrading (1 1 1)
    hex (762 1044 1045 763 1310 1592 1593 1311)  module  (1 1 1)  simpleGrading (1 1 1)
    hex (763 764 815 814 1311 1312 1363 1362)  module  (1 1 1)  simpleGrading (1 1 1)
    hex (763 1045 1046 764 1311 1593 1594 1312)  module  (1 1 1)  simpleGrading (1 1 1)
    hex (764 765 816 815 1312 1313 1364 1363)  module  (1 1 1)  simpleGrading (1 1 1)
    hex (764 1046 1047 765 1312 1594 1595 1313)  module  (1 1 1)  simpleGrading (1 1 1)
    hex (765 1015 1014 816 1313 1563 1562 1364)  module  (1 1 1)  simpleGrading (1 1 1)
    hex (765 1047 1048 1015 1313 1595 1596 1563)  module  (1 1 1)  simpleGrading (1 1 1)
    hex (766 767 818 817 1314 1315 1366 1365)  module  (1 1 1)  simpleGrading (1 1 1)
    hex (766 817 1014 1015 1314 1365 1562 1563)  module  (1 1 1)  simpleGrading (1 1 1)
    hex (766 1015 1048 1049 1314 1563 1596 1597)  module  (1 1 1)  simpleGrading (1 1 1)
    hex (766 1049 1050 767 1314 1597 1598 1315)  module  (1 1 1)  simpleGrading (1 1 1)
    hex (767 768 819 818 1315 1316 1367 1366)  module  (1 1 1)  simpleGrading (1 1 1)
    hex (767 1050 1051 768 1315 1598 1599 1316)  module  (1 1 1)  simpleGrading (1 1 1)
    hex (769 1069 1070 770 1317 1617 1618 1318)  module  (1 1 1)  simpleGrading (1 1 1)
    hex (770 771 991 990 1318 1319 1539 1538)  module  (1 1 1)  simpleGrading (1 1 1)
    hex (770 1070 1071 771 1318 1618 1619 1319)  module  (1 1 1)  simpleGrading (1 1 1)
    hex (771 772 992 991 1319 1320 1540 1539)  module  (1 1 1)  simpleGrading (1 1 1)
    hex (771 1071 1072 772 1319 1619 1620 1320)  module  (1 1 1)  simpleGrading (1 1 1)
    hex (772 773 993 992 1320 1321 1541 1540)  module  (1 1 1)  simpleGrading (1 1 1)
    hex (772 1072 1073 773 1320 1620 1621 1321)  module  (1 1 1)  simpleGrading (1 1 1)
    hex (773 832 994 993 1321 1380 1542 1541)  module  (1 1 1)  simpleGrading (1 1 1)
    hex (773 1073 1074 832 1321 1621 1622 1380)  module  (1 1 1)  simpleGrading (1 1 1)
    hex (774 775 996 995 1322 1323 1544 1543)  module  (1 1 1)  simpleGrading (1 1 1)
    hex (774 995 1038 1037 1322 1543 1586 1585)  module  (1 1 1)  simpleGrading (1 1 1)
    hex (774 1037 1075 1076 1322 1585 1623 1624)  module  (1 1 1)  simpleGrading (1 1 1)
    hex (774 1076 1077 775 1322 1624 1625 1323)  module  (1 1 1)  simpleGrading (1 1 1)
    hex (775 776 997 996 1323 1324 1545 1544)  module  (1 1 1)  simpleGrading (1 1 1)
    hex (775 1077 1078 776 1323 1625 1626 1324)  module  (1 1 1)  simpleGrading (1 1 1)
    hex (777 778 892 891 1325 1326 1440 1439)  module  (1 1 1)  simpleGrading (1 1 1)
    hex (777 891 1066 1065 1325 1439 1614 1613)  module  (1 1 1)  simpleGrading (1 1 1)
    hex (777 965 966 778 1325 1513 1514 1326)  module  (1 1 1)  simpleGrading (1 1 1)
    hex (777 1065 1064 965 1325 1613 1612 1513)  module  (1 1 1)  simpleGrading (1 1 1)
    hex (778 779 893 892 1326 1327 1441 1440)  module  (1 1 1)  simpleGrading (1 1 1)
    hex (778 966 967 779 1326 1514 1515 1327)  module  (1 1 1)  simpleGrading (1 1 1)
    hex (779 780 894 893 1327 1328 1442 1441)  module  (1 1 1)  simpleGrading (1 1 1)
    hex (779 967 968 780 1327 1515 1516 1328)  module  (1 1 1)  simpleGrading (1 1 1)
    hex (780 781 895 894 1328 1329 1443 1442)  module  (1 1 1)  simpleGrading (1 1 1)
    hex (780 968 969 781 1328 1516 1517 1329)  module  (1 1 1)  simpleGrading (1 1 1)
    hex (781 782 896 895 1329 1330 1444 1443)  module  (1 1 1)  simpleGrading (1 1 1)
    hex (781 969 970 782 1329 1517 1518 1330)  module  (1 1 1)  simpleGrading (1 1 1)
    hex (782 829 897 896 1330 1377 1445 1444)  module  (1 1 1)  simpleGrading (1 1 1)
    hex (782 970 971 829 1330 1518 1519 1377)  module  (1 1 1)  simpleGrading (1 1 1)
    hex (783 784 899 898 1331 1332 1447 1446)  module  (1 1 1)  simpleGrading (1 1 1)
    hex (783 898 1036 1035 1331 1446 1584 1583)  module  (1 1 1)  simpleGrading (1 1 1)
    hex (783 972 973 784 1331 1520 1521 1332)  module  (1 1 1)  simpleGrading (1 1 1)
    hex (783 1035 1034 972 1331 1583 1582 1520)  module  (1 1 1)  simpleGrading (1 1 1)
    hex (784 785 900 899 1332 1333 1448 1447)  module  (1 1 1)  simpleGrading (1 1 1)
    hex (784 973 974 785 1332 1521 1522 1333)  module  (1 1 1)  simpleGrading (1 1 1)
    hex (786 874 875 787 1334 1422 1423 1335)  module  (1 1 1)  simpleGrading (1 1 1)
    hex (787 875 876 833 1335 1423 1424 1381)  module  (1 1 1)  simpleGrading (1 1 1)
    hex (788 877 878 789 1336 1425 1426 1337)  module  (1 1 1)  simpleGrading (1 1 1)
    hex (788 1040 1039 877 1336 1588 1587 1425)  module  (1 1 1)  simpleGrading (1 1 1)
    hex (789 878 879 790 1337 1426 1427 1338)  module  (1 1 1)  simpleGrading (1 1 1)
    hex (791 792 1045 1044 1339 1340 1593 1592)  module  (1 1 1)  simpleGrading (1 1 1)
    hex (792 793 1046 1045 1340 1341 1594 1593)  module  (1 1 1)  simpleGrading (1 1 1)
    hex (793 794 1047 1046 1341 1342 1595 1594)  module  (1 1 1)  simpleGrading (1 1 1)
    hex (794 1016 1048 1047 1342 1564 1596 1595)  module  (1 1 1)  simpleGrading (1 1 1)
    hex (795 796 1050 1049 1343 1344 1598 1597)  module  (1 1 1)  simpleGrading (1 1 1)
    hex (795 1049 1048 1016 1343 1597 1596 1564)  module  (1 1 1)  simpleGrading (1 1 1)
    hex (796 797 1051 1050 1344 1345 1599 1598)  module  (1 1 1)  simpleGrading (1 1 1)
    hex (799 841 842 800 1347 1389 1390 1348)  module  (1 1 1)  simpleGrading (1 1 1)
    hex (800 842 904 916 1348 1390 1452 1464)  module  (1 1 1)  simpleGrading (1 1 1)
    hex (801 843 1052 802 1349 1391 1600 1350)  module  (1 1 1)  simpleGrading (1 1 1)
    hex (801 916 904 843 1349 1464 1452 1391)  module  (1 1 1)  simpleGrading (1 1 1)
    hex (802 844 845 803 1350 1392 1393 1351)  module  (1 1 1)  simpleGrading (1 1 1)
    hex (802 1052 844 844 1350 1600 1392 1392)  module  (1 1 1)  simpleGrading (1 1 1)
    hex (803 845 1079 1079 1351 1393 1627 1627)  module  (1 1 1)  simpleGrading (1 1 1)
    hex (803 1079 846 804 1351 1627 1394 1352)  module  (1 1 1)  simpleGrading (1 1 1)
    hex (804 846 941 940 1352 1394 1489 1488)  module  (1 1 1)  simpleGrading (1 1 1)
    hex (805 847 848 806 1353 1395 1396 1354)  module  (1 1 1)  simpleGrading (1 1 1)
    hex (805 940 941 847 1353 1488 1489 1395)  module  (1 1 1)  simpleGrading (1 1 1)
    hex (806 848 849 807 1354 1396 1397 1355)  module  (1 1 1)  simpleGrading (1 1 1)
    hex (807 849 850 808 1355 1397 1398 1356)  module  (1 1 1)  simpleGrading (1 1 1)
    hex (808 850 951 952 1356 1398 1499 1500)  module  (1 1 1)  simpleGrading (1 1 1)
    hex (809 851 852 1084 1357 1399 1400 1632)  module  (1 1 1)  simpleGrading (1 1 1)
    hex (809 952 951 851 1357 1500 1499 1399)  module  (1 1 1)  simpleGrading (1 1 1)
    hex (810 811 1085 1084 1358 1359 1633 1632)  module  (1 1 1)  simpleGrading (1 1 1)
    hex (810 1084 852 852 1358 1632 1400 1400)  module  (1 1 1)  simpleGrading (1 1 1)
    hex (811 925 1086 1085 1359 1473 1634 1633)  module  (1 1 1)  simpleGrading (1 1 1)
    hex (812 813 1088 1087 1360 1361 1636 1635)  module  (1 1 1)  simpleGrading (1 1 1)
    hex (812 1087 1086 925 1360 1635 1634 1473)  module  (1 1 1)  simpleGrading (1 1 1)
    hex (813 814 1089 1088 1361 1362 1637 1636)  module  (1 1 1)  simpleGrading (1 1 1)
    hex (814 815 1090 1089 1362 1363 1638 1637)  module  (1 1 1)  simpleGrading (1 1 1)
    hex (815 816 1091 1090 1363 1364 1639 1638)  module  (1 1 1)  simpleGrading (1 1 1)
    hex (816 1014 1092 1091 1364 1562 1640 1639)  module  (1 1 1)  simpleGrading (1 1 1)
    hex (817 818 1094 1093 1365 1366 1642 1641)  module  (1 1 1)  simpleGrading (1 1 1)
    hex (817 1093 1092 1014 1365 1641 1640 1562)  module  (1 1 1)  simpleGrading (1 1 1)
    hex (818 819 1095 1094 1366 1367 1643 1642)  module  (1 1 1)  simpleGrading (1 1 1)
    hex (820 830 839 838 1368 1378 1387 1386)  module  (1 1 1)  simpleGrading (1 1 1)
    hex (820 838 1022 1021 1368 1386 1570 1569)  module  (1 1 1)  simpleGrading (1 1 1)
    hex (821 1021 1022 837 1369 1569 1570 1385)  module  (1 1 1)  simpleGrading (1 1 1)
    hex (822 862 1024 1025 1370 1410 1572 1573)  module  (1 1 1)  simpleGrading (1 1 1)
    hex (822 1025 1026 823 1370 1573 1574 1371)  module  (1 1 1)  simpleGrading (1 1 1)
    hex (823 1026 1027 824 1371 1574 1575 1372)  module  (1 1 1)  simpleGrading (1 1 1)
    hex (824 1027 1028 979 1372 1575 1576 1527)  module  (1 1 1)  simpleGrading (1 1 1)
    hex (825 869 1029 1030 1373 1417 1577 1578)  module  (1 1 1)  simpleGrading (1 1 1)
    hex (825 1030 1031 826 1373 1578 1579 1374)  module  (1 1 1)  simpleGrading (1 1 1)
    hex (826 1031 1032 827 1374 1579 1580 1375)  module  (1 1 1)  simpleGrading (1 1 1)
    hex (827 1032 1033 828 1375 1580 1581 1376)  module  (1 1 1)  simpleGrading (1 1 1)
    hex (828 1033 1034 971 1376 1581 1582 1519)  module  (1 1 1)  simpleGrading (1 1 1)
    hex (829 971 1034 1035 1377 1519 1582 1583)  module  (1 1 1)  simpleGrading (1 1 1)
    hex (829 1035 1036 897 1377 1583 1584 1445)  module  (1 1 1)  simpleGrading (1 1 1)
    hex (830 831 840 839 1378 1379 1388 1387)  module  (1 1 1)  simpleGrading (1 1 1)
    hex (832 1037 1038 994 1380 1585 1586 1542)  module  (1 1 1)  simpleGrading (1 1 1)
    hex (832 1074 1075 1037 1380 1622 1623 1585)  module  (1 1 1)  simpleGrading (1 1 1)
    hex (833 876 1039 1040 1381 1424 1587 1588)  module  (1 1 1)  simpleGrading (1 1 1)
    hex (833 1040 1041 834 1381 1588 1589 1382)  module  (1 1 1)  simpleGrading (1 1 1)
    hex (834 1041 1042 835 1382 1589 1590 1383)  module  (1 1 1)  simpleGrading (1 1 1)
    hex (836 837 855 854 1384 1385 1403 1402)  module  (1 1 1)  simpleGrading (1 1 1)
    hex (837 1022 1023 855 1385 1570 1571 1403)  module  (1 1 1)  simpleGrading (1 1 1)
    hex (838 839 857 856 1386 1387 1405 1404)  module  (1 1 1)  simpleGrading (1 1 1)
    hex (838 856 1023 1022 1386 1404 1571 1570)  module  (1 1 1)  simpleGrading (1 1 1)
    hex (839 840 858 857 1387 1388 1406 1405)  module  (1 1 1)  simpleGrading (1 1 1)
    hex (844 1052 1053 880 1392 1600 1601 1428)  module  (1 1 1)  simpleGrading (1 1 1)
    hex (845 946 1080 1079 1393 1494 1628 1627)  module  (1 1 1)  simpleGrading (1 1 1)
    hex (853 854 861 860 1401 1402 1409 1408)  module  (1 1 1)  simpleGrading (1 1 1)
    hex (854 855 862 861 1402 1403 1410 1409)  module  (1 1 1)  simpleGrading (1 1 1)
    hex (855 1023 1024 862 1403 1571 1572 1410)  module  (1 1 1)  simpleGrading (1 1 1)
    hex (856 857 864 863 1404 1405 1412 1411)  module  (1 1 1)  simpleGrading (1 1 1)
    hex (856 863 1024 1023 1404 1411 1572 1571)  module  (1 1 1)  simpleGrading (1 1 1)
    hex (857 858 865 864 1405 1406 1413 1412)  module  (1 1 1)  simpleGrading (1 1 1)
    hex (866 976 977 867 1414 1524 1525 1415)  module  (1 1 1)  simpleGrading (1 1 1)
    hex (867 977 978 868 1415 1525 1526 1416)  module  (1 1 1)  simpleGrading (1 1 1)
    hex (868 978 979 869 1416 1526 1527 1417)  module  (1 1 1)  simpleGrading (1 1 1)
    hex (869 979 1028 1029 1417 1527 1576 1577)  module  (1 1 1)  simpleGrading (1 1 1)
    hex (870 980 981 871 1418 1528 1529 1419)  module  (1 1 1)  simpleGrading (1 1 1)
    hex (870 1029 1028 980 1418 1577 1576 1528)  module  (1 1 1)  simpleGrading (1 1 1)
    hex (871 981 982 872 1419 1529 1530 1420)  module  (1 1 1)  simpleGrading (1 1 1)
    hex (873 991 992 874 1421 1539 1540 1422)  module  (1 1 1)  simpleGrading (1 1 1)
    hex (874 992 993 875 1422 1540 1541 1423)  module  (1 1 1)  simpleGrading (1 1 1)
    hex (875 993 994 876 1423 1541 1542 1424)  module  (1 1 1)  simpleGrading (1 1 1)
    hex (876 994 1038 1039 1424 1542 1586 1587)  module  (1 1 1)  simpleGrading (1 1 1)
    hex (877 995 996 878 1425 1543 1544 1426)  module  (1 1 1)  simpleGrading (1 1 1)
    hex (877 1039 1038 995 1425 1587 1586 1543)  module  (1 1 1)  simpleGrading (1 1 1)
    hex (878 996 997 879 1426 1544 1545 1427)  module  (1 1 1)  simpleGrading (1 1 1)
    hex (880 1053 1054 905 1428 1601 1602 1453)  module  (1 1 1)  simpleGrading (1 1 1)
    hex (881 905 1054 1055 1429 1453 1602 1603)  module  (1 1 1)  simpleGrading (1 1 1)
    hex (881 1055 1056 882 1429 1603 1604 1430)  module  (1 1 1)  simpleGrading (1 1 1)
    hex (882 1056 1057 883 1430 1604 1605 1431)  module  (1 1 1)  simpleGrading (1 1 1)
    hex (883 1057 1058 884 1431 1605 1606 1432)  module  (1 1 1)  simpleGrading (1 1 1)
    hex (884 1058 1059 985 1432 1606 1607 1533)  module  (1 1 1)  simpleGrading (1 1 1)
    hex (885 985 1059 1060 1433 1533 1607 1608)  module  (1 1 1)  simpleGrading (1 1 1)
    hex (885 1060 1061 886 1433 1608 1609 1434)  module  (1 1 1)  simpleGrading (1 1 1)
    hex (886 1061 1062 887 1434 1609 1610 1435)  module  (1 1 1)  simpleGrading (1 1 1)
    hex (887 1062 1063 888 1435 1610 1611 1436)  module  (1 1 1)  simpleGrading (1 1 1)
    hex (888 1063 1064 964 1436 1611 1612 1512)  module  (1 1 1)  simpleGrading (1 1 1)
    hex (889 964 1064 1065 1437 1512 1612 1613)  module  (1 1 1)  simpleGrading (1 1 1)
    hex (889 1065 1066 890 1437 1613 1614 1438)  module  (1 1 1)  simpleGrading (1 1 1)
    hex (890 1066 1067 1067 1438 1614 1615 1615)  module  (1 1 1)  simpleGrading (1 1 1)
    hex (891 892 1069 1068 1439 1440 1617 1616)  module  (1 1 1)  simpleGrading (1 1 1)
    hex (891 1068 1067 1066 1439 1616 1615 1614)  module  (1 1 1)  simpleGrading (1 1 1)
    hex (892 893 1070 1069 1440 1441 1618 1617)  module  (1 1 1)  simpleGrading (1 1 1)
    hex (893 894 1071 1070 1441 1442 1619 1618)  module  (1 1 1)  simpleGrading (1 1 1)
    hex (894 895 1072 1071 1442 1443 1620 1619)  module  (1 1 1)  simpleGrading (1 1 1)
    hex (895 896 1073 1072 1443 1444 1621 1620)  module  (1 1 1)  simpleGrading (1 1 1)
    hex (896 897 1074 1073 1444 1445 1622 1621)  module  (1 1 1)  simpleGrading (1 1 1)
    hex (897 1036 1075 1074 1445 1584 1623 1622)  module  (1 1 1)  simpleGrading (1 1 1)
    hex (898 899 1077 1076 1446 1447 1625 1624)  module  (1 1 1)  simpleGrading (1 1 1)
    hex (898 1076 1075 1036 1446 1624 1623 1584)  module  (1 1 1)  simpleGrading (1 1 1)
    hex (899 900 1078 1077 1447 1448 1626 1625)  module  (1 1 1)  simpleGrading (1 1 1)
    hex (946 947 1081 1080 1494 1495 1629 1628)  module  (1 1 1)  simpleGrading (1 1 1)
    hex (947 948 1082 1081 1495 1496 1630 1629)  module  (1 1 1)  simpleGrading (1 1 1)
);

edges
(
);

boundary
(
    // Free surface z = 0 (lm_cps)
    top
    {
        type patch;
        faces
        (
            (4 32 580 552)
            (5 553 587 39)
            (19 567 568 20)
            (19 381 929 567)
            (20 568 571 23)
            (23 571 576 28)
            (28 576 718 170)
            (32 132 680 580)
            (39 587 751 203)
            (88 397 945 636)
            (88 636 1083 535)
            (132 441 989 680)
            (142 401 949 690)
            (142 690 929 381)
            (170 718 989 441)
            (203 751 945 397)
            (401 535 1083 949)
            (552 580 1128 1100)
            (553 1101 1135 587)
            (567 1115 1116 568)
            (567 929 1477 1115)
            (568 1116 1119 571)
            (571 1119 1124 576)
            (576 1124 1266 718)
            (580 680 1228 1128)
            (587 1135 1299 751)
            (636 945 1493 1184)
            (636 1184 1631 1083)
            (680 989 1537 1228)
            (690 949 1497 1238)
            (690 1238 1477 929)
            (718 1266 1537 989)
            (751 1299 1493 945)
            (949 1083 1631 1497)
        );
    }

    // Sloped ends of the 0.45 mm strip (lm_cps)
    stripEnds
    {
        type patch;
        faces
        (
            (3 4 552 551)
            (5 6 554 553)
            (551 552 1100 1099)
            (553 554 1102 1101)
        );
    }

    // Module underside z = -0.025
    module_bottom
    {
        type wall;
        faces
        (
            (0 104 652 548)
            (1 549 601 53)
            (36 48 596 584)
            (36 584 624 76)
            (33 63 611 581)
            (33 581 677 129)
            (44 458 1006 592)
            (44 592 596 48)
            (53 601 790 242)
            (63 69 617 611)
            (69 426 974 617)
            (76 624 630 82)
            (82 630 962 414)
            (86 249 797 634)
            (86 634 652 104)
            (97 434 982 645)
            (97 645 657 109)
            (109 657 706 158)
            (122 283 831 670)
            (122 670 1006 458)
            (129 677 872 324)
            (158 706 865 317)
            (212 414 962 760)
            (212 760 1095 547)
            (220 271 819 768)
            (220 768 1051 503)
            (228 449 997 776)
            (228 776 1078 530)
            (237 352 900 785)
            (237 785 974 426)
            (242 790 879 331)
            (249 503 1051 797)
            (271 547 1095 819)
            (283 292 840 831)
            (292 310 858 840)
            (310 317 865 858)
            (324 872 982 434)
            (331 879 997 449)
            (352 530 1078 900)
            (548 652 1200 1096)
            (549 1097 1149 601)
            (584 596 1144 1132)
            (584 1132 1172 624)
            (581 611 1159 1129)
            (581 1129 1225 677)
            (592 1006 1554 1140)
            (592 1140 1144 596)
            (601 1149 1338 790)
            (611 617 1165 1159)
            (617 974 1522 1165)
            (624 1172 1178 630)
            (630 1178 1510 962)
            (634 797 1345 1182)
            (634 1182 1200 652)
            (645 982 1530 1193)
            (645 1193 1205 657)
            (657 1205 1254 706)
            (670 831 1379 1218)
            (670 1218 1554 1006)
            (677 1225 1420 872)
            (706 1254 1413 865)
            (760 962 1510 1308)
            (760 1308 1643 1095)
            (768 819 1367 1316)
            (768 1316 1599 1051)
            (776 997 1545 1324)
            (776 1324 1626 1078)
            (785 900 1448 1333)
            (785 1333 1522 974)
            (790 1338 1427 879)
            (797 1051 1599 1345)
            (819 1095 1643 1367)
            (831 840 1388 1379)
            (840 858 1406 1388)
            (858 865 1413 1406)
            (872 1420 1530 982)
            (879 1427 1545 997)
            (900 1078 1626 1448)
        );
    }

    // Module flared and vertical side walls
    module_sides
    {
        type wall;
        faces
        (
            (0 548 583 35)
            (1 34 582 549)
            (2 30 578 550)
            (2 550 835 287)
            (3 551 938 390)
            (6 367 915 554)
            (7 555 648 100)
            (7 187 735 555)
            (25 573 810 262)
            (25 379 927 573)
            (26 574 714 166)
            (26 519 1067 574)
            (30 124 672 578)
            (34 42 590 582)
            (35 583 594 46)
            (40 100 648 588)
            (40 588 731 183)
            (42 494 1042 590)
            (46 594 1019 471)
            (124 199 747 672)
            (140 304 852 688)
            (140 688 915 367)
            (153 701 890 342)
            (153 390 938 701)
            (166 714 747 199)
            (183 731 927 379)
            (187 471 1019 735)
            (262 810 852 304)
            (287 835 1042 494)
            (342 890 1067 519)
            (548 1096 1131 583)
            (549 582 1130 1097)
            (550 578 1126 1098)
            (550 1098 1383 835)
            (551 1099 1486 938)
            (554 915 1463 1102)
            (555 1103 1196 648)
            (555 735 1283 1103)
            (573 1121 1358 810)
            (573 927 1475 1121)
            (574 1122 1262 714)
            (574 1067 1615 1122)
            (578 672 1220 1126)
            (582 590 1138 1130)
            (583 1131 1142 594)
            (588 648 1196 1136)
            (588 1136 1279 731)
            (590 1042 1590 1138)
            (594 1142 1567 1019)
            (672 747 1295 1220)
            (688 852 1400 1236)
            (688 1236 1463 915)
            (701 1249 1438 890)
            (701 938 1486 1249)
            (714 1262 1295 747)
            (731 1279 1475 927)
            (735 1019 1567 1283)
            (810 1358 1400 852)
            (835 1383 1590 1042)
            (890 1438 1615 1067)
        );
    }

);

defaultPatch
{
    name    xFaces;
    type    patch;
}

mergePatchPairs
(
);

// ************************************************************************* //
